Verkooporderregel artikel.Artikel.Artikelcode,Omschrijving_standaard_artikelen,Priority,ArticleType,Aantal_orders_5jr,Totale_kosten_5jr,Aantal_klantlocaties_5jr,Annual_Use,Annual_Use_genormaliseerd,Aandeel_pct,Cumulatief_pct,ABC_categorie,Aandeel,Cumulatief_aandeel,Totaal_orders_5jr,Gem_orders_per_klantlocatie_5jr,Max_orders_op_1_klantlocatie_5jr,Aantal_klantlocaties_met_orders_5jr,Incourant,Artikelcode,Standaard verkoopprijs,Engineering status,Hoofdleverancier.Relatie,Artikelgroep,Inkoopprijs (standaard),Hoofdleverancier.Levertijd,MTBF(years),Hoofdleverancier.Bestelhoeveelheid,Laatste_order_datum,Unnamed: 29
000573585,"Extender pickhead, Str 50, VaDe",Onbekend,Onbekend,18.0,23204.59,3.0,4640.918,1546.972666666667,0.3061236482035458,13.82390250276526,A,0.0030612364820354,0.1382390250276526,18.0,6.0,16.0,3.0,Uitgeschakeld,000573585,0.0,Custom Approved,,170-Purchase parts with machining," 0,00",,0.0,,2026-05-01,
000271261,Servomotor,Onbekend,Onbekend,2.0,6893.25,2.0,1378.65,689.325,0.1364075063152867,33.69823237612942,A,0.0013640750631528,0.3369823237612942,2.0,1.0,1.0,2.0,Uitgeschakeld,000271261,0.0,Custom approved Racupack,Siemens Nederland N.V.,310-Electric motor," 0,00",0 dagen,10.0,1.0,2024-10-24,
000573691,"Extender pickhead, Str 50, sp, VaDe",Onbekend,Onbekend,12.0,7064.75,3.0,1412.95,470.9833333333333,0.0932008298205656,47.12563187040648,A,0.0009320082982056,0.4712563187040648,12.0,4.0,10.0,3.0,Uitgeschakeld,000573691,0.0,Custom Approved,,170-Purchase parts with machining," 0,00",,2.0,,2026-04-16,
000568550,"Seal, O-Ring",4,Not Recommended,3.0,32.53,2.0,6.506,3.253,0.0006437219280363,99.98442828476828,C,6.437219280363073e-06,0.9998442828476828,3.0,1.5,2.0,2.0,Uitgeschakeld,000568550,1.24,Custom Approved,Eriks B.V.,700-General parts," 0,62",0 dagen,2.0,0.0,2022-09-23,
000271349,Pressure spring,2,Wear,3.0,58.63,1.0,11.726,11.726,0.0023204068023835,99.65347146245313,C,2.320406802383566e-05,0.9965347146245312,3.0,3.0,3.0,1.0,Uitgeschakeld,000271349,2.14,Custom approved Racupack,Wurth Nederland B.V.,700-General parts," 1,07",0 dagen,5.0,1.0,2024-11-25,
000466335,"Spring, torsion",2,Wear,4.0,2162.87,3.0,432.574,144.1913333333333,0.0285333916690621,83.22107998460172,B,0.0002853339166906,0.8322107998460171,4.0,1.333333333333333,2.0,3.0,Uitgeschakeld,000466335,2.76,Custom Approved,Amatec B.V.,700-General parts," 6,25",0 dagen,5.0,0.0,2026-02-11,
000556302,compression spring,2,Wear,1.0,104.72,1.0,20.944,20.944,0.0041445164650453,99.05436808451876,C,4.144516465045318e-05,0.9905436808451876,1.0,1.0,1.0,1.0,Uitgeschakeld,000556302,4.04,Custom Approved,ATV Springs,700-General parts," 2,02",0 dagen,5.0,0.0,2024-05-20,
SPRICOMP-00000005,Compression spring,2,Wear,3.0,37.41,2.0,7.482000000000001,3.741000000000001,0.0007402901115228,99.97762953473878,C,7.402901115228485e-06,0.999776295347388,3.0,1.5,2.0,2.0,Uitgeschakeld,SPRICOMP-00000005,4.1,Custom approved,Amatec B.V.,700-General parts," 2,36",0 dagen,5.0,1.0,2026-01-26,
SPRICOMP-00000006,Compression spring,2,Wear,6.0,689.1,3.0,137.82,45.94,0.0090908654700239,97.446904759814,C,9.090865470023964e-05,0.97446904759814,6.0,2.0,4.0,3.0,Uitgeschakeld,SPRICOMP-00000006,4.38,Custom approved,Amatec B.V.,700-General parts," 2,19",0 dagen,5.0,1.0,2025-04-25,
000501718,Toothed belt endless,3,Wear,1.0,14.64,1.0,2.928,2.928,0.0005794091009192,99.98744163754716,C,5.794091009192462e-06,0.9998744163754716,1.0,1.0,1.0,1.0,Uitgeschakeld,000501718,4.48,Custom Approved,Ammertech B.V.,360-Drive belt," 1,53",0 dagen,3.0,0.0,2023-02-13,
SPRICOMP-00000013,Compression spring,2,Wear,1.0,494.0,1.0,98.8,98.8,0.0195510994435865,90.01680651510436,B,0.0001955109944358,0.9001680651510436,1.0,1.0,1.0,1.0,Uitgeschakeld,SPRICOMP-00000013,4.52,Custom approved,Amatec B.V.,700-General parts," 2,26",0 dagen,5.0,1.0,2022-05-05,
SPRIEXTE-00000003,"Spring, tension",2,Wear,6.0,685.36,5.0,137.072,27.4144,0.0054249155929783,98.66761952062676,C,5.424915592978342e-05,0.9866761952062676,6.0,1.2,2.0,5.0,Uitgeschakeld,SPRIEXTE-00000003,4.66,Standard Approved,Amatec B.V.,700-General parts," 3,03",0 dagen,5.0,1.0,2026-02-27,
000468318,Trekveer,2,Wear,1.0,120.0,1.0,24.0,24.0,0.0047492549255675,98.88757854219983,C,4.749254925567592e-05,0.9888757854219984,1.0,1.0,1.0,1.0,Uitgeschakeld,000468318,5.0,Custom Approved,ATV Springs,700-General parts," 7,95",0 dagen,5.0,0.0,2026-01-08,
VEEDAMASP10357,Compression spring,2,Wear,3.0,97.54,1.0,19.508,19.508,0.0038603527119988,99.1700141924145,C,3.860352711998858e-05,0.991700141924145,3.0,3.0,3.0,1.0,Uitgeschakeld,VEEDAMASP10357,5.18,Custom approved,Amatec B.V.,700-General parts," 2,59",15 dagen,5.0,50.0,2023-12-29,
000332014,Toothed belt endless,3,Wear,1.0,4.24,1.0,0.8480000000000001,0.8480000000000001,0.00016780700737,99.9999026402742,C,1.678070073700549e-06,0.999999026402742,1.0,1.0,1.0,1.0,Uitgeschakeld,000332014,5.32,Custom Approved,Ammertech B.V.,360-Drive belt," 2,66",0 dagen,3.0,1.0,2024-05-15,
RIETPIR0265-5M-25,Gear belt,3,Wear,1.0,20.62,1.0,4.124000000000001,4.124000000000001,0.00081608030471,99.97154230916168,C,8.160803047100314e-06,0.9997154230916168,1.0,1.0,1.0,1.0,Uitgeschakeld,RIETPIR0265-5M-25,5.8,Custom approved,Ammertech B.V.,360-Drive belt," 2,90",21 dagen,5.0,1.0,2024-08-29,
VEEDSPED21848T,Compression spring,2,Wear,1.0,107.04,1.0,21.408,21.408,0.0042363353936062,99.01675511345634,C,4.236335393606292e-05,0.9901675511345636,1.0,1.0,1.0,1.0,Uitgeschakeld,VEEDSPED21848T,6.04,Custom approved,Amatec B.V.,700-General parts," 3,02",21 dagen,5.0,10.0,2026-01-29,
000544120,Toothed belt endless,3,Wear,1.0,20.8,1.0,4.16,4.16,0.0008232041870983,99.9690865485939,C,8.232041870983826e-06,0.9996908654859392,1.0,1.0,1.0,1.0,Geselecteerd,000544120,6.36,Custom Approved,Ammertech B.V.,360-Drive belt," 3,18",0 dagen,3.0,0.0,2023-02-13,
RIETGAT0375-5MR9,Toothed belt endless,3,Wear,2.0,12.12,2.0,2.424,1.212,0.0002398373737411,99.99890292211236,C,2.398373737411634e-06,0.9999890292211236,2.0,1.0,1.0,2.0,Uitgeschakeld,RIETGAT0375-5MR9,6.36,Custom Approved,Ammertech B.V.,360-Drive belt," 3,20",21 dagen,3.0,1.0,2024-12-06,
000271347,Pressure spring inox,2,Wear,1.0,20.76,1.0,4.152,4.152,0.0008216211021231,99.96990816969604,C,8.216211021231934e-06,0.9996990816969604,1.0,1.0,1.0,1.0,Uitgeschakeld,000271347,6.8,Custom approved Racupack,Amatec B.V.,700-General parts," 3,40",0 dagen,5.0,1.0,2024-03-08,
000367613,Drukveer C0600-049-2250M Lo=57.15,2,Wear,4.0,167.92,1.0,33.584,33.584,0.0066457907258442,98.29630979031556,C,6.64579072584425e-05,0.9829630979031556,4.0,4.0,4.0,1.0,Uitgeschakeld,000367613,6.9,Custom approved,Amatec B.V.,700-General parts," 3,45",0 dagen,5.0,1.0,2025-04-02,
RIETGAT0330-5M-09,Toothed belt endless,3,Wear,3.0,17.25,3.0,3.45,1.15,0.0002275684651834,99.99913049057754,C,2.275684651834471e-06,0.9999913049057756,3.0,1.0,1.0,3.0,Uitgeschakeld,RIETGAT0330-5M-09,7.02,Standard Approved,Ammertech B.V.,360-Drive belt," 3,51",21 dagen,5.0,1.0,2025-01-31,
000635618,Toothed belt endless,3,Wear,1.0,5.59,1.0,1.118,1.118,0.0002212361252826,99.99935172670284,C,2.212361252826903e-06,0.9999935172670285,1.0,1.0,1.0,1.0,Uitgeschakeld,000635618,7.02,Custom Approved,Ammertech B.V.,360-Drive belt," 3,51",0 dagen,5.0,0.0,2024-05-15,
000271228,Toothed belt endless,3,Wear,4.0,38.13,4.0,7.626,1.9065,0.0003772689381497,99.99632775076417,C,3.772689381497756e-06,0.9999632775076416,4.0,1.0,1.0,4.0,Uitgeschakeld,000271228,7.12,Custom Approved,Ammertech B.V.,360-Drive belt," 3,59",0 dagen,5.0,1.0,2025-07-15,
000792063,Toothed belt endless,3,Wear,1.0,6.76,1.0,1.352,1.352,0.0002675413608069,99.99789779507688,C,2.675413608069743e-06,0.9999789779507688,1.0,1.0,1.0,1.0,Geselecteerd,000792063,7.12,Custom Approved,Ammertech B.V.,360-Drive belt," 3,56",0 dagen,5.0,0.0,2025-09-26,
000543761,Toothed belt endless,3,Wear,1.0,6.19,1.0,1.238,1.238,0.0002449823999105,99.99866308473862,C,2.449823999105283e-06,0.9999866308473864,1.0,1.0,1.0,1.0,Uitgeschakeld,000543761,7.12,Custom Approved,Ammertech B.V.,360-Drive belt," 3,56",0 dagen,3.0,0.0,2024-09-05,
000253623,Tension spring,2,Wear,1.0,11.63,1.0,2.326,2.326,0.0004602819565362,99.99424724070124,C,4.602819565362591e-06,0.9999424724070124,1.0,1.0,1.0,1.0,Uitgeschakeld,000253623,7.28,Custom approved,Amatec B.V.,700-General parts," 3,64",0 dagen,5.0,1.0,2022-03-18,
000292392,Toothed belt endless,3,Wear,1.0,6.62,1.0,1.324,1.324,0.0002620005633938,99.99815979564026,C,2.620005633938122e-06,0.9999815979564026,1.0,1.0,1.0,1.0,Uitgeschakeld,000292392,7.6,Custom Approved Racupack,Ammertech B.V.,360-Drive belt," 3,80",0 dagen,3.0,1.0,2023-10-25,
000428313,Suction cup fitting,2,Consumable,1.0,129.8,1.0,25.96,25.96,0.0051371107444889,98.7680224364427,C,5.137110744488945e-05,0.987680224364427,1.0,1.0,1.0,1.0,Uitgeschakeld,000428313,7.68,Custom Approved,Technisch Buro Hemmes,560-Vacuum component," 3,84",0 dagen,4.0,1.0,2024-03-25,
BELTVMUL-00000001,PolyVee belt endless,3,Wear,3.0,68.3,2.0,13.66,6.83,0.0013515587975677,99.87549459621016,C,1.351558797567777e-05,0.9987549459621016,3.0,1.5,2.0,2.0,Uitgeschakeld,BELTVMUL-00000001,7.72,Custom Approved,Ammertech B.V.,360-Drive belt," 3,86",0 dagen,5.0,1.0,2024-12-04,
000309533,Pressure spring,2,Wear,1.0,0.0,1.0,0.0,0.0,0.0,100.0000000000002,C,0.0,1.000000000000002,1.0,1.0,1.0,1.0,Uitgeschakeld,000309533,7.94,Custom approved Racupack,Amatec B.V.,700-General parts," 3,97",0 dagen,5.0,1.0,2023-01-20,
SPRICOMP-00000004,Compression spring,2,Wear,1.0,306.28,1.0,61.25599999999999,61.25599999999999,0.0121216816550236,95.98959460016162,C,0.0001212168165502,0.9598959460016162,1.0,1.0,1.0,1.0,Uitgeschakeld,SPRICOMP-00000004,8.06,Custom approved,Amatec B.V.,700-General parts," 3,85",0 dagen,5.0,1.0,2026-02-27,
SPRITORS-00000001,Torsieveer,2,Wear,3.0,251.6,2.0,50.32,25.16,0.00497880224697,98.83877868985248,C,4.978802246970025e-05,0.9883877868985248,3.0,1.5,2.0,2.0,Uitgeschakeld,SPRITORS-00000001,8.12,Custom approved,Amatec B.V.,700-General parts," 4,06",0 dagen,5.0,1.0,2023-06-23,
000504807,Torsieveer,2,Wear,1.0,760.0,1.0,152.0,152.0,0.0300786145285947,82.10739682765893,B,0.0003007861452859,0.8210739682765893,1.0,1.0,1.0,1.0,Uitgeschakeld,000504807,8.42,Custom Approved,Amatec B.V.,700-General parts," 2,85",0 dagen,5.0,0.0,2025-08-22,
000316297,"Spring, pressure",2,Wear,10.0,120.35,8.0,24.07,3.00875,0.0005953883648875,99.9862800489466,C,5.953883648875622e-06,0.999862800489466,10.0,1.25,2.0,8.0,Uitgeschakeld,000316297,8.44,Custom Approved Racupack,Amatec B.V.,700-General parts," 4,22",0 dagen,5.0,1.0,2025-10-30,
000221375,Pressure spring,2,Wear,1.0,11.92,1.0,2.384,2.384,0.0004717593226063,99.99378695874468,C,4.717593226063808e-06,0.9999378695874468,1.0,1.0,1.0,1.0,Uitgeschakeld,000221375,8.44,Custom approved,Amatec B.V.,700-General parts," 4,22",0 dagen,5.0,1.0,2023-10-11,
000283251,"Spring, pressure",2,Wear,3.0,19.58,3.0,3.915999999999999,1.305333333333333,0.0002583066984517,99.99841810233872,C,2.58306698451704e-06,0.9999841810233872,3.0,1.0,1.0,3.0,Uitgeschakeld,000283251,8.44,Custom Approved Racupack,Amatec B.V.,700-General parts," 4,22",0 dagen,5.0,1.0,2026-01-19,
000271540,Toothed belt endless,3,Wear,1.0,13.15,1.0,2.63,2.63,0.0005204391855934,99.99130022907713,C,5.204391855934486e-06,0.9999130022907712,1.0,1.0,1.0,1.0,Uitgeschakeld,000271540,8.46,Custom Approved,Ammertech B.V.,360-Drive belt," 4,26",0 dagen,5.0,1.0,2023-02-27,
000534574,Toothed belt endless,3,Wear,6.0,50.23,4.0,10.046,2.5115,0.0004969897393984,99.99282127690982,C,4.969897393984587e-06,0.9999282127690984,6.0,1.5,2.0,4.0,Uitgeschakeld,000534574,8.58,Custom Approved,Ammertech B.V.,360-Drive belt," 4,29",0 dagen,3.0,0.0,2025-10-08,
000357018,"Spring, tension",2,Wear,2.0,105.13,1.0,21.026,21.026,0.004160743086041,99.0419159338752,C,4.160743086041008e-05,0.990419159338752,2.0,2.0,2.0,1.0,Uitgeschakeld,000357018,8.6,Custom Approved,Amatec B.V.,700-General parts," 5,33",0 dagen,5.0,1.0,2025-09-04,
000507698,Toothed belt endless,3,Wear,2.0,16.77,1.0,3.354000000000001,3.354000000000001,0.000663708375848,99.9831398514841,C,6.637083758480711e-06,0.9998313985148408,2.0,2.0,2.0,1.0,Uitgeschakeld,000507698,8.6,Custom Approved,Ammertech B.V.,360-Drive belt," 4,30",0 dagen,3.0,0.0,2023-04-27,
VEEDSPE12570,Drukveer,2,Wear,9.0,169.54,7.0,33.908,4.844,0.000958557952477,99.95210095928272,C,9.58557952477059e-06,0.9995210095928272,9.0,1.285714285714286,2.0,7.0,Uitgeschakeld,VEEDSPE12570,8.64,Standard Approved,Amatec B.V.,700-General parts," 4,32",21 dagen,5.0,1.0,2025-12-15,
RIETGAT225-5M15,Toothed belt endless,3,Wear,1.0,202.2,1.0,40.44,40.44,0.0080024945495813,97.87152163083236,C,8.002494549581392e-05,0.9787152163083236,1.0,1.0,1.0,1.0,Uitgeschakeld,RIETGAT225-5M15,8.88,Custom Approved,Ammertech B.V.,360-Drive belt," 4,44",0 dagen,5.0,1.0,2022-04-08,
VEEDSPE36004015#A,Compression spring,2,Wear,5.0,520.12,3.0,104.024,34.67466666666667,0.0068616179774617,98.2420505721556,C,6.86161797746171e-05,0.982420505721556,5.0,1.666666666666667,2.0,3.0,Uitgeschakeld,VEEDSPE36004015#A,8.96,Custom approved,Amatec B.V.,700-General parts," 2,64",0 dagen,5.0,1.0,2026-02-25,
000389811,"Spring, torsion",2,Wear,6.0,464.8099999999999,4.0,92.962,23.2405,0.0045989607957355,98.92016335064568,C,4.598960795735567e-05,0.9892016335064566,6.0,1.5,3.0,4.0,Uitgeschakeld,000389811,8.96,Custom Approved,Amatec B.V.,700-General parts," 4,06",0 dagen,5.0,1.0,2025-12-30,
000444705,"Spring, pressure",2,Wear,4.0,17.8,4.0,3.56,0.89,0.0001761182034897,99.99973483326684,C,1.761182034897982e-06,0.9999973483326684,4.0,1.0,1.0,4.0,Uitgeschakeld,000444705,8.96,Standard Approved,Amatec B.V.,700-General parts," 4,09",0 dagen,5.0,0.0,2024-09-16,
000422093,Drukveer,2,Wear,4.0,29.93,4.0,5.986,1.4965,0.0002961358331713,99.99763025371608,C,2.961358331713292e-06,0.9999763025371606,4.0,1.0,1.0,4.0,Uitgeschakeld,000422093,9.12,Custom approved,Amatec B.V.,700-General parts," 5,24",0 dagen,5.0,1.0,2025-02-07,
000379727,"Drukveer Do=27,94 Lo=38,1 d=2,44 St",2,Wear,1.0,148.32,1.0,29.664,29.664,0.0058700790880015,98.47049685047634,C,5.870079088001543e-05,0.9847049685047634,1.0,1.0,1.0,1.0,Uitgeschakeld,000379727,9.22,Custom approved,Amatec B.V.,700-General parts," 4,61",0 dagen,5.0,1.0,2022-04-27,
RIETPIR0500-5M-15,Toothed belt endless,3,Wear,68.0,1383.99,46.0,276.798,6.017347826086956,0.0011907466167457,99.9150883692431,C,1.190746616745705e-05,0.9991508836924308,68.0,1.478260869565217,4.0,46.0,Uitgeschakeld,RIETPIR0500-5M-15,9.54,Standard Approved,Ammertech B.V.,360-Drive belt," 4,81",21 dagen,3.0,1.0,2026-02-25,
000519217,"Spring, tension",2,Wear,2.0,10.46,2.0,2.092,1.046,0.0002069883605059,99.99955871506334,C,2.069883605059875e-06,0.9999955871506334,2.0,1.0,1.0,2.0,Uitgeschakeld,000519217,9.54,Standard Approved,Amatec B.V.,700-General parts," 4,77",0 dagen,5.0,0.0,2025-05-12,
RIETPIR0375-5M-15,Toothed belt endless,3,Wear,7.0,142.4,5.0,28.48,5.696,0.0011271565023347,99.92896221374612,C,1.127156502334708e-05,0.9992896221374612,7.0,1.4,3.0,5.0,Uitgeschakeld,RIETPIR0375-5M-15,9.56,Custom Approved,Ammertech B.V.,360-Drive belt," 4,82",21 dagen,3.0,1.0,2025-11-25,
RIETPIR0965-5M-25,Toothed belt endless,3,Wear,2.0,207.49,2.0,41.498,20.749,0.004105928768775,99.06671852195272,C,4.105928768775082e-05,0.9906671852195272,2.0,1.0,1.0,2.0,Uitgeschakeld,RIETPIR0965-5M-25,9.68,Custom Approved,Ammertech B.V.,360-Drive belt," 4,84",21 dagen,5.0,1.0,2023-03-17,
000392577,Suction cup fitting,2,Consumable,1.0,40.95,1.0,8.190000000000001,8.190000000000001,0.0016206832433499,99.80762449554148,C,1.620683243349941e-05,0.9980762449554148,1.0,1.0,1.0,1.0,Uitgeschakeld,000392577,9.76,Custom Approved,Schmalz B.V.,560-Vacuum component," 4,88",0 dagen,4.0,1.0,2023-03-17,
000543638,Toothed belt endless,3,Wear,1.0,19.56,1.0,3.912,3.912,0.0007741285528675,99.97311272945709,C,7.741285528675174e-06,0.9997311272945708,1.0,1.0,1.0,1.0,Uitgeschakeld,000543638,9.78,Custom Approved,Ammertech B.V.,360-Drive belt," 4,93",0 dagen,3.0,0.0,2026-05-05,
VEEDSPE42004225#B,Drukveer,2,Wear,5.0,37.99,5.0,7.598000000000001,1.5196,0.0003007069910371,99.9973341178829,C,3.00706991037188e-06,0.999973341178829,5.0,1.0,1.0,5.0,Uitgeschakeld,VEEDSPE42004225#B,9.78,Standard Approved,Amatec B.V.,700-General parts," 4,89",35 dagen,5.0,10.0,2025-06-17,
RIETPIR1035-5M-25,Toothed belt endless,3,Wear,1.0,22.44,1.0,4.488,4.488,0.0008881106710811,99.96222509552112,C,8.881106710811398e-06,0.9996222509552114,1.0,1.0,1.0,1.0,Uitgeschakeld,RIETPIR1035-5M-25,9.94,Standard Approved,Ammertech B.V.,360-Drive belt," 4,97",0 dagen,5.0,1.0,2022-04-12,
VEETSPT41020,Trekveer d=0.55 Do= 6.0Lo=22.1,2,Wear,1.0,8.95,1.0,1.79,1.79,0.0003542152631985,99.99668196602735,C,3.542152631985829e-06,0.9999668196602736,1.0,1.0,1.0,1.0,Uitgeschakeld,VEETSPT41020,9.94,Custom approved,Amatec B.V.,700-General parts," 7,17",21 dagen,5.0,1.0,2025-11-13,
000271804,"Spring, tension",2,Wear,23.0,628.85,18.0,125.77,6.987222222222223,0.0013826708147885,99.86595201850773,C,1.382670814788509e-05,0.9986595201850772,23.0,1.277777777777778,3.0,18.0,Uitgeschakeld,000271804,10.02,Custom Approved,Amatec B.V.,700-General parts," 5,01",0 dagen,5.0,1.0,2026-04-24,
RIETPIR0400-5M-15,Toothed belt endless,3,Wear,2.0,28.05,2.0,5.61,2.805,0.0005550691694257,99.98912722727448,C,5.550691694257123e-06,0.9998912722727448,2.0,1.0,1.0,2.0,Uitgeschakeld,RIETPIR0400-5M-15,10.26,Custom Approved,Ammertech B.V.,360-Drive belt," 5,17",21 dagen,5.0,1.0,2025-10-28,
000456081,Toothed belt endless,3,Wear,1.0,33.7,1.0,6.74,6.74,0.0013337490915968,99.87952906128504,C,1.333749091596899e-05,0.9987952906128504,1.0,1.0,1.0,1.0,Uitgeschakeld,000456081,10.3,Custom Approved,Ammertech B.V.,360-Drive belt," 5,15",0 dagen,3.0,1.0,2023-05-18,
000320882,PolyVee belt endless,3,Wear,45.0,2779.84,28.0,555.9680000000001,19.856,0.0039292169084195,99.13881681653118,C,3.929216908419588e-05,0.9913881681653116,45.0,1.607142857142857,5.0,28.0,Uitgeschakeld,000320882,10.64,Standard Approved,Interroll Foerdertechnik GmbH,360-Drive belt," 5,32",0 dagen,3.0,1.0,2026-04-14,
000320372,PolyVee belt endless,3,Wear,25.0,1415.85,21.0,283.17,13.48428571428571,0.0026683462644305,99.53468102570754,C,2.668346264430506e-05,0.9953468102570754,25.0,1.19047619047619,3.0,21.0,Uitgeschakeld,000320372,10.66,Standard Approved,Interroll Foerdertechnik GmbH,360-Drive belt," 4,18",0 dagen,3.0,1.0,2026-02-20,
000488655,"Spring, pressure",2,Wear,10.0,351.7,8.0,70.34,8.7925,0.0017399093305438,99.78583758539888,C,1.739909330543877e-05,0.9978583758539888,10.0,1.25,3.0,8.0,Uitgeschakeld,000488655,10.9,Standard Approved,Amatec B.V.,700-General parts," 5,45",0 dagen,5.0,0.0,2026-04-30,
RIETPIR0890-5M-25,Toothed belt endless,3,Wear,1.0,20.12,1.0,4.024,4.024,0.0007962917425201,99.9723386009042,C,7.962917425201662e-06,0.999723386009042,1.0,1.0,1.0,1.0,Uitgeschakeld,RIETPIR0890-5M-25,11.3,Custom Approved,Ammertech B.V.,360-Drive belt," 5,65",21 dagen,3.0,1.0,2023-12-13,
000274448,PolyVee belt endless,3,Wear,25.0,1542.7,20.0,308.54,15.427,0.0030527814890304,99.4028428493432,C,3.052781489030468e-05,0.994028428493432,25.0,1.25,3.0,20.0,Uitgeschakeld,000274448,11.52,Standard Approved,Interroll Foerdertechnik GmbH,360-Drive belt," 5,76",0 dagen,3.0,1.0,2026-01-23,
000271350,"Spring, pressure",2,Wear,41.0,1670.95,25.0,334.19,13.3676,0.0026452558392923,99.5506056968877,C,2.645255839292389e-05,0.995506056968877,41.0,1.64,5.0,25.0,Uitgeschakeld,000271350,11.64,Standard Approved,Amatec B.V.,700-General parts," 5,82",0 dagen,5.0,1.0,2026-03-11,
VEETSPTEO750,"Spring, tension",2,Wear,10.0,363.48,9.0,72.696,8.077333333333334,0.0015983881299493,99.81727482489076,C,1.59838812994936e-05,0.9981727482489076,10.0,1.111111111111111,2.0,9.0,Uitgeschakeld,VEETSPTEO750,11.68,Standard Approved,Amatec B.V.,700-General parts," 12,29",35 dagen,5.0,10.0,2026-04-22,
RIETPIR0450-5M-15,Toothed belt endless,3,Wear,12.0,227.11,7.0,45.422,6.488857142857143,0.0012840515311257,99.89650913649764,C,1.284051531125781e-05,0.9989650913649764,12.0,1.714285714285714,4.0,7.0,Uitgeschakeld,RIETPIR0450-5M-15,11.68,Standard Approved,Ammertech B.V.,360-Drive belt," 5,89",21 dagen,5.0,1.0,2026-03-11,
000271351,Pressure spring,2,Wear,4.0,83.91,4.0,16.782,4.1955,0.0008302291266757,99.96826334440682,C,8.302291266757847e-06,0.9996826334440682,4.0,1.0,1.0,4.0,Uitgeschakeld,000271351,11.7,Custom approved Racupack,Amatec B.V.,700-General parts," 6,73",0 dagen,5.0,1.0,2025-01-28,
000507025,Toothed belt endless,3,Wear,11.0,258.52,9.0,51.70399999999999,5.744888888888888,0.0011368309105164,99.92557520344172,C,1.13683091051642e-05,0.9992557520344172,11.0,1.222222222222222,3.0,9.0,Uitgeschakeld,000507025,11.78,Standard Approved,Ammertech B.V.,360-Drive belt," 5,89",0 dagen,3.0,0.0,2026-03-10,
000299592,Torsion spring,2,Wear,1.0,22.5,1.0,4.5,4.5,0.0008904852985439,99.96133698485006,C,8.904852985439234e-06,0.9996133698485006,1.0,1.0,1.0,1.0,Uitgeschakeld,000299592,11.84,Custom approved Racupack,Amatec B.V.,700-General parts," 5,92",0 dagen,5.0,1.0,2025-09-25,
000549986,Spring pressure,2,Wear,6.0,44.4,5.0,8.879999999999999,1.776,0.000351444864492,99.99703341089186,C,3.514448644920018e-06,0.9999703341089186,6.0,1.2,2.0,5.0,Uitgeschakeld,000549986,11.84,Standard Approved,Amatec B.V.,700-General parts," 5,92",0 dagen,5.0,0.0,2025-10-08,
000398446,Toothed belt endless,3,Wear,2.0,72.35,2.0,14.47,7.234999999999999,0.0014317024744367,99.8505223573845,C,1.43170247443673e-05,0.9985052235738452,2.0,1.0,1.0,2.0,Uitgeschakeld,000398446,11.92,Custom Approved,Ammertech B.V.,360-Drive belt," 5,96",0 dagen,5.0,1.0,2024-11-01,
RIETPIR0490-5M-15,Toothed belt endless,3,Wear,3.0,165.78,2.0,33.156,16.578,0.0032805478398358,99.33283323038673,C,3.280547839835814e-05,0.9933283323038672,3.0,1.5,2.0,2.0,Uitgeschakeld,RIETPIR0490-5M-15,12.04,Custom Approved,Ammertech B.V.,360-Drive belt," 6,07",0 dagen,3.0,1.0,2026-05-05,
RIETPIR0520-5M-15,Toothed belt endless,3,Wear,2.0,55.73999999999999,2.0,11.148,5.574,0.001103014456463,99.93227778734102,C,1.103014456463073e-05,0.9993227778734104,2.0,1.0,1.0,2.0,Uitgeschakeld,RIETPIR0520-5M-15,12.26,Custom Approved,Ammertech B.V.,360-Drive belt," 6,13",21 dagen,5.0,1.0,2023-02-07,
RIETPIR0525-5M-15,Toothed belt endless,3,Wear,6.0,212.19,3.0,42.438,14.146,0.0027992900073782,99.4994754219842,C,2.799290007378298e-05,0.9949947542198418,6.0,2.0,4.0,3.0,Uitgeschakeld,RIETPIR0525-5M-15,12.38,Custom Approved,Ammertech B.V.,360-Drive belt," 6,24",21 dagen,3.0,1.0,2026-03-19,
000262775,Toothed belt endless,3,Wear,4.0,219.34,2.0,43.86799999999999,21.934,0.0043404232307249,98.99102908505688,C,4.340423230724981e-05,0.9899102908505688,4.0,2.0,3.0,2.0,Uitgeschakeld,000262775,12.64,Standard Approved,Ammertech B.V.,360-Drive belt," 6,32",0 dagen,3.0,1.0,2024-09-05,
000682683,3D printed part,Onbekend,Onbekend,1.0,23.03,1.0,4.606,4.606,0.0009114611744651,99.95954226120224,C,9.114611744651805e-06,0.9995954226120224,1.0,1.0,1.0,1.0,Uitgeschakeld,000682683,12.8,Custom Approved,Oceanz B.V.,192-3D-print," 3,44",0 dagen,7.0,0.0,2024-11-12,
VEEDSPE13480,Drukveer,2,Wear,3.0,111.16,3.0,22.232,7.410666666666668,0.0014664643820169,99.84332152387398,C,1.466464382016927e-05,0.9984332152387398,3.0,1.0,1.0,3.0,Uitgeschakeld,VEEDSPE13480,12.8,Standard Approved,Amatec B.V.,700-General parts," 6,40",35 dagen,5.0,10.0,2022-11-03,
VEETSP09258,TORSss d1.0 Do7 N3.38 E50 R,Onbekend,Onbekend,3.0,267.26,1.0,53.452,53.452,0.0105773822617266,96.85617432961804,C,0.0001057738226172,0.9685617432961804,3.0,3.0,3.0,1.0,Uitgeschakeld,VEETSP09258,13.1,Custom approved,Amatec B.V.,700-General parts," 6,55",21 dagen,5.0,1.0,2024-04-24,
RIETPIR0600-5M-15,Toothed belt endless,3,Wear,2.0,53.66999999999999,2.0,10.734,5.366999999999999,0.00106205213273,99.94202446322252,C,1.062052132730053e-05,0.9994202446322252,2.0,1.0,1.0,2.0,Uitgeschakeld,RIETPIR0600-5M-15,13.24,Custom Approved,Ammertech B.V.,360-Drive belt," 6,67",0 dagen,3.0,1.0,2024-11-01,
RIETCON615-5M-15,Toothed belt endless,3,Wear,9.0,110.86,8.0,22.172,2.771500000000001,0.0005484400010921,99.99077978989152,C,5.484400010921077e-06,0.9999077978989152,9.0,1.125,2.0,8.0,Uitgeschakeld,RIETCON615-5M-15,13.24,Standard Approved,Ammertech B.V.,360-Drive belt," 6,67",21 dagen,5.0,1.0,2025-02-07,
000391942,Toothed belt endless,3,Wear,1.0,10.54,1.0,2.108,2.108,0.0004171428909623,99.99555906406592,C,4.171428909623534e-06,0.9999555906406592,1.0,1.0,1.0,1.0,Uitgeschakeld,000391942,13.24,Custom Approved,Eriks B.V.,360-Drive belt," 6,62",0 dagen,5.0,1.0,2024-05-15,
BELTVMUL-00000002,PolyVee belt endless,3,Wear,60.0,5455.14,40.0,1091.028,27.2757,0.0053974688572209,98.67301698948395,C,5.397468857220999e-05,0.9867301698948396,60.0,1.5,6.0,40.0,Uitgeschakeld,BELTVMUL-00000002,13.32,Standard Approved,Interroll Foerdertechnik GmbH,360-Drive belt," 6,66",0 dagen,3.0,1.0,2026-04-22,
000264283,PolyVee belt endless,3,Wear,9.0,1503.83,5.0,300.766,60.15319999999999,0.0119034533911938,96.15808214278157,C,0.0001190345339119,0.9615808214278156,9.0,1.8,5.0,5.0,Uitgeschakeld,000264283,13.34,Standard Approved,Interroll Foerdertechnik GmbH,360-Drive belt," 6,67",0 dagen,3.0,1.0,2025-09-15,
RIETPIR0640-5M-15,Toothed belt endless,3,Wear,22.0,428.63,18.0,85.726,4.762555555555555,0.0009424412679379,99.954947752833,C,9.4244126793798e-06,0.99954947752833,22.0,1.222222222222222,3.0,18.0,Uitgeschakeld,RIETPIR0640-5M-15,13.58,Standard Approved,Ammertech B.V.,360-Drive belt," 6,43",0 dagen,3.0,1.0,2026-03-30,
000336229,Air supply unit,1,Critical,6.0,57.98,5.0,11.596,2.3192,0.0004589363343073,99.99470617703552,C,4.589363343073483e-06,0.9999470617703552,6.0,1.2,2.0,5.0,Uitgeschakeld,000336229,13.66,Standard Approved,Festo B.V.,500-Air supply," 6,83",0 dagen,10.0,1.0,2025-02-07,
000871881,Connecting cable,3,Critical,3.0,53.51000000000001,3.0,10.702,3.567333333333334,0.0007059239751864,99.97976379713285,C,7.059239751864497e-06,0.9997976379713284,3.0,1.0,1.0,3.0,Uitgeschakeld,000871881,13.72,Standard Approved,Festo B.V.,"530-Electric, accessory"," 6,86",0 dagen,10.0,0.0,2026-03-04,
000295098,Toothed belt open-ended,3,Wear,29.0,1096.91,24.0,219.382,9.140916666666667,0.001808855979307,99.768063406165,C,1.808855979307065e-05,0.99768063406165,29.0,1.208333333333333,5.0,24.0,Uitgeschakeld,000295098,13.76,Custom Approved,Ammertech B.V.,360-Drive belt," 6,88",0 dagen,5.0,1.0,2025-12-15,
RIETPIR25AT10,Toothed belt open-ended,3,Wear,10.0,341.56,6.0,68.312,11.38533333333333,0.00225299376719,99.67396499217098,C,2.252993767190093e-05,0.9967396499217098,10.0,1.666666666666667,4.0,6.0,Uitgeschakeld,RIETPIR25AT10,14.16,Custom Approved,Ammertech B.V.,360-Drive belt," 7,08",21 dagen,3.0,1.0,2025-09-26,
000404076,Toothed belt endless,3,Wear,1.0,135.25,1.0,27.05,27.05,0.0053528060723584,98.6891507031802,C,5.352806072358474e-05,0.9868915070318018,1.0,1.0,1.0,1.0,Uitgeschakeld,000404076,14.18,Custom Approved,Eriks B.V.,360-Drive belt," 7,09",0 dagen,3.0,1.0,2021-07-30,
RIETGAT425-5MR15,Toothed belt endless,3,Wear,4.0,81.57,3.0,16.314,5.438,0.0010761020118848,99.93882049711836,C,1.076102011884857e-05,0.9993882049711836,4.0,1.333333333333333,2.0,3.0,Uitgeschakeld,RIETGAT425-5MR15,14.18,Custom Approved,Ammertech B.V.,360-Drive belt," 7,15",21 dagen,3.0,1.0,2024-12-20,
000498119,"Spring, tension",2,Wear,2.0,166.6,1.0,33.32,33.32,0.006593548921663,98.30290333923722,C,6.593548921663007e-05,0.983029033392372,2.0,2.0,2.0,1.0,Uitgeschakeld,000498119,14.36,Custom Approved,ATV Springs,700-General parts," 5,10",0 dagen,5.0,0.0,2026-05-08,
RIETPIR0345-5M-25,Gear belt,3,Wear,2.0,25.47,2.0,5.093999999999999,2.547,0.0005040146789758,99.99232428717043,C,5.040146789758607e-06,0.9999232428717044,2.0,1.0,1.0,2.0,Uitgeschakeld,RIETPIR0345-5M-25,14.52,Custom approved,Ammertech B.V.,360-Drive belt," 7,32",21 dagen,3.0,1.0,2023-12-04,
RIETPIR0710-5M-15,Toothed belt endless,3,Wear,4.0,402.31,2.0,80.462,40.231,0.0079611364546045,97.88747576332668,C,7.961136454604576e-05,0.9788747576332668,4.0,2.0,3.0,2.0,Uitgeschakeld,RIETPIR0710-5M-15,14.62,Standard Approved,Ammertech B.V.,360-Drive belt," 7,37",21 dagen,5.0,1.0,2025-12-29,
RIETPIR0400-5M-25,Gear belt,3,Wear,2.0,38.18,2.0,7.636,3.818,0.000755527304409,99.97539395490632,C,7.555273044090444e-06,0.9997539395490632,2.0,1.0,1.0,2.0,Uitgeschakeld,RIETPIR0400-5M-25,14.84,Custom approved,Ammertech B.V.,360-Drive belt," 7,42",21 dagen,3.0,1.0,2023-11-13,
VEEDSPEC1100-085-,Compression spring,2,Wear,1.0,109.4,1.0,21.88,21.88,0.0043297374071424,98.99969099103735,C,4.329737407142455e-05,0.9899969099103736,1.0,1.0,1.0,1.0,Uitgeschakeld,VEEDSPEC1100-085-,15.02,Custom Approved,Amatec B.V.,700-General parts," 7,51",21 dagen,5.0,1.0,2026-05-08,
BEVCFESEV25DP,Rod clamping plate,Onbekend,Onbekend,7.0,601.63,3.0,120.326,40.10866666666666,0.0079369284468589,97.89541269177354,C,7.936928446858972e-05,0.9789541269177354,7.0,2.333333333333333,5.0,3.0,Uitgeschakeld,BEVCFESEV25DP,15.04,Custom Approved,Festo B.V.,520-Cylinder mounting," 7,52",0 dagen,2.0,1.0,2025-12-09,
FITZPIA3250003,Suction cup fitting,2,Consumable,1.0,272.0,1.0,54.4,54.4,0.0107649778312865,96.7707728476061,C,0.0001076497783128,0.9677077284760608,1.0,1.0,1.0,1.0,Uitgeschakeld,FITZPIA3250003,15.38,Standard Approved,Pneutec B.V.,560-Vacuum component," 7,69",0 dagen,4.0,1.0,2025-01-27,
RIETGAT800-5MR-15,Toothed belt endless,3,Wear,11.0,455.12,6.0,91.024,15.17066666666667,0.0030020568079504,99.43001765067892,C,3.002056807950448e-05,0.9943001765067891,11.0,1.833333333333333,4.0,6.0,Uitgeschakeld,RIETGAT800-5MR-15,15.58,Custom Approved,Ammertech B.V.,360-Drive belt," 7,86",21 dagen,5.0,1.0,2026-03-23,
000310029,"Spring, torsion",2,Wear,2.0,435.2,2.0,87.04,43.52,0.0086119822650292,97.60623198254964,C,8.611982265029234e-05,0.9760623198254964,2.0,1.0,1.0,2.0,Uitgeschakeld,000310029,15.64,Custom Approved,ATV Springs,700-General parts," 7,82",0 dagen,5.0,1.0,2025-12-09,
RIETPIR0500-5M-25,Toothed belt endless,3,Wear,17.0,435.79,15.0,87.158,5.810533333333334,0.0011498210022295,99.92443837253118,C,1.149821002229501e-05,0.999244383725312,17.0,1.133333333333333,2.0,15.0,Uitgeschakeld,RIETPIR0500-5M-25,15.88,Standard Approved,Ammertech B.V.,360-Drive belt," 7,78",21 dagen,3.0,1.0,2025-09-17,
MAGNSENS-00000001,"Safety sensor, switch magnet",1,Critical,87.0,2726.52,68.0,545.304,8.019176470588235,0.0015868797229973,99.82204855361164,C,1.586879722997371e-05,0.9982204855361164,87.0,1.279411764705882,5.0,68.0,Uitgeschakeld,MAGNSENS-00000001,15.9,Standard Approved,Schmersal Nederland B.V.,660-Sensor and lighting," 8,20",0 dagen,10.0,1.0,2026-05-04,
SCHVSCHBPS260-1,"Safety sensor, switch magnet",1,Critical,101.0,2914.13,83.0,582.826,7.022,0.0013895528369723,99.86456934769294,C,1.389552836972318e-05,0.9986456934769292,101.0,1.216867469879518,7.0,83.0,Uitgeschakeld,SCHVSCHBPS260-1,15.9,Standard Approved,Schmersal Nederland B.V.,660-Sensor and lighting," 8,20",10 dagen,10.0,40.0,2026-05-04,
RIETGAT0512-8MR20,Toothed belt endless,3,Wear,10.0,640.5600000000001,5.0,128.112,25.62240000000001,0.0050703045585359,98.8037413254866,C,5.070304558535962e-05,0.988037413254866,10.0,2.0,4.0,5.0,Uitgeschakeld,RIETGAT0512-8MR20,15.98,Custom Approved,Ammertech B.V.,360-Drive belt," 8,06",0 dagen,3.0,1.0,2026-05-07,
000367642,Toothed belt endless,3,Wear,2.0,27.17,1.0,5.434,5.434,0.0010753104693972,99.93989580758776,C,1.075310469397262e-05,0.9993989580758776,2.0,2.0,2.0,1.0,Uitgeschakeld,000367642,16.02,Custom Approved,Ammertech B.V.,360-Drive belt," 8,01",0 dagen,3.0,1.0,2026-02-03,
ROUNBELT-00000024,Round belt,3,Wear,1.0,277.2,1.0,55.44,55.44,0.0109707788780611,96.65136813565744,C,0.0001097077887806,0.9665136813565746,1.0,1.0,1.0,1.0,Uitgeschakeld,ROUNBELT-00000024,16.25,Custom approved,Forbo Siegling Nederland B.V.,350-Conveyor," 4,39",0 dagen,5.0,1.0,2023-12-06,
000413239,Rondsnaar,Onbekend,Onbekend,3.0,67.22,3.0,13.444,4.481333333333333,0.0008867914336018,99.96311188695474,C,8.867914336018152e-06,0.9996311188695474,3.0,1.0,1.0,3.0,Uitgeschakeld,000413239,16.32,Custom approved,Forbo Siegling Nederland B.V.,350-Conveyor," 4,41",0 dagen,5.0,1.0,2024-04-22,
000510463,Toothed belt endless,3,Wear,5.0,69.64,5.0,13.928,2.7856,0.0005512301883608,99.99023134989042,C,5.512301883608785e-06,0.9999023134989042,5.0,1.0,1.0,5.0,Uitgeschakeld,000510463,16.38,Custom Approved,Ammertech B.V.,360-Drive belt," 8,19",0 dagen,3.0,0.0,2025-01-31,
RIETPIR0280-5M-25,Toothed belt endless,3,Wear,1.0,12.48,1.0,2.496,2.496,0.000493922512259,99.99331519942209,C,4.939225122590296e-06,0.9999331519942208,1.0,1.0,1.0,1.0,Uitgeschakeld,RIETPIR0280-5M-25,16.46,Custom Approved,Ammertech B.V.,360-Drive belt," 8,30",21 dagen,5.0,1.0,2024-12-20,
RIETPIR25AT5,Toothed belt open-ended,3,Wear,1.0,0.0,1.0,0.0,0.0,0.0,100.0000000000002,C,0.0,1.000000000000002,1.0,1.0,1.0,1.0,Uitgeschakeld,RIETPIR25AT5,16.51,Custom Approved,Ammertech B.V.,360-Drive belt," 8,25",21 dagen,3.0,1.0,2024-12-23,
000732161,"Valve, flow control",3,Wear,2.0,31.09,2.0,6.218,3.109,0.0006152263984829,99.98568466058173,C,6.152263984829018e-06,0.9998568466058172,2.0,1.0,1.0,2.0,Uitgeschakeld,000732161,16.58,Standard Approved,Festo B.V.,550-Valves," 8,29",0 dagen,7.0,0.0,2026-02-20,
RIETPIR0550-5M-25,Toothed belt endless,3,Wear,21.0,651.67,16.0,130.334,8.145875,0.0016119515402836,99.81085594301136,C,1.611951540283663e-05,0.9981085594301136,21.0,1.3125,2.0,16.0,Uitgeschakeld,RIETPIR0550-5M-25,16.62,Standard Approved,Ammertech B.V.,360-Drive belt," 8,38",21 dagen,3.0,1.0,2026-03-24,
SCHVPILSEN1.1-10,Safety switch magnet,2,Critical,1.0,41.94,1.0,8.388,8.388,0.0016598645964858,99.79777322158836,C,1.659864596485873e-05,0.9979777322158836,1.0,1.0,1.0,1.0,Uitgeschakeld,SCHVPILSEN1.1-10,16.96,Custom approved,Pilz Nederland,660-Sensor and lighting," 8,48",21 dagen,10.0,1.0,2026-04-27,
RIETPIR0425-5M-25,Toothed belt endless,3,Wear,8.0,228.99,4.0,45.798,11.4495,0.0022656914279285,99.6694483847749,C,2.265691427928589e-05,0.996694483847749,8.0,2.0,3.0,4.0,Uitgeschakeld,RIETPIR0425-5M-25,16.98,Standard Approved,Ammertech B.V.,360-Drive belt," 3,22",21 dagen,5.0,1.0,2026-04-28,
RIETGAT950-5MR-15,Toothed belt endless,3,Wear,9.0,284.0,8.0,56.8,7.1,0.0014049879154804,99.85759105167163,C,1.404987915480413e-05,0.9985759105167163,9.0,1.125,2.0,8.0,Uitgeschakeld,RIETGAT950-5MR-15,17.0,Standard Approved,Ammertech B.V.,360-Drive belt," 8,50",21 dagen,3.0,1.0,2025-11-10,
METMFESMAP4041/8E,Air pressure indicator,3,Critical,1.0,81.06,1.0,16.212,16.212,0.0032081217022209,99.36848074208682,C,3.208121702220908e-05,0.9936848074208682,1.0,1.0,1.0,1.0,Uitgeschakeld,METMFESMAP4041/8E,17.18,Standard Approved,Festo B.V.,500-Air supply," 8,59",25 dagen,10.0,1.0,2023-03-17,
RIETPIR0450-5M-25,Toothed belt endless,3,Wear,1.0,14.17,1.0,2.834,2.834,0.0005608078524607,99.98857215810504,C,5.608078524607732e-06,0.9998857215810504,1.0,1.0,1.0,1.0,Uitgeschakeld,RIETPIR0450-5M-25,17.34,Custom Approved,Ammertech B.V.,360-Drive belt," 8,74",21 dagen,3.0,1.0,2022-04-29,
RIETGAT670-5MR-09,Toothed belt endless,3,Wear,1.0,13.14,1.0,2.628,2.628,0.0005200434143496,99.99182027249148,C,5.200434143496513e-06,0.9999182027249146,1.0,1.0,1.0,1.0,Uitgeschakeld,RIETGAT670-5MR-09,17.54,Custom Approved,Eriks B.V.,360-Drive belt," 8,77",0 dagen,3.0,1.0,2022-10-04,
RIETPIR0325-5M-25,Toothed belt endless,3,Wear,2.0,36.5,2.0,7.3,3.65,0.00072228251993,99.97835181725873,C,7.222825199300713e-06,0.9997835181725871,2.0,1.0,1.0,2.0,Uitgeschakeld,RIETPIR0325-5M-25,17.82,Custom Approved,Ammertech B.V.,360-Drive belt," 8,91",21 dagen,3.0,1.0,2024-12-04,
VEETSPE075090375,Torsion spring,2,Wear,3.0,244.49,3.0,48.898,16.29933333333333,0.0032254037132,99.35883896304544,C,3.225403713200057e-05,0.9935883896304544,3.0,1.0,1.0,3.0,Uitgeschakeld,VEETSPE075090375,17.84,Custom approved,Amatec B.V.,700-General parts," 7,44",21 dagen,5.0,1.0,2025-12-23,
VEEDSPESP08454,Compression spring,2,Wear,8.0,801.25,4.0,160.25,40.0625,0.0079277927273146,97.90334048450086,C,7.927792727314653e-05,0.9790334048450086,8.0,2.0,3.0,4.0,Uitgeschakeld,VEEDSPESP08454,17.9,Custom approved,Amatec B.V.,700-General parts," 8,95",35 dagen,5.0,10.0,2026-05-05,
RIETPIR0640-5M-25,Toothed belt endless,3,Wear,10.0,324.41,9.0,64.88199999999999,7.20911111111111,0.0014265794355586,99.85337569215396,C,1.426579435558687e-05,0.9985337569215396,10.0,1.111111111111111,2.0,9.0,Uitgeschakeld,RIETPIR0640-5M-25,18.04,Standard Approved,Ammertech B.V.,360-Drive belt," 9,02",21 dagen,3.0,1.0,2025-06-30,
RIETPIR0635-5M-25,Toothed belt endless,3,Wear,2.0,32.4,2.0,6.48,3.24,0.0006411494149516,99.98506943418325,C,6.411494149516249e-06,0.9998506943418324,2.0,1.0,1.0,2.0,Uitgeschakeld,RIETPIR0635-5M-25,18.04,Custom Approved,Ammertech B.V.,360-Drive belt," 9,09",21 dagen,5.0,1.0,2026-04-14,
000230942,Toothed belt endless,3,Wear,1.0,16.29,1.0,3.258,3.258,0.0006447113561458,99.98378456284024,C,6.447113561458006e-06,0.9998378456284024,1.0,1.0,1.0,1.0,Uitgeschakeld,000230942,18.1,Custom Approved,Ammertech B.V.,360-Drive belt," 9,05",0 dagen,3.0,1.0,2025-12-16,
000669943,Toothed belt endless,3,Wear,2.0,105.09,1.0,21.018,21.018,0.0041591600010658,99.04607509387624,C,4.159160001065819e-05,0.9904607509387624,2.0,2.0,2.0,1.0,Uitgeschakeld,000669943,18.22,Custom Approved,Ammertech B.V.,360-Drive belt," 9,18",0 dagen,2.0,0.0,2025-12-02,
RIETGAT0640-8MR20,Toothed belt endless,3,Wear,9.0,152.0,9.0,30.4,3.377777777777778,0.0006684136561909,99.98181045587616,C,6.684136561909944e-06,0.9998181045587616,9.0,1.0,1.0,9.0,Uitgeschakeld,RIETGAT0640-8MR20,18.4,Standard Approved,Ammertech B.V.,360-Drive belt," 9,02",21 dagen,5.0,1.0,2025-09-24,
RIETPIR0520-5M-25,Toothed belt endless,3,Wear,5.0,91.39,4.0,18.278,4.5695,0.0009042383492658,99.96044649955152,C,9.042383492658796e-06,0.9996044649955153,5.0,1.25,2.0,4.0,Uitgeschakeld,RIETPIR0520-5M-25,18.62,Custom Approved,Ammertech B.V.,360-Drive belt," 9,39",21 dagen,5.0,1.0,2026-02-11,
000284717,Toothed belt endless,3,Wear,50.0,2264.46,18.0,452.892,25.16066666666667,0.0049789341707179,98.8337998876055,C,4.978934170717958e-05,0.988337998876055,50.0,2.777777777777778,11.0,18.0,Uitgeschakeld,000284717,18.7,Custom Approved Racupack,Ammertech B.V.,360-Drive belt," 9,62",0 dagen,3.0,1.0,2026-04-09,
VEEDAMAD23390,"Spring, pressure",2,Wear,1.0,17.32,1.0,3.464,3.464,0.0006854757942569,99.98114204222,C,6.854757942569224e-06,0.9998114204221998,1.0,1.0,1.0,1.0,Uitgeschakeld,VEEDAMAD23390,18.72,Custom Approved,Amatec B.V.,700-General parts," 14,59",0 dagen,5.0,1.0,2025-11-25,
RIETPIR0670-5M-25,Toothed belt endless,3,Wear,7.0,122.53,7.0,24.506,3.500857142857143,0.0006927692928926,99.98045656642572,C,6.927692928926156e-06,0.9998045656642572,7.0,1.0,1.0,7.0,Uitgeschakeld,RIETPIR0670-5M-25,18.76,Standard Approved,Ammertech B.V.,360-Drive belt," 9,38",21 dagen,5.0,1.0,2023-08-09,
000271802,"Spring, tension",2,Wear,24.0,1289.63,16.0,257.926,16.120375,0.0031899904321144,99.37167073251894,C,3.189990432114445e-05,0.9937167073251894,24.0,1.5,3.0,16.0,Uitgeschakeld,000271802,18.8,Custom Approved,Amatec B.V.,700-General parts," 9,40",0 dagen,5.0,1.0,2026-04-24,
000357224,"Spring, pressure",2,Wear,2.0,28.79,2.0,5.758,2.879,0.0005697127054462,99.9880113502526,C,5.697127054462124e-06,0.999880113502526,2.0,1.0,1.0,2.0,Uitgeschakeld,000357224,18.84,Custom Approved,Amatec B.V.,700-General parts," 9,42",0 dagen,5.0,1.0,2024-05-15,
000435558,Toothed belt endless,3,Wear,4.0,96.85,4.0,19.37,4.842499999999999,0.0009582611240442,99.95305922040676,C,9.582611240442108e-06,0.9995305922040676,4.0,1.0,1.0,4.0,Uitgeschakeld,000435558,19.0,Custom Approved,Ammertech B.V.,360-Drive belt," 9,50",0 dagen,5.0,1.0,2025-01-31,
FITZPIA3250085,Suction cup fitting,2,Consumable,3.0,117.92,2.0,23.584,11.792,0.0023334672534288,99.6488274826784,C,2.333467253428877e-05,0.996488274826784,3.0,1.5,2.0,2.0,Uitgeschakeld,FITZPIA3250085,19.24,Custom Approved,Pneutec B.V.,560-Vacuum component," 9,62",21 dagen,4.0,1.0,2023-05-03,
VEETSP10441,"Spring, tension",2,Wear,26.0,9095.79,3.0,1819.158,606.3860000000001,0.1199950707206346,38.79758358923056,A,0.0011999507072063,0.3879758358923056,26.0,8.666666666666666,15.0,3.0,Uitgeschakeld,VEETSP10441,19.34,Standard Approved,Amatec B.V.,700-General parts," 14,31",5 dagen,5.0,1.0,2025-11-21,
SCHEKLMR-AT0,"Sensor, position, rotary lever",4,Not Recommended,25.0,724.8299999999999,19.0,144.966,7.62978947368421,0.0015098256349557,99.83589418938128,C,1.509825634955771e-05,0.9983589418938128,25.0,1.315789473684211,3.0,19.0,Uitgeschakeld,SCHEKLMR-AT0,19.56,Standard Approved,Solar Nederland B.V.,660-Sensor and lighting," 9,78",21 dagen,10.0,5.0,2026-01-20,
RIETPIR0240H100,Gear belt,3,Wear,2.0,44.09,2.0,8.818,4.409,0.0008724777069511,99.9648602064242,C,8.724777069511463e-06,0.999648602064242,2.0,1.0,1.0,2.0,Uitgeschakeld,RIETPIR0240H100,19.58,Custom approved,Ammertech B.V.,360-Drive belt," 9,79",21 dagen,3.0,1.0,2022-02-03,
000351353,Toothed belt endless,3,Wear,2.0,37.78,2.0,7.556,3.778,0.000747611879533,99.97688924462726,C,7.476118795330984e-06,0.9997688924462728,2.0,1.0,1.0,2.0,Uitgeschakeld,000351353,19.7,Custom Approved,Eriks B.V.,360-Drive belt," 9,85",0 dagen,5.0,1.0,2024-05-15,
000444115,Toothed belt endless,3,Wear,3.0,50.45999999999999,3.0,10.092,3.363999999999999,0.000665687232067,99.98247614310824,C,6.656872320670573e-06,0.9998247614310825,3.0,1.0,1.0,3.0,Uitgeschakeld,000444115,19.88,Custom Approved,Ammertech B.V.,360-Drive belt," 9,94",0 dagen,3.0,1.0,2024-12-20,
000514870,Tension spring L=48mm,2,Wear,1.0,35.3,1.0,7.06,7.06,0.0013970724906044,99.86178865893402,C,1.397072490604467e-05,0.99861788658934,1.0,1.0,1.0,1.0,Uitgeschakeld,000514870,19.96,Custom Approved,Amatec B.V.,700-General parts," 9,98",0 dagen,5.0,0.0,2023-04-27,
VEETSIATS37001789,Trekveer,2,Wear,1.0,31.8,1.0,6.36,6.36,0.0012585525552754,99.90030713494278,C,1.258552555275412e-05,0.9990030713494278,1.0,1.0,1.0,1.0,Uitgeschakeld,VEETSIATS37001789,20.0,Custom approved,Pacoma Europe B.V.,700-General parts," 10,00",0 dagen,5.0,1.0,2023-03-02,
BELTTIM-00000003,Toothed belt endless,3,Wear,2.0,22.02,2.0,4.404,2.202,0.0004357441394208,99.99514192117496,C,4.357441394208266e-06,0.9999514192117496,2.0,1.0,1.0,2.0,Uitgeschakeld,BELTTIM-00000003,20.0,Custom Approved,Ammertech B.V.,360-Drive belt," 9,20",0 dagen,5.0,1.0,2024-10-03,
RIETPIR0610-5M-25,Toothed belt endless,3,Wear,13.0,339.95,4.0,67.99,16.9975,0.0033635608582222,99.30636445361806,C,3.363560858222297e-05,0.9930636445361806,13.0,3.25,10.0,4.0,Uitgeschakeld,RIETPIR0610-5M-25,20.06,Custom Approved,Ammertech B.V.,360-Drive belt," 10,11",21 dagen,3.0,1.0,2026-03-30,
RIETPIR0600-5M-25,Toothed belt endless,3,Wear,5.0,90.55,2.0,18.11,9.055,0.0017918543062922,99.77344826970813,C,1.791854306292273e-05,0.9977344826970812,5.0,2.5,4.0,2.0,Uitgeschakeld,RIETPIR0600-5M-25,20.06,Standard Approved,Ammertech B.V.,360-Drive belt," 3,80",21 dagen,3.0,1.0,2025-03-10,
000271803,"Spring, tension",2,Wear,15.0,513.46,13.0,102.692,7.899384615384616,0.001563174637232,99.82519481322404,C,1.56317463723201e-05,0.9982519481322404,15.0,1.153846153846154,2.0,13.0,Uitgeschakeld,000271803,20.18,Custom Approved Racupack,Amatec B.V.,700-General parts," 10,09",0 dagen,5.0,1.0,2026-01-19,
RIETPIR0755-5M-25,Gear belt,3,Wear,3.0,104.82,1.0,20.964,20.964,0.0041484741774832,99.05022356805372,C,4.148474177483292e-05,0.9905022356805372,3.0,3.0,3.0,1.0,Uitgeschakeld,RIETPIR0755-5M-25,20.22,Custom approved,Ammertech B.V.,360-Drive belt," 9,57",21 dagen,3.0,1.0,2025-07-22,
RIETPIR0750-5M-25,Toothed belt endless,3,Wear,43.0,1322.34,22.0,264.468,12.02127272727273,0.0023788370296496,99.6323712233794,C,2.37883702964964e-05,0.996323712233794,43.0,1.954545454545455,16.0,22.0,Uitgeschakeld,RIETPIR0750-5M-25,20.22,Standard Approved,Ammertech B.V.,360-Drive belt," 10,19",21 dagen,3.0,1.0,2026-03-30,
000450931,Suction cup fitting,2,Consumable,2.0,0.0,2.0,0.0,0.0,0.0,100.0000000000002,C,0.0,1.000000000000002,2.0,1.0,1.0,2.0,Uitgeschakeld,000450931,20.24,Custom Approved,Pneutec B.V.,560-Vacuum component," 10,12",0 dagen,1.0,1.0,2025-11-07,
SNARSIEPUGR87SH#B,"Drive rope welded, endless",Onbekend,Onbekend,1.0,162.24,1.0,32.448,32.448,0.0064209926593673,98.3484087069431,C,6.420992659367384e-05,0.983484087069431,1.0,1.0,1.0,1.0,Uitgeschakeld,SNARSIEPUGR87SH#B,20.28,Custom approved,Forbo Siegling Nederland B.V.,350-Conveyor," 3,74",0 dagen,5.0,1.0,2026-04-29,
VEEWIT37920179,Trekveer d=2.00 Do=20.0  Lo=100,2,Wear,2.0,198.4,2.0,39.68,19.84,0.0039260507384692,99.14274286726965,C,3.92605073846921e-05,0.9914274286726964,2.0,1.0,1.0,2.0,Uitgeschakeld,VEEWIT37920179,20.46,Custom approved,Pacoma Europe B.V.,700-General parts," 10,23",21 dagen,5.0,1.0,2022-10-24,
000479622,"Spring, pressure",2,Wear,1.0,40.92,1.0,8.184000000000001,8.184000000000001,0.0016194959296185,99.80924399147108,C,1.619495929618549e-05,0.9980924399147107,1.0,1.0,1.0,1.0,Uitgeschakeld,000479622,20.46,Custom Approved,ATV Springs,700-General parts," 10,23",0 dagen,5.0,0.0,2026-04-15,
000271354,"Spring, pressure",2,Wear,1.0,31.12,1.0,6.224,6.224,0.0012316401106971,99.9090085615089,C,1.231640110697196e-05,0.999090085615089,1.0,1.0,1.0,1.0,Uitgeschakeld,000271354,20.46,Custom Approved,ATV Springs,700-General parts," 10,23",0 dagen,5.0,1.0,2023-02-13,
000309527,Pressure spring,2,Wear,1.0,0.0,1.0,0.0,0.0,0.0,100.0000000000002,C,0.0,1.000000000000002,1.0,1.0,1.0,1.0,Uitgeschakeld,000309527,20.72,Custom approved Racupack,Amatec B.V.,700-General parts," 10,36",0 dagen,5.0,1.0,2023-01-20,
RIETGAT0560-8MR30,Toothed belt endless,3,Wear,82.0,2190.55,62.0,438.11,7.066290322580645,0.0013983172550002,99.8603915864434,C,1.398317255000281e-05,0.998603915864434,82.0,1.32258064516129,6.0,62.0,Uitgeschakeld,RIETGAT0560-8MR30,20.78,Standard Approved,Ammertech B.V.,360-Drive belt," 10,48",15 dagen,3.0,1.0,2026-05-21,
RIETPIR1270-5M-15,Toothed belt endless,3,Wear,4.0,137.59,1.0,27.518,27.518,0.005445416543407,98.65676165528455,C,5.445416543407042e-05,0.9865676165528456,4.0,4.0,4.0,1.0,Uitgeschakeld,RIETPIR1270-5M-15,21.04,Custom Approved,Ammertech B.V.,360-Drive belt," 10,61",0 dagen,5.0,1.0,2024-12-17,
RIETPIR0665-5M-25,Toothed belt endless,3,Wear,8.0,135.18,2.0,27.036,13.518,0.0026750178368259,99.52667190481657,C,2.675017836825946e-05,0.9952667190481655,8.0,4.0,7.0,2.0,Uitgeschakeld,RIETPIR0665-5M-25,21.08,Standard Approved,Ammertech B.V.,360-Drive belt," 10,54",15 dagen,5.0,1.0,2024-12-06,
FITZPIA3250086,Suction cup fitting,2,Consumable,7.0,708.9,5.0,141.78,28.356,0.0056112446945581,98.56288936682164,C,5.61124469455811e-05,0.9856288936682164,7.0,1.4,3.0,5.0,Uitgeschakeld,FITZPIA3250086,21.14,Custom Approved,Pneutec B.V.,560-Vacuum component," 10,57",14 dagen,4.0,25.0,2025-12-03,
RIETPIR0240L100,Gear belt,3,Wear,1.0,19.1,1.0,3.82,3.82,0.0007559230756528,99.97463842760192,C,7.559230756528418e-06,0.9997463842760193,1.0,1.0,1.0,1.0,Uitgeschakeld,RIETPIR0240L100,21.22,Custom approved,Ammertech B.V.,360-Drive belt," 10,61",21 dagen,5.0,1.0,2025-05-30,
RIETGAT0410-5MR9,Gear belt,3,Wear,1.0,17.84,1.0,3.568,3.568,0.0007060558989343,99.97905787315766,C,7.06055898934382e-06,0.9997905787315764,1.0,1.0,1.0,1.0,Uitgeschakeld,RIETGAT0410-5MR9,21.4,Custom approved,Eriks B.V.,360-Drive belt," 10,70",21 dagen,5.0,1.0,2025-04-24,
SCHVPILSEN1.1-20,Safety switch magnet,2,Critical,5.0,146.71,1.0,29.342,29.342,0.0058063599177501,98.51136339756836,C,5.806359917750179e-05,0.9851136339756836,5.0,5.0,5.0,1.0,Uitgeschakeld,SCHVPILSEN1.1-20,21.5,Custom approved,Pilz Nederland,660-Sensor and lighting," 10,75",21 dagen,10.0,1.0,2026-02-16,
RIETPIR0700-5M-25,Toothed belt endless,3,Wear,4.0,108.65,3.0,21.73,7.243333333333333,0.0014333515212858,99.84909065491009,C,1.433351521285886e-05,0.9984909065491008,4.0,1.333333333333333,2.0,3.0,Uitgeschakeld,RIETPIR0700-5M-25,21.52,Standard Approved,Ammertech B.V.,360-Drive belt," 10,76",21 dagen,3.0,1.0,2023-10-24,
RIETPIR32AT10,Toothed belt open-ended,3,Wear,13.0,1577.78,8.0,315.556,39.4445,0.0078054994129812,97.9426714650443,C,7.805499412981286e-05,0.979426714650443,13.0,1.625,5.0,8.0,Uitgeschakeld,RIETPIR32AT10,21.72,Custom Approved Racupack,Ammertech B.V.,360-Drive belt," 10,64",21 dagen,5.0,1.0,2025-06-27,
FITZPIA118793,Suction cup fitting,2,Consumable,1.0,2819.04,1.0,563.808,563.808,0.1115694967114339,41.44290788375574,A,0.0011156949671143,0.4144290788375574,1.0,1.0,1.0,1.0,Uitgeschakeld,FITZPIA118793,21.86,Custom Approved,Pneutec B.V.,560-Vacuum component," 10,64",1 dagen,4.0,5.0,2022-09-12,
000769822,Round belt,3,Wear,1.0,9.89,1.0,1.978,1.978,0.0003914177601155,99.99595048182604,C,3.914177601155291e-06,0.9999595048182602,1.0,1.0,1.0,1.0,Uitgeschakeld,000769822,22.09,Custom Approved,Forbo Siegling Nederland B.V.,350-Conveyor," 5,97",0 dagen,5.0,0.0,2025-08-13,
000769802,Round belt,3,Wear,1.0,40.24,1.0,8.048,8.048,0.0015925834850403,99.82046167388864,C,1.592583485040332e-05,0.9982046167388864,1.0,1.0,1.0,1.0,Uitgeschakeld,000769802,22.46,Custom Approved,Forbo Siegling Nederland B.V.,350-Conveyor," 6,07",0 dagen,5.0,0.0,2025-08-13,
FITZPIA40-4-AJ,Suction cup fitting,2,Consumable,5.0,526.53,5.0,105.306,21.0612,0.0041677086599318,99.03775519078914,C,4.16770865993184e-05,0.9903775519078916,5.0,1.0,1.0,5.0,Uitgeschakeld,FITZPIA40-4-AJ,22.64,Standard Approved,Pneutec B.V.,560-Vacuum component," 10,31",25 dagen,4.0,50.0,2026-02-11,
000417580,Rondsnaar,Onbekend,Onbekend,3.0,416.44,3.0,83.288,27.76266666666666,0.0054938325588982,98.6403811980064,C,5.493832558898244e-05,0.986403811980064,3.0,1.0,1.0,3.0,Uitgeschakeld,000417580,22.83,Custom approved,Forbo Siegling Nederland B.V.,350-Conveyor," 6,17",0 dagen,5.0,1.0,2024-06-21,
ROUNBELT-00000003,Round belt,3,Wear,25.0,2069.08,16.0,413.816,25.8635,0.0051180147819757,98.78340016110138,C,5.118014781975725e-05,0.987834001611014,25.0,1.5625,3.0,16.0,Uitgeschakeld,ROUNBELT-00000003,22.83,Standard approved,Forbo Siegling Nederland B.V.,350-Conveyor," 6,41",0 dagen,5.0,1.0,2026-02-11,
FITZPIA3250091,Suction cup fitting,2,Consumable,8.0,273.24,8.0,54.648,6.831,0.0013517566831896,99.8741430374126,C,1.351756683189676e-05,0.998741430374126,8.0,1.0,1.0,8.0,Uitgeschakeld,FITZPIA3250091,22.88,Standard Approved,Pneutec B.V.,560-Vacuum component," 10,29",0 dagen,4.0,1.0,2025-12-15,
RIETPIR0775-5M-25,Toothed belt endless,3,Wear,6.0,150.95,6.0,30.19,5.031666666666666,0.00099569448752,99.94818480282537,C,9.956944875200387e-06,0.9994818480282536,6.0,1.0,1.0,6.0,Uitgeschakeld,RIETPIR0775-5M-25,23.0,Standard Approved,Ammertech B.V.,360-Drive belt," 4,35",21 dagen,3.0,1.0,2025-12-16,
RIETGAT0350-5MR15,Toothed belt endless,3,Wear,5.0,202.09,2.0,40.418,20.209,0.0039990705329498,99.11111722064156,C,3.999070532949811e-05,0.9911111722064156,5.0,2.5,3.0,2.0,Uitgeschakeld,RIETGAT0350-5MR15,23.16,Standard Approved,Ammertech B.V.,360-Drive belt," 11,58",0 dagen,3.0,1.0,2026-01-30,
000554672,Round belt,3,Wear,2.0,107.97,1.0,21.594,21.594,0.0042731421192794,99.00825073149822,C,4.273142119279441e-05,0.9900825073149824,2.0,2.0,2.0,1.0,Uitgeschakeld,000554672,23.24,Custom Approved,Forbo Siegling Nederland B.V.,350-Conveyor," 6,28",0 dagen,5.0,0.0,2026-04-24,
000296635,Round belt,3,Wear,4.0,596.65,2.0,119.33,59.665,0.0118068456305829,96.21724585409306,C,0.0001180684563058,0.9621724585409308,4.0,2.0,3.0,2.0,Uitgeschakeld,000296635,23.31,Custom approved Racupack,Forbo Siegling Nederland B.V.,350-Conveyor," 6,30",0 dagen,5.0,1.0,2026-04-24,
000554567,Round belt,3,Wear,2.0,108.31,1.0,21.662,21.662,0.0042865983415685,99.00397758937896,C,4.286598341568549e-05,0.9900397758937894,2.0,2.0,2.0,1.0,Uitgeschakeld,000554567,23.31,Custom Approved,Forbo Siegling Nederland B.V.,350-Conveyor," 6,30",0 dagen,5.0,0.0,2026-04-24,
000443217,Drukveer,2,Wear,7.0,113.35,6.0,22.67,3.778333333333333,0.000747677841407,99.97614163274773,C,7.476778414070646e-06,0.9997614163274772,7.0,1.166666666666667,2.0,6.0,Uitgeschakeld,000443217,23.4,Custom Approved,Amatec B.V.,700-General parts," 11,70",8 dagen,5.0,1.0,2025-02-07,
000406036,"Drukveer Do=31,12 Lo=38,1 d=3,76 St",2,Wear,4.0,98.36,3.0,19.672,6.557333333333333,0.0012976019846634,99.8913533868122,C,1.297601984663412e-05,0.998913533868122,4.0,1.333333333333333,2.0,3.0,Uitgeschakeld,000406036,23.42,Custom approved,Amatec B.V.,700-General parts," 11,71",0 dagen,5.0,1.0,2025-12-15,
KOPPROB103808,Coupling hotmelt,Onbekend,Onbekend,1.0,35.5,1.0,7.1,7.1,0.0014049879154804,99.85618606375616,C,1.404987915480413e-05,0.9985618606375616,1.0,1.0,1.0,1.0,Uitgeschakeld,KOPPROB103808,23.44,Custom approved,Robatech B.V.,700-General parts," 11,72",21 dagen,5.0,1.0,2025-01-27,
RIETGAT0400-5MR15,Toothed belt endless,3,Wear,5.0,155.33,3.0,31.066,10.35533333333333,0.0020491715766344,99.7124397495354,C,2.049171576634484e-05,0.997124397495354,5.0,1.666666666666667,2.0,3.0,Uitgeschakeld,RIETGAT0400-5MR15,23.76,Standard Approved,Ammertech B.V.,360-Drive belt," 11,88",0 dagen,3.0,1.0,2025-10-21,
RIETPIR0825-5M-25,Gear belt,3,Wear,1.0,117.32,1.0,23.464,23.464,0.0046431882322299,98.9063125938979,C,4.643188232229916e-05,0.9890631259389788,1.0,1.0,1.0,1.0,Uitgeschakeld,RIETPIR0825-5M-25,23.96,Custom approved,Ammertech B.V.,360-Drive belt," 11,98",21 dagen,3.0,1.0,2021-11-05,
RIETGAT960-8M20,Toothed belt endless,3,Wear,1.0,21.57,1.0,4.314,4.314,0.0008536785728707,99.96743311528012,C,8.536785728707747e-06,0.9996743311528014,1.0,1.0,1.0,1.0,Uitgeschakeld,RIETGAT960-8M20,23.96,Standard Approved,Ammertech B.V.,360-Drive belt," 11,98",21 dagen,5.0,1.0,2025-12-16,
000436192,Fitting Suctioncup Male G1/4 Coval,Onbekend,Onbekend,1.0,83.5,1.0,16.7,16.7,0.0033046898857074,99.31968293926909,C,3.304689885707449e-05,0.9931968293926908,1.0,1.0,1.0,1.0,Uitgeschakeld,000436192,24.02,Custom Approved,Jatec B.V.,170-Purchase parts with machining," 6,49",0 dagen,8.0,10.0,2022-07-22,
RIETGAT0600-8MR30,Toothed belt endless,3,Wear,37.0,1063.02,31.0,212.604,6.858193548387097,0.0013571378954238,99.87279128072942,C,1.357137895423888e-05,0.998727912807294,37.0,1.193548387096774,5.0,31.0,Uitgeschakeld,RIETGAT0600-8MR30,24.36,Standard Approved,Ammertech B.V.,360-Drive belt," 12,28",21 dagen,3.0,1.0,2026-05-05,
000392193,"Hexagon bar 8, Mounting cylinder",1,Critical,5.0,612.28,4.0,122.456,30.614,0.0060580704288052,98.4288585270038,C,6.05807042880526e-05,0.9842885852700382,5.0,1.25,2.0,4.0,Uitgeschakeld,000392193,24.76,Custom approved,Jatec B.V.,140-Lath parts," 6,69",0 dagen,2.0,1.0,2026-04-16,
ROUNBELT-00000038,Round belt,3,Wear,1.0,67.26,1.0,13.452,13.452,0.0026619573857806,99.53734298309332,C,2.661957385780636e-05,0.9953734298309332,1.0,1.0,1.0,1.0,Uitgeschakeld,ROUNBELT-00000038,24.76,Custom approved,Forbo Siegling Nederland B.V.,350-Conveyor," 6,69",0 dagen,5.0,1.0,2024-05-15,
RIETPIR1595-5M-15,Toothed belt endless,3,Wear,10.0,1108.04,6.0,221.608,36.93466666666666,0.0073088394829526,98.10177615116535,C,7.308839482952659e-05,0.9810177615116537,10.0,1.666666666666667,5.0,6.0,Uitgeschakeld,RIETPIR1595-5M-15,24.9,Standard Approved,Ammertech B.V.,360-Drive belt," 12,55",21 dagen,5.0,1.0,2026-02-06,
000607390,"Cylinder, compact",1,Critical,3.0,243.83,1.0,48.766,48.766,0.0096500902375095,97.23095052571826,C,9.650090237509548e-05,0.9723095052571826,3.0,3.0,3.0,1.0,Uitgeschakeld,000607390,25.14,Custom Approved,Festo B.V.,510-Cylinder," 12,57",0 dagen,10.0,0.0,2025-01-30,
000299270,Toothed belt endless,3,Wear,20.0,463.64,17.0,92.728,5.454588235294118,0.0010793845851422,99.93774439510648,C,1.079384585142234e-05,0.9993774439510648,20.0,1.176470588235294,3.0,17.0,Uitgeschakeld,000299270,25.52,Custom Approved,Ammertech B.V.,360-Drive belt," 12,87",0 dagen,5.0,1.0,2026-04-22,
RIETPIR0360H100,Gear belt,3,Wear,2.0,43.2,2.0,8.64,4.32,0.0008548658866021,99.96657943670726,C,8.548658866021666e-06,0.9996657943670728,2.0,1.0,1.0,2.0,Uitgeschakeld,RIETPIR0360H100,26.42,Custom approved,Ammertech B.V.,360-Drive belt," 13,21",21 dagen,3.0,1.0,2024-03-28,
RIETPIR0980-5M-25,Gear belt,3,Wear,1.0,23.47,1.0,4.694,4.694,0.0009288751091922,99.9558766279422,C,9.288751091922617e-06,0.999558766279422,1.0,1.0,1.0,1.0,Uitgeschakeld,RIETPIR0980-5M-25,26.54,Custom approved,Ammertech B.V.,360-Drive belt," 13,27",21 dagen,5.0,1.0,2025-05-15,
000775524,Round belt,3,Wear,1.0,21.84,1.0,4.368,4.368,0.0008643643964533,99.96572457082068,C,8.643643964533018e-06,0.9996572457082068,1.0,1.0,1.0,1.0,Uitgeschakeld,000775524,26.57,Custom Approved,Forbo Siegling Nederland B.V.,350-Conveyor," 7,18",0 dagen,2.0,0.0,2025-05-12,
000214715,Toothed belt endless,3,Wear,24.0,1703.07,20.0,340.614,17.0307,0.0033701306608693,99.30300089275984,C,3.370130660869332e-05,0.9930300089275984,24.0,1.2,2.0,20.0,Uitgeschakeld,000214715,26.88,Standard Approved,Ammertech B.V.,360-Drive belt," 13,55",0 dagen,5.0,100.0,2026-04-22,
000439442,Toothed belt endless,3,Wear,8.0,374.04,1.0,74.808,74.808,0.0148034276029941,94.3973975772323,B,0.0001480342760299,0.943973975772323,8.0,8.0,8.0,1.0,Uitgeschakeld,000439442,27.02,Custom Approved,Ammertech B.V.,360-Drive belt," 13,51",0 dagen,3.0,1.0,2024-11-14,
METMNOR18-013-989,Air pressure indicator,3,Critical,1.0,14.71,1.0,2.942,2.942,0.0005821794996258,99.98686222844624,C,5.821794996258274e-06,0.9998686222844624,1.0,1.0,1.0,1.0,Uitgeschakeld,METMNOR18-013-989,27.04,Custom Approved,Norgren B.V.,500-Air supply," 13,52",25 dagen,10.0,1.0,2023-10-30,
RIETGAT1160-8MR20,Toothed belt endless,3,Wear,4.0,171.33,2.0,34.266,17.133,0.0033903743599895,99.28948407789328,C,3.390374359989564e-05,0.9928948407789328,4.0,2.0,3.0,2.0,Uitgeschakeld,RIETGAT1160-8MR20,27.36,Custom Approved,Ammertech B.V.,360-Drive belt," 13,80",0 dagen,3.0,1.0,2026-03-23,
VEEDSPESP09640,Compression spring,2,Wear,1.0,61.13,1.0,12.226,12.226,0.0024193496133328,99.61079749821042,C,2.419349613332891e-05,0.996107974982104,1.0,1.0,1.0,1.0,Uitgeschakeld,VEEDSPESP09640,27.64,Custom approved,Amatec B.V.,700-General parts," 13,82",21 dagen,5.0,1.0,2022-02-09,
000521591,Toothed belt endless,3,Wear,5.0,186.99,3.0,37.398,12.466,0.0024668421625885,99.59123832351123,C,2.466842162588567e-05,0.9959123832351124,5.0,1.666666666666667,2.0,3.0,Uitgeschakeld,000521591,28.26,Standard Approved,Eriks B.V.,360-Drive belt," 14,13",0 dagen,3.0,0.0,2025-05-13,
000535266,"Sensor, inductive shielded",2,Critical,80.0,3967.06,56.0,793.412,14.16807142857143,0.0028036576257473,99.4938751269607,C,2.803657625747347e-05,0.994938751269607,80.0,1.428571428571429,7.0,56.0,Uitgeschakeld,000535266,28.32,Standard Approved,Omron Electronics B.V.,660-Sensor and lighting," 13,36",0 dagen,10.0,0.0,2026-04-22,
RIETPIR1135-5M-25,Gear belt,3,Wear,1.0,51.5,1.0,10.3,10.3,0.002038221905556,99.71447797144096,C,2.038221905556092e-05,0.9971447797144096,1.0,1.0,1.0,1.0,Uitgeschakeld,RIETPIR1135-5M-25,29.12,Custom approved,Ammertech B.V.,360-Drive belt," 14,68",21 dagen,3.0,1.0,2023-12-05,
VEEDSPED23410,Compression spring,2,Wear,8.0,507.73,7.0,101.546,14.50657142857143,0.00287064190876,99.47403461037196,C,2.87064190876004e-05,0.9947403461037196,8.0,1.142857142857143,2.0,7.0,Uitgeschakeld,VEEDSPED23410,29.18,Standard approved,Amatec B.V.,700-General parts," 14,59",21 dagen,5.0,1.0,2025-02-26,
000289382,Pressure spring,2,Wear,1.0,29.18,1.0,5.836,5.836,0.0011548604894005,99.92328855152896,C,1.15486048940052e-05,0.9992328855152895,1.0,1.0,1.0,1.0,Uitgeschakeld,000289382,29.18,Custom approved Racupack,Amatec B.V.,700-General parts," 14,59",0 dagen,5.0,1.0,2026-01-19,
000274523,Toothed belt endless,3,Wear,4.0,108.83,3.0,21.766,7.255333333333333,0.0014357261487486,99.84622318670976,C,1.435726148748669e-05,0.9984622318670976,4.0,1.333333333333333,2.0,3.0,Uitgeschakeld,000274523,29.34,Custom Approved,Eriks B.V.,360-Drive belt," 14,67",0 dagen,5.0,1.0,2026-02-11,
RIETPIR0720-8M-30,Toothed belt endless,3,Wear,59.0,1665.36,52.0,333.072,6.405230769230769,0.0012675030741735,99.89904858238752,C,1.267503074173597e-05,0.9989904858238752,59.0,1.134615384615385,3.0,52.0,Uitgeschakeld,RIETPIR0720-8M-30,29.36,Standard Approved,Ammertech B.V.,360-Drive belt," 5,56",21 dagen,3.0,1.0,2026-04-22,
CILDFES16015DSNU,"Cylinder, round",1,Critical,5.0,151.23,2.0,30.246,15.123,0.0029926242599732,99.43600824211066,C,2.992624259973279e-05,0.9943600824211066,5.0,2.5,4.0,2.0,Uitgeschakeld,CILDFES16015DSNU,29.48,Custom Approved,Festo B.V.,510-Cylinder," 14,74",0 dagen,8.0,1.0,2024-07-23,
BELTTIM-00000027,Toothed belt endless,3,Wear,4.0,124.37,3.0,24.874,8.291333333333334,0.0016407356530356,99.80437046437495,C,1.640735653035671e-05,0.9980437046437496,4.0,1.333333333333333,2.0,3.0,Uitgeschakeld,BELTTIM-00000027,29.52,Custom Approved,Ammertech B.V.,360-Drive belt," 14,76",0 dagen,3.0,1.0,2024-05-15,
CILDFES16020DSNU,"Cylinder, round",1,Critical,9.0,272.25,6.0,54.45,9.075,0.0017958120187302,99.77165641540182,C,1.795812018730246e-05,0.9977165641540182,9.0,1.5,3.0,6.0,Uitgeschakeld,CILDFES16020DSNU,29.56,Standard Approved,Festo B.V.,510-Cylinder," 14,78",0 dagen,8.0,1.0,2025-12-15,
RIETPIR1420-5M-25,Toothed belt endless,3,Wear,22.0,833.7900000000001,15.0,166.758,11.1172,0.0021999340357716,99.68500968792502,C,2.199934035771668e-05,0.9968500968792502,22.0,1.466666666666667,5.0,15.0,Uitgeschakeld,RIETPIR1420-5M-25,29.6,Standard Approved,Ammertech B.V.,360-Drive belt," 14,93",15 dagen,5.0,1.0,2026-04-14,
000499969,Toothed belt endless,3,Wear,2.0,51.55,2.0,10.31,5.154999999999999,0.0010201003808875,99.94718910833782,C,1.020100380887539e-05,0.9994718910833784,2.0,1.0,1.0,2.0,Uitgeschakeld,000499969,29.6,Custom Approved,Ammertech B.V.,360-Drive belt," 14,80",0 dagen,5.0,0.0,2025-11-25,
000535256,"Sensor, inductive",2,Critical,11.0,669.0,10.0,133.8,13.38,0.0026477096210039,99.5479604410484,C,2.647709621003933e-05,0.995479604410484,11.0,1.1,2.0,10.0,Uitgeschakeld,000535256,29.92,Standard Approved,Omron Electronics B.V.,660-Sensor and lighting," 14,96",0 dagen,10.0,0.0,2026-01-26,
000535246,"Sensor, inductive",2,Critical,2.0,130.03,2.0,26.006,13.003,0.0025731067415481,99.56365273128785,C,2.573106741548142e-05,0.9956365273128784,2.0,1.0,1.0,2.0,Uitgeschakeld,000535246,29.92,Custom Approved,Omron Electronics B.V.,660-Sensor and lighting," 14,96",0 dagen,10.0,0.0,2026-05-21,
000535267,"Sensor, inductive shielded",2,Critical,49.0,1936.47,41.0,387.294,9.446195121951218,0.0018692661962833,99.75159758903924,C,1.869266196283308e-05,0.9975159758903924,49.0,1.195121951219512,5.0,41.0,Uitgeschakeld,000535267,30.04,Standard Approved,Omron Electronics B.V.,660-Sensor and lighting," 14,77",0 dagen,10.0,0.0,2026-04-22,
000614094,Belt - L210 Case Guiding Outer,3,Wear,1.0,23.08,1.0,4.616,4.616,0.0009134400306841,99.9577173599971,C,9.134400306841668e-06,0.999577173599971,1.0,1.0,1.0,1.0,Uitgeschakeld,000614094,30.41,Custom Approved,YONGLI Nederland Wormer B.V.,191-Belt material," 8,42",0 dagen,7.0,0.0,2024-04-11,
000614089,Belt - L210 Case Guiding Middle,3,Wear,1.0,23.08,1.0,4.616,4.616,0.0009134400306841,99.95863080002778,C,9.134400306841668e-06,0.9995863080002778,1.0,1.0,1.0,1.0,Uitgeschakeld,000614089,30.41,Custom Approved,YONGLI Nederland Wormer B.V.,191-Belt material," 8,42",0 dagen,7.0,0.0,2024-04-11,
000631924,"Safety sensor, other",1,Critical,4.0,175.57,3.0,35.114,11.70466666666667,0.0023161852424497,99.65578764769556,C,2.316185242449728e-05,0.9965578764769556,4.0,1.333333333333333,2.0,3.0,Uitgeschakeld,000631924,30.52,Custom Approved,Omron Electronics B.V.,660-Sensor and lighting," 10,90",0 dagen,10.0,0.0,2026-05-21,
000742570,Belt,3,Wear,1.0,2.46,1.0,0.492,0.492,9.735972597413564e-05,100.0000000000002,C,9.735972597413565e-07,1.000000000000002,1.0,1.0,1.0,1.0,Uitgeschakeld,000742570,31.15,Custom Approved,YONGLI Nederland Wormer B.V.,191-Belt material," 8,42",0 dagen,7.0,0.0,2025-01-28,
000382559,Linatex,Onbekend,Onbekend,1.0,22.13,1.0,4.426,4.426,0.0008758417625234,99.96398772871726,C,8.758417625234235e-06,0.9996398772871726,1.0,1.0,1.0,1.0,Uitgeschakeld,000382559,31.16,Custom Approved,YONGLI Nederland Wormer B.V.,191-Belt material," 8,76",0 dagen,7.0,1.0,2022-01-06,
000267242,"Spring, pressure",2,Wear,2.0,47.81,2.0,9.562,4.781000000000001,0.0009460911582974,99.95400531156508,C,9.460911582974442e-06,0.9995400531156506,2.0,1.0,1.0,2.0,Uitgeschakeld,000267242,31.28,Custom Approved,Amatec B.V.,700-General parts," 15,64",0 dagen,5.0,1.0,2024-05-15,
000483221,"Spring, pressure",2,Wear,1.0,59.08,1.0,11.816,11.816,0.0023382165083544,99.64649401542498,C,2.338216508354444e-05,0.9964649401542498,1.0,1.0,1.0,1.0,Uitgeschakeld,000483221,31.36,Custom Approved,ATV Springs,700-General parts," 15,68",0 dagen,5.0,0.0,2026-04-17,
BELTTIM-00000011,Timing belt,3,Wear,1.0,31.42,1.0,6.284000000000001,6.284000000000001,0.0012435132480111,99.90529978918327,C,1.243513248011115e-05,0.9990529978918328,1.0,1.0,1.0,1.0,Uitgeschakeld,BELTTIM-00000011,31.42,Custom approved,Ammertech B.V.,360-Drive belt," 15,71",0 dagen,5.0,1.0,2026-05-21,
000477173,"Cylinder, compact",1,Critical,1.0,25.09,1.0,5.018,5.018,0.0009929900506874,99.94917779287604,C,9.92990050687424e-06,0.9994917779287604,1.0,1.0,1.0,1.0,Uitgeschakeld,000477173,31.52,Custom Approved,Festo B.V.,510-Cylinder," 15,76",0 dagen,8.0,0.0,2023-04-12,
RIETGAT1696-8MR30,Toothed belt endless,3,Wear,11.0,869.8100000000001,9.0,173.962,19.32911111111111,0.0038249531729703,99.18151741114175,C,3.824953172970322e-05,0.9918151741114176,11.0,1.222222222222222,2.0,9.0,Uitgeschakeld,RIETGAT1696-8MR30,31.52,Custom Approved Racupack,Ammertech B.V.,360-Drive belt," 15,76",21 dagen,5.0,1.0,2025-01-03,
CYLIDA-00000017,"Cylinder, compact",1,Critical,3.0,200.13,3.0,40.026,13.342,0.0026401899673717,99.55324588685508,C,2.640189967371784e-05,0.9955324588685508,3.0,1.0,1.0,3.0,Uitgeschakeld,CYLIDA-00000017,31.56,Custom Approved,Festo B.V.,510-Cylinder," 15,78",0 dagen,8.0,1.0,2026-02-11,
CILDFES16080DSN#C,"Cylinder, round",1,Critical,1.0,26.95,1.0,5.39,5.39,0.0010666035020337,99.9409624110898,C,1.066603502033722e-05,0.999409624110898,1.0,1.0,1.0,1.0,Uitgeschakeld,CILDFES16080DSN#C,31.7,Custom Approved,Festo B.V.,510-Cylinder," 15,85",0 dagen,8.0,1.0,2021-10-25,
CYLIDA-00000013,"Cylinder, compact",1,Critical,1.0,24.62,1.0,4.924,4.924,0.0009743888022289,99.95114240133024,C,9.74388802228951e-06,0.9995114240133024,1.0,1.0,1.0,1.0,Uitgeschakeld,CYLIDA-00000013,31.84,Custom Approved,Festo B.V.,510-Cylinder," 15,92",0 dagen,8.0,1.0,2024-05-15,
000396541,Toothed belt endless,3,Wear,2.0,52.7,2.0,10.54,5.27,0.0010428572274058,99.94411258057416,C,1.042857227405884e-05,0.9994411258057416,2.0,1.0,1.0,2.0,Uitgeschakeld,000396541,31.86,Standard Approved,Ammertech B.V.,360-Drive belt," 16,06",0 dagen,5.0,1.0,2023-09-06,
RIETPIR1000-5M-25,Toothed belt endless,3,Wear,2.0,52.12,2.0,10.424,5.212000000000001,0.0010313798613357,99.94514396043552,C,1.031379861335762e-05,0.9994514396043552,2.0,1.0,1.0,2.0,Uitgeschakeld,RIETPIR1000-5M-25,32.06,Custom Approved,Ammertech B.V.,360-Drive belt," 16,16",21 dagen,3.0,1.0,2025-11-04,
000549106,"Cylinder, compact",1,Critical,4.0,109.69,4.0,21.938,5.4845,0.0010853036933031,99.93666501052132,C,1.085303693303144e-05,0.9993666501052132,4.0,1.0,1.0,4.0,Uitgeschakeld,000549106,32.14,Standard Approved,Festo B.V.,510-Cylinder," 16,07",0 dagen,8.0,0.0,2025-10-08,
RIETGAT0840-8MR30,Toothed belt endless,3,Wear,6.0,192.83,6.0,38.566,6.427666666666666,0.0012719428156905,99.89778107931332,C,1.271942815690554e-05,0.9989778107931332,6.0,1.0,1.0,6.0,Uitgeschakeld,RIETGAT0840-8MR30,32.2,Standard Approved,Ammertech B.V.,360-Drive belt," 16,10",0 dagen,3.0,1.0,2025-01-31,
CILDFES20025DSN#A,"Cylinder, round",1,Critical,1.0,27.74,1.0,5.548,5.548,0.0010978694302937,99.93557970682802,C,1.097869430293708e-05,0.9993557970682804,1.0,1.0,1.0,1.0,Uitgeschakeld,CILDFES20025DSN#A,32.28,Custom Approved,Festo B.V.,510-Cylinder," 16,14",21 dagen,8.0,1.0,2023-12-19,
CILDFES020020ADN,"Cylinder, compact",1,Critical,3.0,162.8,2.0,32.56,16.28,0.00322157792451,99.36206054096994,C,3.221577924510017e-05,0.9936206054096992,3.0,1.5,2.0,2.0,Uitgeschakeld,CILDFES020020ADN,32.3,Custom Approved,Festo B.V.,510-Cylinder," 16,15",0 dagen,8.0,1.0,2025-02-25,
000252240,"Cylinder, compact",1,Critical,2.0,54.28,1.0,10.856,10.856,0.0021482463113317,99.6893524857832,C,2.148246311331741e-05,0.996893524857832,2.0,2.0,2.0,1.0,Uitgeschakeld,000252240,32.44,Custom Approved,Festo B.V.,510-Cylinder," 16,22",0 dagen,8.0,1.0,2026-03-02,
000675185,"Cylinder, compact",1,Critical,1.0,27.86,1.0,5.572,5.572,0.0011026186852192,99.93338040602625,C,1.102618685219276e-05,0.9993338040602624,1.0,1.0,1.0,1.0,Uitgeschakeld,000675185,32.44,Custom Approved,Festo B.V.,510-Cylinder," 16,22",0 dagen,8.0,0.0,2024-08-27,
000541669,"Sensor, inductive shielded",2,Critical,2.0,443.46,1.0,88.692,88.692,0.017550871577435,91.9216197361103,B,0.0001755087157743,0.919216197361103,2.0,2.0,2.0,1.0,Uitgeschakeld,000541669,32.48,Custom Approved,Omron Electronics B.V.,660-Sensor and lighting," 16,24",0 dagen,10.0,0.0,2023-03-16,
000542824,"Sensor, inductive shielded",2,Critical,14.0,705.23,11.0,141.046,12.82236363636363,0.0025373614023924,99.57129831213392,C,2.537361402392449e-05,0.9957129831213392,14.0,1.272727272727273,2.0,11.0,Uitgeschakeld,000542824,32.48,Standard Approved,Omron Electronics B.V.,660-Sensor and lighting," 16,24",0 dagen,10.0,0.0,2026-03-02,
000535278,"Sensor, inductive",2,Critical,10.0,332.87,7.0,66.574,9.510571428571428,0.0018820053417543,99.74597918185046,C,1.882005341754386e-05,0.9974597918185044,10.0,1.428571428571429,3.0,7.0,Uitgeschakeld,000535278,32.48,Standard Approved,Omron Electronics B.V.,660-Sensor and lighting," 16,24",0 dagen,10.0,0.0,2026-01-29,
CILDFES20040DSN#A,"Cylinder, round",1,Critical,21.0,920.47,20.0,184.094,9.2047,0.0018214777838905,99.76082070995118,C,1.8214777838905e-05,0.9976082070995118,21.0,1.05,2.0,20.0,Uitgeschakeld,CILDFES20040DSN#A,32.52,Standard Approved,Festo B.V.,510-Cylinder," 16,26",21 dagen,8.0,1.0,2026-05-04,
000271293,Double acting cylinder,1,Critical,1.0,23.43,1.0,4.686,4.686,0.000927292024217,99.95680391996642,C,9.272920242170725e-06,0.9995680391996642,1.0,1.0,1.0,1.0,Uitgeschakeld,000271293,32.7,Custom approved Racupack,Festo B.V.,510-Cylinder," 16,35",0 dagen,8.0,1.0,2022-12-28,
SCHNOMRM12KONACOG,Proximity switch,2,Critical,1.0,38.19,1.0,7.638,7.638,0.0015114503800618,99.83438436374632,C,1.511450380061886e-05,0.9983438436374632,1.0,1.0,1.0,1.0,Uitgeschakeld,SCHNOMRM12KONACOG,32.88,Custom approved,Omron Electronics B.V.,660-Sensor and lighting," 16,44",5 dagen,10.0,1.0,2022-03-11,
RIETGAT0880-8MR30,Toothed belt endless,3,Wear,14.0,369.75,14.0,73.95,5.282142857142857,0.0010452601242432,99.94306972334677,C,1.045260124243225e-05,0.9994306972334676,14.0,1.0,1.0,14.0,Uitgeschakeld,RIETGAT0880-8MR30,32.92,Standard Approved,Ammertech B.V.,360-Drive belt," 16,60",21 dagen,3.0,1.0,2026-04-22,
000257548,"Cylinder, compact",1,Critical,4.0,238.3,4.0,47.66,11.915,0.0023578071849224,99.63710636246395,C,2.357807184922411e-05,0.9963710636246396,4.0,1.0,1.0,4.0,Uitgeschakeld,000257548,33.02,Custom Approved,Festo B.V.,510-Cylinder," 16,51",0 dagen,8.0,1.0,2026-02-11,
000539327,"Cylinder, round",1,Critical,1.0,28.52,1.0,5.704,5.704,0.0011287395873098,99.92783505724378,C,1.128739587309898e-05,0.999278350572438,1.0,1.0,1.0,1.0,Uitgeschakeld,000539327,33.2,Custom Approved,Festo B.V.,510-Cylinder," 16,60",0 dagen,8.0,0.0,2023-10-25,
000295256,"Cylinder, compact",1,Critical,1.0,29.41,1.0,5.882,5.882,0.0011639632280078,99.9209784347789,C,1.163963228007857e-05,0.9992097843477892,1.0,1.0,1.0,1.0,Uitgeschakeld,000295256,33.26,Custom Approved Racupack,Festo B.V.,510-Cylinder," 16,63",31 dagen,8.0,1.0,2024-05-13,
CILDFES16040DSN#C,"Cylinder, round",1,Critical,2.0,56.01000000000001,2.0,11.202,5.601000000000001,0.0011083573682543,99.93007057111436,C,1.108357368254337e-05,0.9993007057111436,2.0,1.0,1.0,2.0,Uitgeschakeld,CILDFES16040DSN#C,33.34,Standard Approved,Festo B.V.,510-Cylinder," 16,67",0 dagen,8.0,1.0,2025-01-16,
SNARSIEPUGR87SHA,Round belt,3,Wear,13.0,6196.8,8.0,1239.36,154.92,0.0306564405445388,81.65301991471543,B,0.0003065644054453,0.8165301991471543,13.0,1.625,3.0,8.0,Uitgeschakeld,SNARSIEPUGR87SHA,33.6,Custom Approved,Forbo Siegling Nederland B.V.,360-Drive belt," 16,67",21 dagen,5.0,1.0,2026-03-17,
000477096,"Cylinder, compact",1,Critical,2.0,70.86,2.0,14.172,7.086,0.0014022175167738,99.85899326918842,C,1.402217516773831e-05,0.998589932691884,2.0,1.0,1.0,2.0,Uitgeschakeld,000477096,33.66,Custom Approved,Festo B.V.,510-Cylinder," 16,83",0 dagen,8.0,0.0,2022-12-28,
RIETPIR1690-5M-25,Toothed belt endless,3,Wear,6.0,298.1,6.0,59.62,9.936666666666667,0.0019663234629329,99.73449809278937,C,1.966323462932916e-05,0.9973449809278936,6.0,1.0,1.0,6.0,Uitgeschakeld,RIETPIR1690-5M-25,33.94,Custom Approved,Ammertech B.V.,360-Drive belt," 17,11",21 dagen,3.0,1.0,2024-12-04,
CILDFES20030ADN,"Cylinder, compact",1,Critical,2.0,58.71,1.0,11.742,11.742,0.0023235729723339,99.65115105565071,C,2.323572972333945e-05,0.9965115105565072,2.0,2.0,2.0,1.0,Uitgeschakeld,CILDFES20030ADN,34.06,Custom Approved,Festo B.V.,510-Cylinder," 17,03",21 dagen,8.0,1.0,2026-04-21,
000259237,Toothed belt endless,3,Wear,2.0,321.56,2.0,64.312,32.156,0.0063632100577729,98.3675544047093,C,6.363210057772978e-05,0.9836755440470928,2.0,1.0,1.0,2.0,Uitgeschakeld,000259237,34.12,Standard Approved,Ammertech B.V.,360-Drive belt," 17,06",0 dagen,5.0,1.0,2023-03-17,
000435950,Toothed belt endless,3,Wear,4.0,287.78,3.0,57.556,19.18533333333333,0.0037965016179995,99.18531391275975,C,3.79650161799956e-05,0.9918531391275976,4.0,1.333333333333333,2.0,3.0,Uitgeschakeld,000435950,34.3,Custom Approved,Eriks B.V.,360-Drive belt," 17,15",0 dagen,3.0,1.0,2026-04-21,
CILDFES16050DSN#B,"Cylinder, round",1,Critical,4.0,124.2,4.0,24.84,6.21,0.0012288697119906,99.91023743122088,C,1.228869711990614e-05,0.9991023743122088,4.0,1.0,1.0,4.0,Uitgeschakeld,CILDFES16050DSN#B,34.34,Standard Approved,Festo B.V.,510-Cylinder," 17,17",21 dagen,8.0,1.0,2026-05-21,
CILEFES016010ESN,"Cylinder, round",1,Critical,1.0,28.58,1.0,5.715999999999999,5.715999999999999,0.0011311142147726,99.92670631765648,C,1.131114214772681e-05,0.9992670631765648,1.0,1.0,1.0,1.0,Uitgeschakeld,CILEFES016010ESN,34.62,Custom Approved,Festo B.V.,510-Cylinder," 17,31",0 dagen,8.0,1.0,2023-09-13,
000231250,Rondsnaar,Onbekend,Onbekend,18.0,1779.89,16.0,355.978,22.248625,0.0044026829945148,98.9517027807029,C,4.402682994514844e-05,0.989517027807029,18.0,1.125,2.0,16.0,Uitgeschakeld,000231250,34.64,Standard Approved,Forbo Siegling Nederland B.V.,350-Conveyor," 9,74",0 dagen,5.0,1.0,2026-04-22,
SCHNNORM/50/LSU5V,Proximity switch,2,Critical,3.0,116.38,3.0,23.276,7.758666666666667,0.0015353285784376,99.82982246083878,C,1.535328578437656e-05,0.9982982246083878,3.0,1.0,1.0,3.0,Uitgeschakeld,SCHNNORM/50/LSU5V,34.64,Custom approved,Norgren B.V.,"530-Electric, accessory"," 17,32",25 dagen,10.0,1.0,2024-07-08,
RIETGAT0920-8MR30,Toothed belt endless,3,Wear,2.0,59.38,2.0,11.876,5.938,0.0011750448228341,99.91864140558428,C,1.175044822834182e-05,0.9991864140558429,2.0,1.0,1.0,2.0,Uitgeschakeld,RIETGAT0920-8MR30,34.64,Custom Approved,Ammertech B.V.,360-Drive belt," 17,32",0 dagen,5.0,1.0,2022-09-26,
CILDFES25050DSN#A,Double acting cylinder,1,Critical,1.0,25.9,1.0,5.18,5.18,0.001025047521435,99.94616900795694,C,1.025047521435005e-05,0.9994616900795694,1.0,1.0,1.0,1.0,Uitgeschakeld,CILDFES25050DSN#A,34.7,Custom approved,Festo B.V.,510-Cylinder," 17,35",21 dagen,8.0,1.0,2021-10-22,
CILEFES016025ESN,"Cylinder, round",1,Critical,9.0,360.41,6.0,72.082,12.01366666666667,0.0023773318996164,99.63474855527905,C,2.377331899616411e-05,0.9963474855527904,9.0,1.5,4.0,6.0,Uitgeschakeld,CILEFES016025ESN,34.82,Standard Approved,Festo B.V.,510-Cylinder," 17,41",0 dagen,8.0,1.0,2026-01-23,
VEEDSPE1687135400,Compression spring,2,Wear,1.0,53.4,1.0,10.68,10.68,0.0021134184418775,99.69997792888108,C,2.113418441877578e-05,0.9969997792888108,1.0,1.0,1.0,1.0,Uitgeschakeld,VEEDSPE1687135400,35.04,Custom approved,Amatec B.V.,700-General parts," 17,52",0 dagen,5.0,1.0,2022-11-08,
KOPUFESKSG-40,Rod coupler,3,Wear,3.0,286.03,3.0,57.206,19.06866666666667,0.0037734149621113,99.1928647483687,C,3.773414962111384e-05,0.991928647483687,3.0,1.0,1.0,3.0,Uitgeschakeld,KOPUFESKSG-40,35.16,Standard Approved,Festo B.V.,520-Cylinder mounting," 17,58",25 dagen,10.0,5.0,2026-04-14,
RIETGAT0500/5MR15,Toothed belt endless,3,Wear,1.0,59.28,1.0,11.856,11.856,0.0023461319332303,99.64180970792523,C,2.34613193323039e-05,0.9964180970792524,1.0,1.0,1.0,1.0,Uitgeschakeld,RIETGAT0500/5MR15,35.18,Custom Approved,Eriks B.V.,360-Drive belt," 17,59",0 dagen,3.0,1.0,2025-10-02,
CILDFES020050ADN,"Cylinder, compact",1,Critical,2.0,103.76,2.0,20.752,10.376,0.0020532612128203,99.71039057795878,C,2.053261212820389e-05,0.9971039057795876,2.0,1.0,1.0,2.0,Uitgeschakeld,CILDFES020050ADN,35.68,Custom Approved,Festo B.V.,510-Cylinder," 17,84",0 dagen,8.0,1.0,2023-12-19,
000536113,Conveyor belt,3,Wear,3.0,139.7,1.0,27.94,27.94,0.0055289242758482,98.60733184536764,C,5.528924275848271e-05,0.9860733184536762,3.0,3.0,3.0,1.0,Uitgeschakeld,000536113,35.82,Custom Approved,YONGLI Nederland Wormer B.V.,350-Conveyor," 9,68",0 dagen,7.0,0.0,2025-03-11,
OMR_AX-FIC1014-SE,Mains filter 1phase 14A,2,Critical,1.0,90.32,1.0,18.064,18.064,0.0035746058739772,99.24091818735332,C,3.574605873977207e-05,0.9924091818735332,1.0,1.0,1.0,1.0,Uitgeschakeld,OMR_AX-FIC1014-SE,35.84,Custom Approved,Omron Electronics B.V.,610-Motor control," 17,92",0 dagen,10.0,0.0,2025-04-09,
000577709,"Cylinder, compact",1,Critical,1.0,27.83,1.0,5.566,5.566,0.0011014313714878,99.93448183739774,C,1.101431371487884e-05,0.9993448183739774,1.0,1.0,1.0,1.0,Uitgeschakeld,000577709,35.98,Custom Approved,Festo B.V.,510-Cylinder," 17,99",0 dagen,8.0,0.0,2023-08-07,
000379822,"Cylinder, round",1,Critical,1.0,30.03,1.0,6.006,6.006,0.0011885010451232,99.91746636076144,C,1.18850104512329e-05,0.9991746636076144,1.0,1.0,1.0,1.0,Uitgeschakeld,000379822,36.06,Custom Approved,Festo B.V.,510-Cylinder," 18,03",0 dagen,8.0,1.0,2025-10-08,
SCHEKLMAT0112I/R,Limitswitch with swivelarm,2,Critical,4.0,304.59,3.0,60.91800000000001,20.306,0.0040182654382739,99.09509145355209,C,4.01826543827398e-05,0.9909509145355208,4.0,1.333333333333333,2.0,3.0,Uitgeschakeld,SCHEKLMAT0112I/R,36.14,Custom approved,Solar Nederland B.V.,660-Sensor and lighting," 18,07",21 dagen,10.0,1.0,2024-09-24,
CILDFES20025DSN#C,"Cylinder, round",1,Critical,3.0,125.66,3.0,25.132,8.377333333333333,0.0016577538165189,99.79943097540487,C,1.657753816518954e-05,0.9979943097540488,3.0,1.0,1.0,3.0,Uitgeschakeld,CILDFES20025DSN#C,36.42,Standard Approved,Festo B.V.,510-Cylinder," 18,21",21 dagen,8.0,1.0,2026-04-22,
RIETPIR1500-5M-25,Toothed belt endless,3,Wear,8.0,298.66,4.0,59.73200000000001,14.933,0.0029550259918125,99.44491626126606,C,2.955025991812536e-05,0.9944491626126606,8.0,2.0,4.0,4.0,Uitgeschakeld,RIETPIR1500-5M-25,36.48,Custom Approved,Ammertech B.V.,360-Drive belt," 6,85",21 dagen,3.0,1.0,2025-11-25,
CILDFES20040DSN#C,"Cylinder, round",1,Critical,20.0,911.52,18.0,182.304,10.128,0.0020041855785895,99.72658421801746,C,2.004185578589524e-05,0.9972658421801748,20.0,1.111111111111111,2.0,18.0,Uitgeschakeld,CILDFES20040DSN#C,36.64,Standard Approved,Festo B.V.,510-Cylinder," 18,32",21 dagen,8.0,1.0,2026-05-04,
CILDFES20050DSN#B,"Cylinder, round",1,Critical,14.0,1695.21,13.0,339.042,26.08015384615385,0.0051608874630586,98.7628853256982,C,5.160887463058614e-05,0.987628853256982,14.0,1.076923076923077,2.0,13.0,Uitgeschakeld,CILDFES20050DSN#B,36.78,Standard Approved,Festo B.V.,510-Cylinder," 18,39",21 dagen,8.0,1.0,2026-03-06,
000536056,Conveyor belt,3,Wear,2.0,57.32,1.0,11.464,11.464,0.0022685607694461,99.66491650720498,C,2.26856076944612e-05,0.9966491650720498,2.0,2.0,2.0,1.0,Uitgeschakeld,000536056,36.93,Custom Approved,YONGLI Nederland Wormer B.V.,350-Conveyor," 9,98",0 dagen,7.0,0.0,2022-10-28,
CILDFES020R060MA-,"Cylinder, round",1,Critical,4.0,161.13,4.0,32.226,8.0565,0.0015942655128264,99.8188690904036,C,1.594265512826471e-05,0.998188690904036,4.0,1.0,1.0,4.0,Uitgeschakeld,CILDFES020R060MA-,36.94,Standard Approved,Festo B.V.,510-Cylinder," 18,47",0 dagen,8.0,1.0,2025-11-25,
000546364,Round belt,3,Wear,1.0,100.24,1.0,20.048,20.048,0.0039672109478241,99.12304259975964,C,3.967210947824128e-05,0.9912304259975964,1.0,1.0,1.0,1.0,Uitgeschakeld,000546364,37.0,Custom Approved,Forbo Siegling Nederland B.V.,350-Conveyor," 10,00",0 dagen,5.0,0.0,2024-10-30,
BELTTIM-00000005,Toothed belt endless,3,Wear,1.0,51.3,1.0,10.26,10.26,0.0020303064806801,99.71854570828472,C,2.030306480680145e-05,0.9971854570828472,1.0,1.0,1.0,1.0,Uitgeschakeld,BELTTIM-00000005,37.0,Custom Approved,Eriks B.V.,360-Drive belt," 18,50",0 dagen,5.0,1.0,2022-06-17,
000303655,Toothed belt endless,3,Wear,2.0,66.34,2.0,13.268,6.634,0.0013127732156756,99.88744943330153,C,1.312773215675642e-05,0.9988744943330152,2.0,1.0,1.0,2.0,Uitgeschakeld,000303655,37.06,Custom Approved,Ammertech B.V.,360-Drive belt," 18,69",0 dagen,5.0,1.0,2026-01-26,
000701351,Toothed belt endless,3,Wear,1.0,32.76,1.0,6.552,6.552,0.0012965465946799,99.89264993340689,C,1.296546594679953e-05,0.9989264993340689,1.0,1.0,1.0,1.0,Geselecteerd,000701351,37.06,Custom Approved,Ammertech B.V.,360-Drive belt," 18,53",0 dagen,2.0,0.0,2024-05-31,
RIETGAT-5MR15,Toothed belt open-ended,3,Wear,28.0,5704.09,12.0,1140.818,95.06816666666668,0.0188126232835978,90.70502660522124,B,0.0001881262328359,0.9070502660522124,28.0,2.333333333333333,9.0,12.0,Uitgeschakeld,RIETGAT-5MR15,37.09,Custom Approved,Eriks B.V.,360-Drive belt," 18,83",0 dagen,3.0,1.0,2026-03-12,
RIETCALLLRPP8M50P,Toothed belt open-ended,3,Wear,8.0,3231.55,5.0,646.31,129.262,0.0255790912578632,85.54776266109867,B,0.0002557909125786,0.8554776266109867,8.0,1.6,3.0,5.0,Uitgeschakeld,RIETCALLLRPP8M50P,37.12,Custom Approved,Caldic Techniek B.V.,360-Drive belt," 18,56",21 dagen,3.0,1.0,2026-05-01,
CILDFES20080DSN#A,"Cylinder, round",1,Critical,7.0,367.11,5.0,73.422,14.6844,0.0029058316262085,99.46247116971018,C,2.905831626208531e-05,0.994624711697102,7.0,1.4,2.0,5.0,Uitgeschakeld,CILDFES20080DSN#A,37.28,Custom Approved,Festo B.V.,510-Cylinder," 18,64",0 dagen,8.0,1.0,2026-03-11,
CILDFES20010DSN#A,"Cylinder, round",1,Critical,17.0,796.01,13.0,159.202,12.24630769230769,0.0024233682136545,99.60837814859708,C,2.423368213654525e-05,0.9960837814859708,17.0,1.307692307692308,4.0,13.0,Uitgeschakeld,CILDFES20010DSN#A,37.28,Standard Approved,Festo B.V.,510-Cylinder," 18,64",0 dagen,8.0,1.0,2026-04-23,
000279587,"Cylinder, round",1,Critical,6.0,206.83,3.0,41.366,13.78866666666667,0.0027285788784865,99.5104608414,C,2.728578878486514e-05,0.995104608414,6.0,2.0,4.0,3.0,Uitgeschakeld,000279587,37.36,Custom Approved,Festo B.V.,510-Cylinder," 18,68",0 dagen,8.0,1.0,2025-12-15,
000462554,Toothed belt endless,3,Wear,15.0,647.55,15.0,129.51,8.633999999999999,0.0017085444594729,99.7910195831986,C,1.708544459472941e-05,0.997910195831986,15.0,1.0,1.0,15.0,Uitgeschakeld,000462554,37.38,Standard Approved,Ammertech B.V.,360-Drive belt," 18,85",0 dagen,3.0,0.0,2026-04-22,
000483675,"Cylinder, round",1,Critical,2.0,62.78,2.0,12.556,6.278,0.0012423259342797,99.90654211511756,C,1.242325934279723e-05,0.9990654211511756,2.0,1.0,1.0,2.0,Uitgeschakeld,000483675,37.44,Custom Approved,Festo B.V.,510-Cylinder," 18,72",0 dagen,8.0,0.0,2025-08-13,
000772418,"Cylinder, round",1,Critical,1.0,30.73,1.0,6.146,6.146,0.0012162050321891,99.91389762262637,C,1.216205032189101e-05,0.9991389762262636,1.0,1.0,1.0,1.0,Uitgeschakeld,000772418,37.58,Custom Approved,Festo B.V.,510-Cylinder," 18,79",0 dagen,8.0,0.0,2025-08-13,
CILDFES20040DSN#B,"Cylinder, round",1,Critical,5.0,196.17,5.0,39.23399999999999,7.846799999999999,0.0015527688979143,99.82674758212195,C,1.552768897914324e-05,0.9982674758212196,5.0,1.0,1.0,5.0,Uitgeschakeld,CILDFES20040DSN#B,37.74,Custom Approved,Festo B.V.,510-Cylinder," 18,87",21 dagen,8.0,1.0,2025-08-13,
000514349,Toothed belt endless,3,Wear,4.0,199.67,4.0,39.934,9.9835,0.0019755911062251,99.73056162007482,C,1.975591106225169e-05,0.9973056162007482,4.0,1.0,1.0,4.0,Uitgeschakeld,000514349,37.74,Standard Approved,Ammertech B.V.,360-Drive belt," 19,03",0 dagen,3.0,0.0,2024-06-21,
RIETPIR1360-8M-20,Gear belt,3,Wear,4.0,124.01,4.0,24.802,6.2005,0.0012269897985825,99.91146442101947,C,1.226989798582577e-05,0.9991146442101948,4.0,1.0,1.0,4.0,Uitgeschakeld,RIETPIR1360-8M-20,37.8,Custom approved,Ammertech B.V.,360-Drive belt," 19,06",21 dagen,5.0,1.0,2025-12-16,
000772476,Air pressure regulator,3,Critical,1.0,31.51,1.0,6.302,6.302,0.0012470751892052,99.90405627593528,C,1.24707518920529e-05,0.9990405627593528,1.0,1.0,1.0,1.0,Uitgeschakeld,000772476,37.84,Custom Approved,Festo B.V.,500-Air supply," 18,92",0 dagen,8.0,0.0,2025-10-30,
000772421,"Cylinder, round",1,Critical,1.0,31.55,1.0,6.31,6.31,0.0012486582741804,99.90280920074606,C,1.248658274180479e-05,0.9990280920074608,1.0,1.0,1.0,1.0,Uitgeschakeld,000772421,37.9,Custom Approved,Festo B.V.,510-Cylinder," 18,95",0 dagen,8.0,0.0,2025-10-30,
000276778,"Cylinder, round",1,Critical,1.0,31.67,1.0,6.334000000000001,6.334000000000001,0.001253407529106,99.90156054247188,C,1.253407529106047e-05,0.9990156054247188,1.0,1.0,1.0,1.0,Uitgeschakeld,000276778,38.04,Custom Approved Racupack,Festo B.V.,510-Cylinder," 19,02",0 dagen,8.0,1.0,2025-10-30,
000299990,"Cylinder, round",1,Critical,3.0,97.79,3.0,19.558,6.519333333333333,0.0012900823310312,99.8939400157379,C,1.290082331031263e-05,0.998939400157379,3.0,1.0,1.0,3.0,Uitgeschakeld,000299990,38.18,Custom Approved Racupack,Festo B.V.,510-Cylinder," 19,09",0 dagen,8.0,1.0,2025-08-13,
CILDFES20150DSN#A,"Cylinder, round",1,Critical,2.0,60.11,2.0,12.022,6.011,0.0011894904732327,99.91627785971632,C,1.189490473232783e-05,0.9991627785971632,2.0,1.0,1.0,2.0,Uitgeschakeld,CILDFES20150DSN#A,38.28,Custom Approved,Festo B.V.,510-Cylinder," 19,14",0 dagen,8.0,1.0,2024-05-15,
CILDFES20080DSN#B,"Cylinder, round",1,Critical,2.0,63.28,1.0,12.656,12.656,0.0025044404307493,99.5763378652668,C,2.50444043074931e-05,0.995763378652668,2.0,2.0,2.0,1.0,Uitgeschakeld,CILDFES20080DSN#B,38.34,Custom Approved,Festo B.V.,510-Cylinder," 19,17",21 dagen,8.0,1.0,2025-10-30,
CILDFES32025ADN,"Cylinder, compact",1,Critical,3.0,65.83,2.0,13.166,6.583,0.0013026810489588,99.89005578482754,C,1.302681048958811e-05,0.9989005578482754,3.0,1.5,2.0,2.0,Uitgeschakeld,CILDFES32025ADN,38.38,Custom Approved,Festo B.V.,510-Cylinder," 21,94",0 dagen,8.0,1.0,2025-09-04,
000665692,Rondsnaar,Onbekend,Onbekend,2.0,995.51,1.0,199.102,199.102,0.0393994230912649,75.29483201444566,A,0.0003939942309126,0.7529483201444566,2.0,2.0,2.0,1.0,Uitgeschakeld,000665692,38.59,Custom Approved,Forbo Siegling Nederland B.V.,350-Conveyor," 9,04",0 dagen,2.0,0.0,2026-04-10,
000432940,Toothed belt endless,3,Wear,3.0,245.37,3.0,49.074,16.358,0.0032370130030181,99.35238802369528,C,3.237013003018111e-05,0.9935238802369528,3.0,1.0,1.0,3.0,Uitgeschakeld,000432940,38.7,Custom Approved,Ammertech B.V.,360-Drive belt," 19,51",0 dagen,3.0,1.0,2026-02-11,
000532153,Toothed belt endless,3,Wear,1.0,13.97,1.0,2.794,2.794,0.0005528924275848,99.98968011970206,C,5.528924275848272e-06,0.9998968011970206,1.0,1.0,1.0,1.0,Uitgeschakeld,000532153,38.7,Custom Approved,Ammertech B.V.,360-Drive belt," 19,35",0 dagen,3.0,0.0,2024-01-11,
RIETPIR1040-8M-30,Gear belt,3,Wear,9.0,460.54,6.0,92.108,15.35133333333333,0.0030378081436401,99.40892453412287,C,3.037808143640137e-05,0.9940892453412288,9.0,1.5,3.0,6.0,Uitgeschakeld,RIETPIR1040-8M-30,38.72,Custom Approved,Ammertech B.V.,360-Drive belt," 19,36",21 dagen,3.0,1.0,2025-12-15,
CILDFES25015DSN#A,"Cylinder, round",1,Critical,4.0,136.47,4.0,27.294,6.8235,0.0013502725410254,99.87819531219344,C,1.350272541025436e-05,0.9987819531219344,4.0,1.0,1.0,4.0,Uitgeschakeld,CILDFES25015DSN#A,38.76,Standard Approved,Festo B.V.,510-Cylinder," 19,38",0 dagen,8.0,1.0,2025-11-18,
CILDFES25025DSN,"Cylinder, round",1,Critical,4.0,144.74,3.0,28.948,9.649333333333333,0.001909464327574,99.74030867426706,C,1.909464327574037e-05,0.9974030867426704,4.0,1.333333333333333,2.0,3.0,Uitgeschakeld,CILDFES25025DSN,38.94,Custom Approved,Festo B.V.,510-Cylinder," 19,47",21 dagen,8.0,1.0,2026-02-11,
CILDFES25030DSN,"Cylinder, round",1,Critical,1.0,41.27,1.0,8.254000000000001,8.254000000000001,0.0016333479231514,99.80600381229812,C,1.633347923151455e-05,0.9980600381229812,1.0,1.0,1.0,1.0,Uitgeschakeld,CILDFES25030DSN,39.02,Custom Approved,Festo B.V.,510-Cylinder," 19,51",21 dagen,8.0,1.0,2024-08-27,
CILDFES25035DSN#A,"Cylinder, round",1,Critical,1.0,31.2,1.0,6.24,6.24,0.0012348062806475,99.9077769213982,C,1.234806280647574e-05,0.999077769213982,1.0,1.0,1.0,1.0,Uitgeschakeld,CILDFES25035DSN#A,39.1,Custom Approved,Festo B.V.,510-Cylinder," 19,55",0 dagen,8.0,1.0,2021-10-25,
SCHEKLMAT0112I,"Sensor, position",2,Critical,29.0,1746.52,22.0,349.304,15.87745454545454,0.0031419199668948,99.38118456951096,C,3.141919966894814e-05,0.9938118456951096,29.0,1.318181818181818,3.0,22.0,Uitgeschakeld,SCHEKLMAT0112I,39.34,Standard Approved,Solar Nederland B.V.,660-Sensor and lighting," 19,67",21 dagen,10.0,1.0,2026-02-06,
000317731,"Cylinder, compact",1,Critical,1.0,33.47,1.0,6.694,6.694,0.0013246463529895,99.88218112438972,C,1.324646352989561e-05,0.9988218112438972,1.0,1.0,1.0,1.0,Uitgeschakeld,000317731,39.38,Custom Approved Racupack,Festo B.V.,510-Cylinder," 19,69",0 dagen,8.0,1.0,2021-10-25,
CILDFES25050DSN,"Cylinder, round",1,Critical,12.0,557.0699999999999,12.0,111.414,9.2845,0.001837269056518,99.75899923216728,C,1.837269056518013e-05,0.9975899923216728,12.0,1.0,1.0,12.0,Uitgeschakeld,CILDFES25050DSN,39.44,Standard Approved,Festo B.V.,510-Cylinder," 19,72",21 dagen,8.0,1.0,2026-02-11,
000275419,"Cylinder, round",1,Critical,17.0,764.35,17.0,152.87,8.99235294117647,0.0017794573540968,99.77879995830872,C,1.779457354096857e-05,0.9977879995830872,17.0,1.0,1.0,17.0,Uitgeschakeld,000275419,39.52,Standard Approved,Festo B.V.,510-Cylinder," 19,76",0 dagen,8.0,1.0,2026-05-04,
000277315,"Cylinder, round",1,Critical,2.0,106.56,1.0,21.312,21.312,0.004217338373904,99.02519434157344,C,4.217338373904022e-05,0.9902519434157344,2.0,2.0,2.0,1.0,Uitgeschakeld,000277315,39.7,Custom Approved,Festo B.V.,510-Cylinder," 19,85",0 dagen,8.0,0.0,2025-06-09,
CILDFES25080DSN#A,"Cylinder, round",1,Critical,10.0,339.73,9.0,67.946,7.549555555555555,0.0014939484961695,99.83888454895023,C,1.493948496169517e-05,0.9983888454895024,10.0,1.111111111111111,2.0,9.0,Uitgeschakeld,CILDFES25080DSN#A,39.86,Standard Approved,Festo B.V.,510-Cylinder," 19,93",21 dagen,8.0,1.0,2025-10-08,
000431528,"Cylinder, round",1,Critical,1.0,61.68,1.0,12.336,12.336,0.0024411170317417,99.60595478038344,C,2.441117031741742e-05,0.9960595478038342,1.0,1.0,1.0,1.0,Uitgeschakeld,000431528,39.88,Standard Approved,Festo B.V.,510-Cylinder," 19,94",0 dagen,8.0,1.0,2023-11-30,
000712451,Toothed belt endless,3,Wear,2.0,282.18,1.0,56.436,56.436,0.0111678729574721,96.56298483776172,C,0.0001116787295747,0.9656298483776172,2.0,2.0,2.0,1.0,Uitgeschakeld,000712451,39.9,Custom Approved,Ammertech B.V.,360-Drive belt," 19,95",0 dagen,5.0,0.0,2024-08-29,
000228916,"Cable, motor",3,Critical,15.0,503.7,13.0,100.74,7.749230769230769,0.0015334613500053,99.83135592218878,C,1.533461350005382e-05,0.9983135592218878,15.0,1.153846153846154,3.0,13.0,Uitgeschakeld,000228916,40.0,Standard Approved,Linak Actuator-Systems B.V.,330-Linear motion," 20,00",0 dagen,10.0,1.0,2026-04-22,
CILDFES25020DSN#B,"Cylinder, round",1,Critical,2.0,66.62,2.0,13.324,6.662000000000001,0.0013183140130888,99.88482032492897,C,1.318314013088804e-05,0.9988482032492896,2.0,1.0,1.0,2.0,Uitgeschakeld,CILDFES25020DSN#B,40.08,Custom Approved,Festo B.V.,510-Cylinder," 20,04",21 dagen,8.0,1.0,2024-05-15,
000619711,Toothed belt open-ended,3,Wear,1.0,36.05,1.0,7.209999999999999,7.209999999999999,0.0014267553338892,99.8519491127184,C,1.426755333889264e-05,0.998519491127184,1.0,1.0,1.0,1.0,Uitgeschakeld,000619711,40.1,Custom Approved,Ammertech B.V.,360-Drive belt," 20,05",0 dagen,5.0,0.0,2024-08-27,
000271402,"Cylinder, round",1,Critical,3.0,296.86,3.0,59.372,19.79066666666667,0.0039162883811222,99.14665915565077,C,3.916288381122209e-05,0.9914665915565076,3.0,1.0,1.0,3.0,Uitgeschakeld,000271402,40.16,Custom Approved,Festo B.V.,510-Cylinder," 20,08",0 dagen,8.0,1.0,2023-10-26,
000271422,"Cylinder, round",1,Critical,3.0,106.53,3.0,21.306,7.102,0.0014053836867242,99.85478107584068,C,1.40538368672421e-05,0.9985478107584068,3.0,1.0,1.0,3.0,Uitgeschakeld,000271422,40.16,Custom Approved Racupack,Festo B.V.,510-Cylinder," 20,08",0 dagen,8.0,1.0,2024-12-06,
CILDFES25100DSN#C,"Cylinder, round",1,Critical,52.0,2407.85,40.0,481.57,12.03925,0.0023823944734433,99.62999238634976,C,2.382394473443318e-05,0.9962999238634976,52.0,1.3,3.0,40.0,Uitgeschakeld,CILDFES25100DSN#C,40.22,Standard Approved,Festo B.V.,510-Cylinder," 20,11",21 dagen,8.0,1.0,2026-05-04,
RIETPIR1790-5M-25,Toothed belt endless,3,Wear,1.0,67.03,1.0,13.406,13.406,0.0026528546471732,99.5453127314274,C,2.652854647173297e-05,0.995453127314274,1.0,1.0,1.0,1.0,Uitgeschakeld,RIETPIR1790-5M-25,40.32,Custom Approved,Ammertech B.V.,360-Drive belt," 20,16",21 dagen,5.0,1.0,2025-12-24,
CILDFES25040DSN#B,"Cylinder, round",1,Critical,8.0,273.06,4.0,54.612,13.653,0.0027017323957822,99.52130194865696,C,2.701732395782264e-05,0.9952130194865696,8.0,2.0,4.0,4.0,Uitgeschakeld,CILDFES25040DSN#B,40.42,Standard Approved,Festo B.V.,510-Cylinder," 20,21",21 dagen,8.0,1.0,2025-12-15,
CILDFES25050DSN#B,"Cylinder, round",1,Critical,23.0,979.77,21.0,195.954,9.331142857142858,0.0018464990073108,99.75716196311078,C,1.846499007310857e-05,0.9975716196311076,23.0,1.095238095238095,2.0,21.0,Uitgeschakeld,CILDFES25050DSN#B,40.58,Standard Approved,Festo B.V.,510-Cylinder," 20,29",21 dagen,8.0,1.0,2026-05-21,
RIETGAT1120-8MR30,Gear belt,3,Wear,1.0,29.64,1.0,5.928,5.928,0.0011730659666151,99.9198144715509,C,1.173065966615195e-05,0.9991981447155088,1.0,1.0,1.0,1.0,Uitgeschakeld,RIETGAT1120-8MR30,40.58,Custom approved,Ammertech B.V.,360-Drive belt," 20,29",21 dagen,3.0,1.0,2021-09-23,
000633792,"Sensor, inductive shielded",2,Critical,1.0,34.7,1.0,6.94,6.94,0.0013733262159766,99.87007635063934,C,1.373326215976629e-05,0.9987007635063934,1.0,1.0,1.0,1.0,Uitgeschakeld,000633792,40.6,Custom Approved,Omron Electronics B.V.,660-Sensor and lighting," 20,30",0 dagen,10.0,0.0,2024-05-15,
CYLIDA-00000031,"Cylinder, round",1,Critical,2.0,70.3,2.0,14.06,7.029999999999999,0.0013911359219475,99.86317979485597,C,1.391135921947507e-05,0.9986317979485596,2.0,1.0,1.0,2.0,Uitgeschakeld,CYLIDA-00000031,40.64,Custom Approved,Festo B.V.,510-Cylinder," 20,32",0 dagen,8.0,1.0,2025-12-16,
CILDFES536257ADN,"Cylinder, compact",1,Critical,14.0,831.97,12.0,166.394,13.86616666666667,0.0027439150141836,99.50773226252151,C,2.743915014183659e-05,0.9950773226252152,14.0,1.166666666666667,2.0,12.0,Uitgeschakeld,CILDFES536257ADN,40.76,Custom Approved,Festo B.V.,510-Cylinder," 20,38",0 dagen,8.0,1.0,2026-05-04,
CILDFES25080DSN#B,"Cylinder, round",1,Critical,25.0,1159.31,19.0,231.862,12.20326315789474,0.0024148503191928,99.6132123485296,C,2.414850319192879e-05,0.996132123485296,25.0,1.315789473684211,4.0,19.0,Uitgeschakeld,CILDFES25080DSN#B,41.12,Custom Approved,Festo B.V.,510-Cylinder," 20,56",21 dagen,8.0,1.0,2026-05-21,
000274345,Toothed belt endless,3,Wear,1.0,29.19,1.0,5.838,5.838,0.0011552562606443,99.92213369103956,C,1.155256260644317e-05,0.9992213369103956,1.0,1.0,1.0,1.0,Uitgeschakeld,000274345,41.32,Custom Approved,Ammertech B.V.,360-Drive belt," 20,66",0 dagen,5.0,1.0,2021-08-05,
CILDFES25100DSN#B,"Cylinder, round",1,Critical,4.0,183.2,4.0,36.64,9.16,0.0018126322965916,99.76263334224778,C,1.812632296591631e-05,0.9976263334224778,4.0,1.0,1.0,4.0,Uitgeschakeld,CILDFES25100DSN#B,41.44,Custom Approved,Festo B.V.,510-Cylinder," 20,72",21 dagen,8.0,1.0,2024-06-21,
000657336,Toothed belt endless,3,Wear,1.0,190.14,1.0,38.028,38.028,0.0075251944295618,98.04254129097797,C,7.52519442956185e-05,0.9804254129097796,1.0,1.0,1.0,1.0,Uitgeschakeld,000657336,41.72,Custom Approved,Eriks B.V.,360-Drive belt," 20,86",0 dagen,2.0,0.0,2023-02-07,
CILDFES25125DSN#B,"Cylinder, round",1,Critical,11.0,375.34,11.0,75.068,6.824363636363636,0.0013504434422443,99.87684503965242,C,1.350443442244348e-05,0.9987684503965242,11.0,1.0,1.0,11.0,Uitgeschakeld,CILDFES25125DSN#B,41.88,Standard Approved,Festo B.V.,510-Cylinder," 20,94",21 dagen,8.0,1.0,2026-04-22,
000337303,"Cylinder, compact",1,Critical,1.0,703.94,1.0,140.788,140.788,0.027859920935867,83.8118770758903,B,0.0002785992093586,0.838118770758903,1.0,1.0,1.0,1.0,Uitgeschakeld,000337303,42.12,Custom Approved,Festo B.V.,510-Cylinder," 21,06",0 dagen,8.0,1.0,2025-03-04,
000488046,Toothed belt endless,3,Wear,2.0,66.75,2.0,13.35,6.675,0.0013208865261734,99.88350201091588,C,1.320886526173487e-05,0.9988350201091588,2.0,1.0,1.0,2.0,Uitgeschakeld,000488046,42.22,Custom Approved,Ammertech B.V.,360-Drive belt," 21,11",0 dagen,3.0,0.0,2024-05-15,
SLANERI30ABRA330,Vacuum hose,2,Wear,3.0,800.25,3.0,160.05,53.35,0.0105571979282929,96.87729426627205,C,0.0001055719792829,0.9687729426627204,3.0,1.0,1.0,3.0,Uitgeschakeld,SLANERI30ABRA330,42.46,Custom Approved,THM Gaasbeek B.V.,560-Vacuum component," 21,23",21 dagen,1.0,1.0,2022-10-04,
CILDFES25160DSN#B,"Cylinder, round",1,Critical,1.0,75.12,1.0,15.024,15.024,0.0029730335834053,99.44196123527423,C,2.973033583405313e-05,0.9944196123527425,1.0,1.0,1.0,1.0,Uitgeschakeld,CILDFES25160DSN#B,42.48,Custom Approved,Festo B.V.,510-Cylinder," 21,24",21 dagen,8.0,1.0,2023-12-19,
VEEDSPE168713545,Compression spring,2,Wear,1.0,45.12,1.0,9.024,9.024,0.0017857198520134,99.77702050095462,C,1.785719852013414e-05,0.9977702050095462,1.0,1.0,1.0,1.0,Uitgeschakeld,VEEDSPE168713545,42.72,Custom approved,Amatec B.V.,700-General parts," 21,36",0 dagen,5.0,1.0,2021-11-17,
000628538,"Sensor, inductive shielded",2,Critical,1.0,40.59,1.0,8.118,8.118,0.0016064354785732,99.81407118859596,C,1.606435478573238e-05,0.9981407118859598,1.0,1.0,1.0,1.0,Uitgeschakeld,000628538,42.76,Custom Approved,Omron Electronics B.V.,660-Sensor and lighting," 21,82",0 dagen,10.0,0.0,2023-10-25,
000382147,"Cylinder, round",1,Critical,5.0,137.23,4.0,27.44600000000001,6.861500000000001,0.0013577921946575,99.871434142834,C,1.357792194657585e-05,0.99871434142834,5.0,1.25,2.0,4.0,Uitgeschakeld,000382147,42.82,Custom Approved,Festo B.V.,510-Cylinder," 21,41",0 dagen,8.0,1.0,2025-12-15,
RIETPIR1870-5M-25,Gear belt,3,Wear,1.0,75.92,1.0,15.184,15.184,0.003004695282909,99.42701559387096,C,3.004695282909097e-05,0.9942701559387096,1.0,1.0,1.0,1.0,Uitgeschakeld,RIETPIR1870-5M-25,42.94,Custom Approved,Ammertech B.V.,360-Drive belt," 21,47",21 dagen,5.0,1.0,2025-03-25,
000337575,"Cylinder, round",1,Critical,5.0,175.53,4.0,35.106,8.7765,0.0017367431605934,99.78757432855949,C,1.736743160593499e-05,0.9978757432855948,5.0,1.25,2.0,4.0,Uitgeschakeld,000337575,43.16,Custom Approved,Festo B.V.,510-Cylinder," 21,58",0 dagen,8.0,1.0,2025-12-15,
000228917,"Cable, signal",3,Critical,16.0,579.97,13.0,115.994,8.922615384615385,0.001765657294347,99.78233926443214,C,1.765657294347075e-05,0.9978233926443214,16.0,1.230769230769231,3.0,13.0,Uitgeschakeld,000228917,43.32,Standard Approved,Linak Actuator-Systems B.V.,330-Linear motion," 21,66",0 dagen,10.0,1.0,2026-04-22,
RIETPIR1936-8M-20,Toothed belt endless,3,Wear,6.0,384.33,6.0,76.866,12.811,0.0025351127021436,99.57383342483604,C,2.535112702143601e-05,0.9957383342483606,6.0,1.0,1.0,6.0,Uitgeschakeld,RIETPIR1936-8M-20,43.44,Standard Approved,Ammertech B.V.,360-Drive belt," 21,90",0 dagen,3.0,1.0,2026-02-23,
000697305,Rond belt,3,Wear,1.0,33.26,1.0,6.651999999999999,6.651999999999999,0.0013163351568698,99.88613666008584,C,1.316335156869817e-05,0.9988613666008584,1.0,1.0,1.0,1.0,Uitgeschakeld,000697305,43.73,Custom Approved,Forbo Siegling Nederland B.V.,350-Conveyor," 11,82",0 dagen,7.0,0.0,2026-03-09,
000254330,Toothed belt endless,3,Wear,7.0,507.56,7.0,101.512,14.50171428571429,0.0028696807500251,99.47690429112198,C,2.869680750025104e-05,0.9947690429112198,7.0,1.0,1.0,7.0,Uitgeschakeld,000254330,43.9,Standard Approved,Ammertech B.V.,360-Drive belt," 21,95",0 dagen,5.0,1.0,2025-02-17,
RIETGAT12808MR30,Toothed belt endless,3,Wear,17.0,817.14,13.0,163.428,12.57138461538461,0.0024876962627425,99.58381814038503,C,2.487696262742501e-05,0.9958381814038504,17.0,1.307692307692308,3.0,13.0,Uitgeschakeld,RIETGAT12808MR30,43.98,Standard Approved,Ammertech B.V.,360-Drive belt," 22,18",21 dagen,5.0,1.0,2025-12-15,
CILDFES25250DSN#B,Double acting cylinder,1,Critical,1.0,40.56,1.0,8.112,8.112,0.0016052481648418,99.8156764367608,C,1.605248164841846e-05,0.998156764367608,1.0,1.0,1.0,1.0,Uitgeschakeld,CILDFES25250DSN#B,44.02,Custom approved,Festo B.V.,510-Cylinder," 22,01",21 dagen,8.0,1.0,2023-12-01,
000282860,Toothed belt endless,3,Wear,2.0,67.08,2.0,13.416,6.708,0.0013274167516961,99.88085647803672,C,1.327416751696142e-05,0.9988085647803672,2.0,1.0,1.0,2.0,Uitgeschakeld,000282860,44.2,Custom Approved Racupack,Ammertech B.V.,360-Drive belt," 22,10",0 dagen,3.0,1.0,2024-03-01,
RIETPIR2000-5M-25,Toothed belt endless,3,Wear,3.0,156.8,2.0,31.36,15.68,0.0031028465513708,99.39055055536112,C,3.102846551370827e-05,0.9939055055536112,3.0,1.5,2.0,2.0,Uitgeschakeld,RIETPIR2000-5M-25,44.34,Custom Approved,Ammertech B.V.,360-Drive belt," 22,17",21 dagen,3.0,1.0,2025-05-15,
CYLIDA-00000021,"Cylinder, compact",1,Critical,2.0,74.38,1.0,14.876,14.876,0.0029437465113643,99.44786000777742,C,2.943746511364312e-05,0.9944786000777742,2.0,2.0,2.0,1.0,Uitgeschakeld,CYLIDA-00000021,44.46,Custom Approved,Festo B.V.,510-Cylinder," 22,23",0 dagen,8.0,1.0,2026-03-12,
000381872,"Cylinder, clamping module",1,Critical,1.0,30.75,1.0,6.15,6.15,0.0012169965746766,99.91268141759416,C,1.216996574676695e-05,0.9991268141759416,1.0,1.0,1.0,1.0,Uitgeschakeld,000381872,45.16,Custom Approved,Festo B.V.,510-Cylinder," 22,58",0 dagen,8.0,1.0,2022-09-02,
CILDFES25320DSN#B,"Cylinder, round",1,Critical,2.0,80.0,2.0,16.0,8.0,0.0015830849751891,99.82363163858682,C,1.583084975189197e-05,0.9982363163858682,2.0,1.0,1.0,2.0,Uitgeschakeld,CILDFES25320DSN#B,45.24,Custom Approved,Festo B.V.,510-Cylinder," 22,62",21 dagen,8.0,1.0,2023-12-19,
000455606,"Spacer 15 mm suctionhead, pitch 55",4,Not Recommended,5.0,709.29,3.0,141.858,47.286,0.0093572195170995,97.35443653936548,C,9.357219517099549e-05,0.9735443653936549,5.0,1.666666666666667,2.0,3.0,Uitgeschakeld,000455606,45.55,Custom Approved,Oceanz B.V.,192-3D-print," 12,74",0 dagen,2.0,0.0,2025-09-08,
CYLIDA-00000016,"Cylinder, round",1,Critical,1.0,41.48,1.0,8.296,8.296,0.0016416591192711,99.80272972872194,C,1.641659119271198e-05,0.9980272972872194,1.0,1.0,1.0,1.0,Uitgeschakeld,CYLIDA-00000016,45.74,Custom Approved,Festo B.V.,510-Cylinder," 22,87",0 dagen,8.0,1.0,2023-12-19,
RIETPIR2240-8M-20,Toothed belt endless,3,Wear,4.0,282.32,3.0,56.464,18.82133333333333,0.0037244712516284,99.21905448607228,C,3.724471251628451e-05,0.9921905448607228,4.0,1.333333333333333,2.0,3.0,Uitgeschakeld,RIETPIR2240-8M-20,45.74,Custom Approved,Ammertech B.V.,360-Drive belt," 22,87",21 dagen,3.0,1.0,2025-03-04,
000412691,Toothed belt endless,3,Wear,1.0,32.47,1.0,6.494,6.494,0.0012850692286098,99.89522508496653,C,1.285069228609831e-05,0.9989522508496652,1.0,1.0,1.0,1.0,Uitgeschakeld,000412691,45.78,Custom Approved,Ammertech B.V.,360-Drive belt," 22,89",0 dagen,3.0,1.0,2024-08-05,
000606763,"Sensor, inductive shielded",2,Critical,6.0,498.6,5.0,99.72,19.944,0.0039466308431466,99.13094272148084,C,3.946630843146668e-05,0.9913094272148084,6.0,1.2,2.0,5.0,Uitgeschakeld,000606763,45.8,Unavailable,Omron Electronics B.V.,660-Sensor and lighting," 20,11",0 dagen,10.0,0.0,2026-01-19,
000389106,"Cylinder, round",1,Critical,1.0,41.87,1.0,8.373999999999999,8.373999999999999,0.0016570941977792,99.80108806960268,C,1.657094197779292e-05,0.9980108806960268,1.0,1.0,1.0,1.0,Uitgeschakeld,000389106,46.18,Standard Approved,Festo B.V.,510-Cylinder," 23,09",0 dagen,8.0,1.0,2022-06-23,
CILDFES32050DS#A,"Cylinder, round",1,Critical,3.0,167.78,3.0,33.556,11.18533333333333,0.0022134166428103,99.678399477034,C,2.213416642810362e-05,0.99678399477034,3.0,1.0,1.0,3.0,Uitgeschakeld,CILDFES32050DS#A,46.46,Custom Approved,Festo B.V.,510-Cylinder," 23,23",21 dagen,8.0,1.0,2024-06-21,
000408959,"Cylinder, round",1,Critical,4.0,161.0,3.0,32.2,10.73333333333333,0.0021239723417121,99.69574357234372,C,2.123972341712173e-05,0.9969574357234372,4.0,1.333333333333333,2.0,3.0,Uitgeschakeld,000408959,46.62,Custom Approved,Festo B.V.,510-Cylinder," 23,31",0 dagen,8.0,1.0,2023-08-18,
000611278,"Sensor, position",2,Critical,2.0,82.98,1.0,16.596,16.596,0.0032841097810299,99.32955268254688,C,3.28410978102999e-05,0.993295526825469,2.0,2.0,2.0,1.0,Uitgeschakeld,000611278,46.94,Custom Approved,Festo B.V.,"530-Electric, accessory"," 24,16",0 dagen,10.0,0.0,2023-02-10,
000603499,"Hotmelt, fitting, Plug-in screw",Onbekend,Onbekend,1.0,38.33,1.0,7.665999999999999,7.665999999999999,0.001516991177475,99.83287291336626,C,1.516991177475048e-05,0.9983287291336626,1.0,1.0,1.0,1.0,Uitgeschakeld,000603499,47.26,Custom Approved,Robatech B.V.,670-Hotmelt," 23,63",0 dagen,5.0,0.0,2024-08-27,
000416322,"Cylinder, compact",1,Critical,1.0,37.64,1.0,7.528,7.528,0.001489682961653,99.8403742319119,C,1.489682961653035e-05,0.998403742319119,1.0,1.0,1.0,1.0,Uitgeschakeld,000416322,47.3,Custom Approved,Festo B.V.,510-Cylinder," 23,65",0 dagen,8.0,1.0,2025-06-05,
000500377,Solenoid valve 3/2 norm. open,2,Wear,3.0,112.92,1.0,22.584,22.584,0.0044690488849591,98.94284064627608,C,4.469048884959104e-05,0.9894284064627608,3.0,3.0,3.0,1.0,Uitgeschakeld,000500377,47.3,Custom Approved,Festo B.V.,550-Valves," 23,65",0 dagen,8.0,0.0,2025-12-15,
RIETPIR2110-5M-25,Toothed belt endless,3,Wear,1.0,47.32,1.0,9.464,9.464,0.0018727895256488,99.74972832284294,C,1.87278952564882e-05,0.9974972832284296,1.0,1.0,1.0,1.0,Uitgeschakeld,RIETPIR2110-5M-25,47.32,Custom Approved,Ammertech B.V.,360-Drive belt," 8,96",21 dagen,5.0,1.0,2026-04-26,
000337882,"Cylinder, compact",1,Critical,1.0,57.99,1.0,11.598,11.598,0.0022950774427805,99.65808272513834,C,2.295077442780539e-05,0.9965808272513834,1.0,1.0,1.0,1.0,Uitgeschakeld,000337882,47.64,Custom Approved,Festo B.V.,510-Cylinder," 23,82",0 dagen,8.0,1.0,2024-12-20,
000662198,"Cylinder, compact",1,Critical,4.0,222.75,3.0,44.55,14.85,0.0029386014851949,99.45079860926262,C,2.938601485194947e-05,0.994507986092626,4.0,1.333333333333333,2.0,3.0,Uitgeschakeld,000662198,47.88,Custom Approved,Festo B.V.,510-Cylinder," 23,94",0 dagen,10.0,0.0,2026-01-19,
000463218,Solenoid valve on manifold base 5/2,2,Wear,4.0,111.12,3.0,22.224,7.408,0.0014659366870251,99.844787460561,C,1.465936687025197e-05,0.99844787460561,4.0,1.333333333333333,2.0,3.0,Uitgeschakeld,000463218,48.3,Custom Approved,Festo B.V.,550-Valves," 24,15",0 dagen,8.0,1.0,2025-12-15,
SCHNNORM50/LSU/5U,Proximity switch,2,Critical,1.0,57.26,1.0,11.452,11.452,0.0022661861419833,99.66718269334696,C,2.266186141983336e-05,0.9966718269334696,1.0,1.0,1.0,1.0,Uitgeschakeld,SCHNNORM50/LSU/5U,48.38,Custom approved,Norgren B.V.,"530-Electric, accessory"," 24,19",25 dagen,10.0,5.0,2024-08-29,
000332022,"Cylinder, round",1,Critical,14.0,698.2,13.0,139.64,10.74153846153846,0.0021255960186098,99.693619600002,C,2.125596018609803e-05,0.99693619600002,14.0,1.076923076923077,2.0,13.0,Uitgeschakeld,000332022,48.42,Custom Approved,Festo B.V.,510-Cylinder," 24,21",0 dagen,8.0,1.0,2026-03-26,
RIETGAT0720-8MR50,Toothed belt endless,3,Wear,4.0,265.22,2.0,53.044,26.522,0.0052483224639959,98.72633561872073,C,5.248322463995986e-05,0.9872633561872072,4.0,2.0,3.0,2.0,Uitgeschakeld,RIETGAT0720-8MR50,48.6,Custom Approved,Ammertech B.V.,360-Drive belt," 9,14",0 dagen,3.0,1.0,2024-09-25,
000449131,"Cylinder, round",1,Critical,2.0,85.87,2.0,17.174,8.587,0.0016992438352437,99.79271882703384,C,1.699243835243705e-05,0.9979271882703384,2.0,1.0,1.0,2.0,Uitgeschakeld,000449131,48.9,Custom Approved,Festo B.V.,510-Cylinder," 24,45",0 dagen,8.0,1.0,2024-10-03,
000633385,"Sensor, inductive",2,Critical,5.0,203.9,1.0,40.78,40.78,0.0080697756610269,97.85546558724272,C,8.069775661026934e-05,0.9785546558724272,5.0,5.0,5.0,1.0,Uitgeschakeld,000633385,49.12,Custom Approved,Omron Electronics B.V.,660-Sensor and lighting," 25,32",0 dagen,8.0,0.0,2026-03-12,
FOTOOMRE3F2-R2B4#,Photocell,2,Critical,1.0,88.99,1.0,17.798,17.798,0.0035219682985521,99.25155550068912,C,3.521968298552166e-05,0.9925155550068911,1.0,1.0,1.0,1.0,Uitgeschakeld,FOTOOMRE3F2-R2B4#,49.16,Custom approved,Omron Electronics B.V.,660-Sensor and lighting," 24,58",21 dagen,10.0,1.0,2021-11-22,
000263823,"Spring, tension",2,Wear,9.0,299.33,8.0,59.86600000000001,7.483250000000001,0.001480827580073,99.84185505949196,C,1.48082758007307e-05,0.9984185505949196,9.0,1.125,2.0,8.0,Uitgeschakeld,000263823,49.2,Standard Approved,Amatec B.V.,700-General parts," 24,60",0 dagen,5.0,1.0,2026-04-22,
CILDFES025050ADN,"Cylinder, compact",1,Critical,4.0,203.61,2.0,40.722,20.361,0.0040291491474784,99.08704438526615,C,4.029149147478406e-05,0.9908704438526617,4.0,2.0,3.0,2.0,Uitgeschakeld,CILDFES025050ADN,49.24,Custom Approved,Festo B.V.,510-Cylinder," 24,62",0 dagen,8.0,1.0,2025-11-19,
CYLIDA-00000043,"Cylinder, round",1,Critical,1.0,49.5,1.0,9.9,9.9,0.0019590676567966,99.73645716044616,C,1.959067656796632e-05,0.9973645716044616,1.0,1.0,1.0,1.0,Uitgeschakeld,CYLIDA-00000043,49.5,Custom Approved,Festo B.V.,510-Cylinder," 24,75",0 dagen,8.0,1.0,2026-04-23,
000272338,Solenoid valve on sub-base 5/2,2,Wear,1.0,247.9,1.0,49.58,49.58,0.009811169133735,97.1823086567706,C,9.81116913373505e-05,0.971823086567706,1.0,1.0,1.0,1.0,Uitgeschakeld,000272338,49.58,Custom Approved,Festo B.V.,550-Valves," 24,79",0 dagen,8.0,1.0,2025-12-04,
000762579,"Valve, logic, OR gate",2,Wear,1.0,47.41,1.0,9.482,9.482,0.0018763514668429,99.74785553331728,C,1.876351466842996e-05,0.997478555333173,1.0,1.0,1.0,1.0,Uitgeschakeld,000762579,49.9,Standard Approved,Festo B.V.,550-Valves," 24,95",0 dagen,8.0,0.0,2026-02-20,
CILDFES32020ADN,"Cylinder, compact",1,Critical,2.0,93.64,2.0,18.728,9.364,0.0018530009634589,99.75531546410346,C,1.853000963458956e-05,0.9975531546410348,2.0,1.0,1.0,2.0,Uitgeschakeld,CILDFES32020ADN,49.94,Custom Approved,Festo B.V.,510-Cylinder," 24,97",0 dagen,8.0,1.0,2025-11-25,
RIETPIR2400-8M-20,Gear belt,3,Wear,8.0,347.55,6.0,69.51,11.585,0.0022925049296958,99.66037523006804,C,2.292504929695857e-05,0.9966037523006804,8.0,1.333333333333333,2.0,6.0,Uitgeschakeld,RIETPIR2400-8M-20,49.98,Custom approved,Ammertech B.V.,360-Drive belt," 25,20",21 dagen,3.0,1.0,2026-02-18,
000388383,"Cylinder, round",1,Critical,2.0,89.63,2.0,17.926,8.963,0.0017736488290775,99.7805736071378,C,1.773648829077597e-05,0.997805736071378,2.0,1.0,1.0,2.0,Uitgeschakeld,000388383,50.04,Custom Approved,Festo B.V.,510-Cylinder," 25,02",0 dagen,8.0,1.0,2024-02-05,
VENMFESVUVG5-2---,Solenoid valve 5/2 monostable,2,Wear,135.0,13996.81,94.0,2799.362,29.78044680851064,0.0058931222371217,98.46462677138834,C,5.893122237121784e-05,0.9846462677138834,135.0,1.436170212765957,8.0,94.0,Uitgeschakeld,VENMFESVUVG5-2---,50.06,Standard Approved,Festo B.V.,550-Valves," 25,03",10 dagen,8.0,1.0,2026-04-22,
000491085,Toothed belt endless,3,Wear,2.0,80.5,1.0,16.1,16.1,0.0031859585125682,99.3748566910315,C,3.18595851256826e-05,0.993748566910315,2.0,2.0,2.0,1.0,Uitgeschakeld,000491085,50.58,Custom Approved,Ammertech B.V.,360-Drive belt," 25,29",0 dagen,3.0,0.0,2025-02-19,
CILEFESEV2504,"Cylinder, clamping module",1,Critical,5.0,485.68,5.0,97.136,19.4272,0.0038443635537494,99.17385855596824,C,3.844363553749447e-05,0.9917385855596824,5.0,1.0,1.0,5.0,Uitgeschakeld,CILEFESEV2504,50.68,Custom Approved,Festo B.V.,510-Cylinder," 25,34",0 dagen,8.0,1.0,2025-05-25,
RIETGAT800-8MR30,Toothed belt endless,3,Wear,6.0,181.18,5.0,36.236,7.247200000000001,0.0014341166790238,99.8476573033888,C,1.434116679023894e-05,0.9984765730338878,6.0,1.2,2.0,5.0,Uitgeschakeld,RIETGAT800-8MR30,50.88,Custom Approved,Ammertech B.V.,360-Drive belt," 25,66",21 dagen,5.0,1.0,2026-01-26,
RIETGAT-8MR20#A,Toothed belt open-ended,3,Wear,43.0,7026.67,32.0,1405.334,43.9166875,0.0086904810176661,97.58893638342444,C,8.690481017666154e-05,0.9758893638342444,43.0,1.34375,4.0,32.0,Uitgeschakeld,RIETGAT-8MR20#A,51.08,Custom Approved,Eriks B.V.,360-Drive belt," 25,54",0 dagen,5.0,1.0,2025-12-15,
000495922,Vacuum hose,2,Wear,3.0,774.94,3.0,154.988,51.66266666666667,0.0102232989222759,96.99201542132158,C,0.0001022329892227,0.969920154213216,3.0,1.0,1.0,3.0,Uitgeschakeld,000495922,51.67,Custom Approved,THM Gaasbeek B.V.,560-Vacuum component," 27,67",0 dagen,1.0,0.0,2026-02-11,
000230332,Solenoid valve on sub-base 5/2,2,Wear,2.0,123.42,2.0,24.684,12.342,0.0024423043454731,99.60351366335168,C,2.442304345473134e-05,0.9960351366335168,2.0,1.0,1.0,2.0,Uitgeschakeld,000230332,51.7,Custom Approved,Festo B.V.,550-Valves," 25,85",0 dagen,8.0,1.0,2025-06-05,
000256992,Toothed belt endless,3,Wear,1.0,116.52,1.0,23.304,23.304,0.0046115265327261,98.91556438984992,C,4.611526532726132e-05,0.9891556438984992,1.0,1.0,1.0,1.0,Uitgeschakeld,000256992,52.5,Standard Approved,Ammertech B.V.,360-Drive belt," 26,25",0 dagen,3.0,1.0,2023-02-21,
KOPPROB100636,Coupling hotmelt,Onbekend,Onbekend,1.0,27.9,1.0,5.58,5.58,0.0011042017701944,99.93117477288456,C,1.104201770194465e-05,0.9993117477288456,1.0,1.0,1.0,1.0,Uitgeschakeld,KOPPROB100636,52.58,Custom approved,Robatech B.V.,700-General parts," 26,29",21 dagen,5.0,1.0,2025-01-27,
FES_M52AZTG181R8L,5/2ventielstuurluchtbediendG18M8-3p,2,Wear,1.0,93.0,1.0,18.6,18.6,0.0036806725673148,99.22645770966776,C,3.680672567314884e-05,0.9922645770966776,1.0,1.0,1.0,1.0,Uitgeschakeld,FES_M52AZTG181R8L,52.6,Standard approved,Festo B.V.,550-Valves," 26,30",0 dagen,8.0,1.0,2024-05-07,
VENMFESVUVG18-52,Solenoid valve 5/2 monostable,2,Wear,34.0,1719.09,29.0,343.818,11.85579310344828,0.0023460909913775,99.64415579891664,C,2.346090991377584e-05,0.9964415579891662,34.0,1.172413793103448,5.0,29.0,Uitgeschakeld,VENMFESVUVG18-52,52.6,Standard Approved,Festo B.V.,550-Valves," 26,30",0 dagen,8.0,1.0,2026-04-22,
000516071,Solenoid valve 5/2 monostable,2,Wear,11.0,528.1600000000001,11.0,105.632,9.602909090909092,0.0019002776374907,99.74220895190454,C,1.900277637490742e-05,0.9974220895190454,11.0,1.0,1.0,11.0,Uitgeschakeld,000516071,52.6,Standard Approved,Festo B.V.,550-Valves," 26,30",0 dagen,8.0,0.0,2024-12-20,
VENRFESLR1/4DMINI,Air pressure regulator,3,Critical,8.0,311.88,2.0,62.376,31.188,0.006171656775775,98.38620502563045,C,6.171656775775085e-05,0.9838620502563042,8.0,4.0,6.0,2.0,Uitgeschakeld,VENRFESLR1/4DMINI,53.36,Custom Approved,Festo B.V.,500-Air supply," 26,68",25 dagen,8.0,1.0,2026-05-08,
000303233,"Cylinder, round",1,Critical,1.0,44.43,1.0,8.886,8.886,0.0017584116361914,99.78409767606831,C,1.758411636191401e-05,0.9978409767606832,1.0,1.0,1.0,1.0,Uitgeschakeld,000303233,53.36,Custom Approved Racupack,Festo B.V.,510-Cylinder," 26,68",0 dagen,8.0,1.0,2025-10-08,
000252806,Vacuum hose,2,Wear,1.0,40.65,1.0,8.129999999999999,8.129999999999999,0.001608810106036,99.8124647531174,C,1.608810106036022e-05,0.998124647531174,1.0,1.0,1.0,1.0,Uitgeschakeld,000252806,53.7,Custom Approved,Eriks B.V.,560-Vacuum component," 26,85",0 dagen,1.0,1.0,2022-05-13,
RIETGAT0640-8MR30,Toothed belt endless,3,Wear,20.0,1687.55,14.0,337.51,24.10785714285714,0.004770598303358,98.88282928727428,C,4.770598303358089e-05,0.9888282928727428,20.0,1.428571428571429,3.0,14.0,Uitgeschakeld,RIETGAT0640-8MR30,53.9,Standard Approved,Ammertech B.V.,360-Drive belt," 26,95",21 dagen,3.0,1.0,2025-08-21,
000483768,"Sensor, position",2,Critical,6.0,366.86,5.0,73.372,14.6744,0.0029038527699895,99.46537502248016,C,2.903852769989545e-05,0.9946537502248016,6.0,1.2,2.0,5.0,Uitgeschakeld,000483768,54.0,Custom Approved,Festo B.V.,"530-Electric, accessory"," 27,00",0 dagen,10.0,0.0,2025-04-08,
000372205,"Cylinder, round",1,Critical,2.0,110.58,1.0,22.116,22.116,0.0043764384139105,98.96924642945514,C,4.376438413910536e-05,0.9896924642945514,2.0,2.0,2.0,1.0,Uitgeschakeld,000372205,54.26,Custom Approved,Festo B.V.,510-Cylinder," 27,13",0 dagen,8.0,1.0,2026-01-16,
000329179,"Cylinder, compact",1,Critical,1.0,49.07,1.0,9.814,9.814,0.0019420494933133,99.73839920993947,C,1.942049493313348e-05,0.9973839920993948,1.0,1.0,1.0,1.0,Uitgeschakeld,000329179,54.52,Custom Approved,Festo B.V.,510-Cylinder," 27,26",0 dagen,8.0,1.0,2025-12-16,
000616511,Round belt,3,Wear,1.0,45.14,1.0,9.028,9.028,0.001786511394501,99.7752347811026,C,1.786511394501009e-05,0.997752347811026,1.0,1.0,1.0,1.0,Uitgeschakeld,000616511,54.87,Custom Approved,Forbo Siegling Nederland B.V.,350-Conveyor," 14,83",0 dagen,5.0,0.0,2026-02-23,
000403981,Trekveer,2,Wear,1.0,34.71,1.0,6.942,6.942,0.0013737219872204,99.86870302442335,C,1.373721987220426e-05,0.9986870302442336,1.0,1.0,1.0,1.0,Uitgeschakeld,000403981,55.12,Custom approved,Amatec B.V.,700-General parts," 27,56",0 dagen,5.0,1.0,2025-06-27,
SLANERI25ABRA355,Vacuum hose,2,Wear,1.0,326.2,1.0,65.24,65.24,0.0129100579726679,95.55305599071004,C,0.0001291005797266,0.9555305599071005,1.0,1.0,1.0,1.0,Uitgeschakeld,SLANERI25ABRA355,55.2,Custom Approved,THM Gaasbeek B.V.,560-Vacuum component," 27,60",0 dagen,1.0,1.0,2023-10-16,
000772449,"Cylinder, round",1,Critical,1.0,45.71,1.0,9.142,9.142,0.0018090703553974,99.7662545501857,C,1.809070355397455e-05,0.9976625455018572,1.0,1.0,1.0,1.0,Uitgeschakeld,000772449,55.9,Custom Approved,Festo B.V.,510-Cylinder," 27,95",0 dagen,8.0,0.0,2025-08-13,
RIETGAT0640-8MR50,Toothed belt endless,3,Wear,1.0,32.94,1.0,6.587999999999999,6.587999999999999,0.0013036704770683,99.88875310377858,C,1.303670477068304e-05,0.9988875310377858,1.0,1.0,1.0,1.0,Uitgeschakeld,RIETGAT0640-8MR50,56.64,Custom Approved,Ammertech B.V.,360-Drive belt," 28,32",0 dagen,5.0,1.0,2024-02-20,
CILDFES40060DSNU,"Cylinder, round",1,Critical,21.0,1322.54,21.0,264.508,12.59561904761905,0.0024924919084365,99.5813304441223,C,2.492491908436573e-05,0.9958133044412232,21.0,1.0,1.0,21.0,Uitgeschakeld,CILDFES40060DSNU,57.08,Standard Approved,Festo B.V.,510-Cylinder," 28,54",21 dagen,8.0,1.0,2026-04-23,
000632271,"Cylinder, round",1,Critical,1.0,45.41,1.0,9.082,9.082,0.0017971972180835,99.76986060338308,C,1.797197218083536e-05,0.9976986060338308,1.0,1.0,1.0,1.0,Uitgeschakeld,000632271,57.08,Custom Approved,Festo B.V.,510-Cylinder," 28,54",0 dagen,8.0,0.0,2025-12-15,
SCHVSCHAZ16ZVR#A,Security switch,2,Critical,4.0,299.68,3.0,59.936,19.97866666666667,0.0039534908780391,99.12699609063768,C,3.953490878039155e-05,0.9912699609063768,4.0,1.333333333333333,2.0,3.0,Uitgeschakeld,SCHVSCHAZ16ZVR#A,57.18,Standard approved,Schmersal Nederland B.V.,660-Sensor and lighting," 29,31",25 dagen,10.0,15.0,2024-02-28,
RIETAMM12808MP30,Toothed belt endless,3,Wear,27.0,2173.75,19.0,434.75,22.88157894736842,0.004527935480023,98.93837159739113,C,4.527935480023049e-05,0.9893837159739112,27.0,1.421052631578947,6.0,19.0,Uitgeschakeld,RIETAMM12808MP30,57.2,Standard Approved,Ammertech B.V.,360-Drive belt," 28,84",0 dagen,5.0,1.0,2026-04-22,
000582159,Solenoid valve 5/2 monostable,2,Wear,1.0,50.58,1.0,10.116,10.116,0.0020018109511267,99.7285860289686,C,2.00181095112674e-05,0.997285860289686,1.0,1.0,1.0,1.0,Uitgeschakeld,000582159,57.22,Custom Approved,Festo B.V.,550-Valves," 28,61",0 dagen,8.0,0.0,2024-12-06,
000401792,Toothed belt endless,3,Wear,1.0,38.9,1.0,7.779999999999999,7.779999999999999,0.0015395501383714,99.82828713226034,C,1.539550138371494e-05,0.9982828713226034,1.0,1.0,1.0,1.0,Uitgeschakeld,000401792,57.7,Custom Approved,Ammertech B.V.,360-Drive belt," 28,85",0 dagen,3.0,0.0,2022-04-29,
000271149,"Cylinder, round",1,Critical,3.0,152.55,3.0,30.51,10.17,0.0020124967747092,99.72257347223284,C,2.012496774709267e-05,0.9972257347223284,3.0,1.0,1.0,3.0,Uitgeschakeld,000271149,57.86,Standard Approved,Festo B.V.,510-Cylinder," 28,93",0 dagen,8.0,1.0,2024-08-05,
CILDFES04030ADN,"Cylinder, compact",1,Critical,14.0,937.97,8.0,187.594,23.44925,0.0046402694193069,98.9109528633172,C,4.64026941930691e-05,0.989109528633172,14.0,1.75,5.0,8.0,Uitgeschakeld,CILDFES04030ADN,58.38,Standard Approved,Festo B.V.,510-Cylinder," 29,19",21 dagen,8.0,1.0,2025-12-15,
000292298,"Safety sensor, limit switch",1,Critical,4.0,183.15,4.0,36.63,9.1575,0.0018121375825368,99.76444547983031,C,1.812137582536884e-05,0.9976444547983032,4.0,1.0,1.0,4.0,Uitgeschakeld,000292298,58.38,Standard Approved,Schmersal Nederland B.V.,660-Sensor and lighting," 30,00",0 dagen,10.0,1.0,2026-03-10,
000436327,"Cylinder, compact",1,Critical,4.0,260.11,3.0,52.02200000000001,17.34066666666667,0.0034314686074705,99.27929113531974,C,3.431468607470518e-05,0.9927929113531974,4.0,1.333333333333333,2.0,3.0,Uitgeschakeld,000436327,58.64,Custom Approved,Festo B.V.,510-Cylinder," 29,32",0 dagen,8.0,1.0,2026-03-02,
000278572,Pressure spring,2,Wear,6.0,334.23,6.0,66.846,11.141,0.0022046437135728,99.68280975388925,C,2.204643713572856e-05,0.9968280975388925,6.0,1.0,1.0,6.0,Uitgeschakeld,000278572,58.74,Custom approved Racupack,Amatec B.V.,700-General parts," 29,37",0 dagen,5.0,1.0,2026-01-19,
000271425,"Cylinder, round",1,Critical,2.0,41.34,2.0,8.268,4.134,0.000818059160929,99.97072622885696,C,8.180591609290177e-06,0.9997072622885697,2.0,1.0,1.0,2.0,Uitgeschakeld,000271425,58.88,Custom Approved Racupack,Festo B.V.,510-Cylinder," 29,44",0 dagen,8.0,1.0,2025-08-29,
000547968,"Cylinder, round",1,Critical,1.0,47.12,1.0,9.424,9.424,0.0018648741007728,99.75346246314,C,1.864874100772874e-05,0.9975346246314,1.0,1.0,1.0,1.0,Uitgeschakeld,000547968,59.22,Custom Approved,Festo B.V.,510-Cylinder," 29,61",0 dagen,8.0,0.0,2025-01-16,
000454458,Rondsnaar,Onbekend,Onbekend,2.0,508.64,2.0,101.728,50.864,0.0100652542722529,97.06313480384232,C,0.0001006525427225,0.9706313480384232,2.0,1.0,1.0,2.0,Uitgeschakeld,000454458,59.5,Custom Approved,Forbo Siegling Nederland B.V.,350-Conveyor," 16,08",0 dagen,5.0,1.0,2023-02-21,
000771149,"Cylinder, compact",1,Critical,1.0,53.59,1.0,10.718,10.718,0.0021209380955097,99.69786451043922,C,2.120938095509727e-05,0.9969786451043922,1.0,1.0,1.0,1.0,Uitgeschakeld,000771149,59.54,Custom Approved,Festo B.V.,510-Cylinder," 29,77",0 dagen,8.0,0.0,2025-09-24,
NID_DBR-100R-100W,Brake resistor 100R 100W IP54,1,Critical,4.0,249.29,4.0,49.858,12.4645,0.0024665453341557,99.5937048688454,C,2.466545334155719e-05,0.995937048688454,4.0,1.0,1.0,4.0,Uitgeschakeld,NID_DBR-100R-100W,60.0,Custom Approved,Nidec Netherlands B.V.,610-Motor control," 30,00",0 dagen,8.0,0.0,2025-12-15,
000466187,Toothed belt endless,3,Wear,15.0,794.5899999999999,15.0,158.918,10.59453333333333,0.0020965058173926,99.70207443469847,C,2.09650581739264e-05,0.9970207443469848,15.0,1.0,1.0,15.0,Uitgeschakeld,000466187,60.16,Standard Approved,Ammertech B.V.,360-Drive belt," 30,33",0 dagen,3.0,0.0,2026-04-22,
000239879,Air pressure regulator,3,Critical,11.0,662.26,10.0,132.452,13.2452,0.0026210346391719,99.55850009172956,C,2.621034639171995e-05,0.9955850009172956,11.0,1.1,2.0,10.0,Uitgeschakeld,000239879,60.36,Standard Approved,Festo B.V.,500-Air supply," 30,18",0 dagen,10.0,1.0,2026-02-20,
FES_M52ATQ8U1R8L,Solenoid valve 5/2 monostable,2,Wear,4.0,269.76,4.0,53.952,13.488,0.0026690812681689,99.5320126794431,C,2.669081268168986e-05,0.995320126794431,4.0,1.0,1.0,4.0,Uitgeschakeld,FES_M52ATQ8U1R8L,61.18,Custom Approved Racupack,Festo B.V.,550-Valves," 30,59",0 dagen,8.0,1.0,2025-11-17,
000378862,"Cylinder, round",1,Critical,1.0,52.59,1.0,10.518,10.518,0.0020813609711299,99.70833731674595,C,2.081360971129997e-05,0.9970833731674597,1.0,1.0,1.0,1.0,Uitgeschakeld,000378862,61.22,Custom Approved,Festo B.V.,510-Cylinder," 30,61",0 dagen,8.0,1.0,2023-10-25,
000465465,"Spring, tension",2,Wear,10.0,10309.88,2.0,2061.976,1030.988,0.204017701550045,23.8441474367496,A,0.0020401770155004,0.238441474367496,10.0,5.0,6.0,2.0,Uitgeschakeld,000465465,61.5,Custom Approved,ATV Springs,700-General parts," 23,82",0 dagen,5.0,0.0,2026-05-01,
000355449,"Photocell, diffused-reflective",2,Critical,1.0,47.71,1.0,9.542,9.542,0.0018882246041569,99.74409717650867,C,1.888224604156915e-05,0.997440971765087,1.0,1.0,1.0,1.0,Uitgeschakeld,000355449,61.52,Custom Approved,Omron Electronics B.V.,660-Sensor and lighting," 30,76",0 dagen,10.0,1.0,2023-10-25,
RIETGAT-5MR25,Gear belt,3,Wear,21.0,2928.46,16.0,585.692,36.60575,0.0072437516038164,98.1162819093216,C,7.243751603816496e-05,0.981162819093216,21.0,1.3125,3.0,16.0,Uitgeschakeld,RIETGAT-5MR25,62.41,Standard Approved,Eriks B.V.,360-Drive belt," 31,20",21 dagen,3.0,1.0,2026-02-20,
000550495,"Cylinder, clamping",1,Critical,1.0,49.78,1.0,9.956,9.956,0.0019701492516229,99.73253176932644,C,1.970149251622956e-05,0.9973253176932644,1.0,1.0,1.0,1.0,Uitgeschakeld,000550495,62.56,Custom Approved,Festo B.V.,510-Cylinder," 31,28",0 dagen,8.0,0.0,2024-05-15,
000410831,Solenoid valve 5/2,2,Wear,13.0,2271.64,12.0,454.328,37.86066666666667,0.0074920815688308,98.0500333725468,C,7.492081568830808e-05,0.980500333725468,13.0,1.083333333333333,2.0,12.0,Uitgeschakeld,000410831,62.62,Custom Approved,Festo B.V.,550-Valves," 31,31",0 dagen,8.0,1.0,2026-03-09,
FOTOOMRE3FA-DP21,"Photocell, diffused-reflective",2,Critical,28.0,2099.78,22.0,419.956,19.08890909090909,0.0037774206468213,99.1890913334066,C,3.777420646821333e-05,0.991890913334066,28.0,1.272727272727273,2.0,22.0,Uitgeschakeld,FOTOOMRE3FA-DP21,62.76,Custom Approved,Omron Electronics B.V.,660-Sensor and lighting," 32,34",0 dagen,10.0,1.0,2026-05-01,
FOTOOMRE3F2DS10#B,Photocell,2,Critical,2.0,88.05000000000001,1.0,17.61,17.61,0.0034847658016352,99.26202911549996,C,3.484765801635221e-05,0.9926202911549996,2.0,2.0,2.0,1.0,Uitgeschakeld,FOTOOMRE3F2DS10#B,62.76,Custom approved,Omron Electronics B.V.,660-Sensor and lighting," 31,38",21 dagen,10.0,1.0,2025-08-15,
000434327,"Cylinder, compact",1,Critical,1.0,51.48,1.0,10.296,10.296,0.0020374303630684,99.71651540180405,C,2.037430363068497e-05,0.9971651540180404,1.0,1.0,1.0,1.0,Uitgeschakeld,000434327,63.22,Custom Approved,Festo B.V.,510-Cylinder," 31,61",0 dagen,8.0,1.0,2021-10-01,
CILDFESADN16-180,"Cylinder, compact",1,Critical,4.0,317.08,2.0,63.416,31.708,0.0062745572991623,98.37382896200845,C,6.274557299162383e-05,0.9837382896200844,4.0,2.0,3.0,2.0,Uitgeschakeld,CILDFESADN16-180,63.4,Standard Approved,Festo B.V.,510-Cylinder," 31,70",0 dagen,8.0,1.0,2026-04-02,
000377480,Toothed belt endless,3,Wear,5.0,489.87,4.0,97.974,24.4935,0.0048469114799745,98.87805868897092,C,4.846911479974576e-05,0.9887805868897092,5.0,1.25,2.0,4.0,Uitgeschakeld,000377480,63.5,Custom Approved,Ammertech B.V.,360-Drive belt," 31,75",0 dagen,3.0,1.0,2025-12-15,
BECK_ZB8110,Remweerstand 10-ohm 100W,Onbekend,Onbekend,2.0,114.39,2.0,22.878,11.439,0.0022636136288986,99.6717119984038,C,2.263613628898653e-05,0.996717119984038,2.0,1.0,1.0,2.0,Uitgeschakeld,BECK_ZB8110,63.7,Custom approved,Beckhoff Automation B.V.,"699-Electro part, Miscellaneous"," 31,85",0 dagen,8.0,1.0,2025-12-03,
CILDFES32080ADN,"Cylinder, compact",1,Critical,1.0,50.7,1.0,10.14,10.14,0.0020065602060523,99.72458003243888,C,2.006560206052308e-05,0.9972458003243888,1.0,1.0,1.0,1.0,Uitgeschakeld,CILDFES32080ADN,63.72,Custom Approved,Festo B.V.,510-Cylinder," 31,86",21 dagen,8.0,1.0,2024-05-15,
000309500,Toothed belt endless,3,Wear,4.0,492.6,3.0,98.52,32.84,0.0064985638231516,98.32906248508006,C,6.498563823151655e-05,0.9832906248508004,4.0,1.333333333333333,2.0,3.0,Uitgeschakeld,000309500,63.72,Custom Approved Racupack,Ammertech B.V.,360-Drive belt," 33,45",40 dagen,3.0,1.0,2023-10-25,
FES_M52AZTQ8U1R8L,Solenoid valve 5/2 monostable,2,Wear,7.0,365.37,6.0,73.074,12.179,0.0024100489891036,99.6180369978771,C,2.410048989103654e-05,0.996180369978771,7.0,1.166666666666667,2.0,6.0,Uitgeschakeld,FES_M52AZTQ8U1R8L,63.72,Custom Approved,Festo B.V.,550-Valves," 31,86",0 dagen,8.0,1.0,2024-12-20,
000427763,"Valve, pressure regulator",2,Wear,23.0,1312.85,21.0,262.5700000000001,12.50333333333334,0.0024742298924727,99.58877148134866,C,2.474229892472783e-05,0.9958877148134866,23.0,1.095238095238095,2.0,21.0,Uitgeschakeld,000427763,64.04,Standard Approved,Festo B.V.,550-Valves," 32,02",0 dagen,2.0,1.0,2026-03-09,
000271575,"Spring, pressure",2,Wear,2.0,655.11,2.0,131.022,65.511,0.0129636849762024,95.5013221589202,C,0.000129636849762,0.955013221589202,2.0,1.0,1.0,2.0,Uitgeschakeld,000271575,64.18,Custom Approved,ATV Springs,700-General parts," 32,09",0 dagen,5.0,1.0,2024-10-29,
000327911,"Photocell, diffused-reflective",2,Critical,30.0,2153.26,18.0,430.652,23.92511111111111,0.0047344354912165,98.89231297769103,C,4.734435491216516e-05,0.9889231297769104,30.0,1.666666666666667,5.0,18.0,Uitgeschakeld,000327911,64.68,Custom Approved,Omron Electronics B.V.,660-Sensor and lighting," 32,34",0 dagen,10.0,1.0,2026-03-24,
000318007,"Cylinder, compact",1,Critical,2.0,105.61,2.0,21.122,10.561,0.0020898700528716,99.70625595577482,C,2.089870052871639e-05,0.9970625595577484,2.0,1.0,1.0,2.0,Uitgeschakeld,000318007,64.7,Custom Approved Racupack,Festo B.V.,510-Cylinder," 32,35",0 dagen,8.0,1.0,2023-04-21,
RIETGAT0800-8MR50,Toothed belt endless,3,Wear,1.0,37.81,1.0,7.562,7.562,0.0014964110727975,99.83739060045409,C,1.496411072797589e-05,0.9983739060045408,1.0,1.0,1.0,1.0,Uitgeschakeld,RIETGAT0800-8MR50,65.0,Custom Approved,Ammertech B.V.,360-Drive belt," 32,50",0 dagen,5.0,1.0,2024-02-20,
000286603,"Spring, tension",2,Wear,1.0,1978.29,1.0,395.658,395.658,0.0782950293891759,52.69437668923059,A,0.0007829502938917,0.5269437668923059,1.0,1.0,1.0,1.0,Uitgeschakeld,000286603,65.3,Custom Approved,ATV Springs,700-General parts," 32,65",0 dagen,5.0,1.0,2022-03-24,
000623939,"Cylinder, round",1,Critical,1.0,56.12,1.0,11.224,11.224,0.0022210682201904,99.67618606039116,C,2.221068220190444e-05,0.9967618606039116,1.0,1.0,1.0,1.0,Uitgeschakeld,000623939,65.34,Custom Approved,Festo B.V.,510-Cylinder," 32,67",0 dagen,8.0,0.0,2023-10-25,
CILEFESEV3205,"Cylinder, clamping module",1,Critical,14.0,2923.01,10.0,584.602,58.4602,0.0115684330333194,96.40421041854604,C,0.0001156843303331,0.9640421041854604,14.0,1.4,3.0,10.0,Uitgeschakeld,CILEFESEV3205,65.68,Standard Approved,Festo B.V.,510-Cylinder," 32,84",0 dagen,8.0,1.0,2026-02-27,
000338525,Solenoid valve 2/2 norm. closed,2,Wear,1.0,55.45,1.0,11.09,11.09,0.002194551546856,99.68720423947188,C,2.194551546856025e-05,0.9968720423947188,1.0,1.0,1.0,1.0,Uitgeschakeld,000338525,66.02,Standard Approved,Festo B.V.,550-Valves," 33,01",0 dagen,8.0,1.0,2024-06-28,
KOPPROB100641,Coupling hotmelt,Onbekend,Onbekend,1.0,34.8,1.0,6.959999999999999,6.959999999999999,0.0013772839284146,99.86732930243612,C,1.377283928414601e-05,0.9986732930243614,1.0,1.0,1.0,1.0,Uitgeschakeld,KOPPROB100641,66.4,Custom approved,Robatech B.V.,700-General parts," 33,20",21 dagen,5.0,1.0,2025-01-27,
000724211,Toothed belt endless,3,Wear,1.0,118.31,1.0,23.662,23.662,0.0046823695853658,98.89699534727642,C,4.682369585365848e-05,0.9889699534727642,1.0,1.0,1.0,1.0,Uitgeschakeld,000724211,66.92,Custom Approved,Ammertech B.V.,360-Drive belt," 33,46",0 dagen,5.0,0.0,2025-03-04,
000342462,Photoelectric sensor,Onbekend,Onbekend,1.0,114.9,1.0,22.98,22.98,0.0045474115912309,98.9338436619111,C,4.547411591230969e-05,0.989338436619111,1.0,1.0,1.0,1.0,Uitgeschakeld,000342462,67.08,Custom approved,Omron Electronics B.V.,660-Sensor and lighting," 33,54",0 dagen,10.0,1.0,2023-11-02,100.0
000560798,"Cylinder, round",1,Critical,1.0,52.85,1.0,10.57,10.57,0.0020916510234687,99.70416608572197,C,2.091651023468727e-05,0.9970416608572196,1.0,1.0,1.0,1.0,Uitgeschakeld,000560798,67.12,Custom Approved,Festo B.V.,510-Cylinder," 33,56",0 dagen,8.0,0.0,2022-06-23,
000773005,Solenoid valve on manifold base 3/2,2,Wear,1.0,59.56,1.0,11.912,11.912,0.0023572135280567,99.639463575992,C,2.357213528056715e-05,0.9963946357599202,1.0,1.0,1.0,1.0,Uitgeschakeld,000773005,67.38,Custom Approved,Festo B.V.,550-Valves," 33,69",0 dagen,8.0,0.0,2024-10-28,
SLANERI50ABRAFLEX,Vacuum hose,2,Wear,6.0,2539.07,5.0,507.814,101.5628,0.0200978178397681,89.5209567406155,B,0.0002009781783976,0.895209567406155,6.0,1.2,2.0,5.0,Uitgeschakeld,SLANERI50ABRAFLEX,67.44,Custom Approved,THM Gaasbeek B.V.,560-Vacuum component," 33,72",21 dagen,1.0,1.0,2026-05-08,
000289371,Kettingmeenemer,2,Wear,28.0,32554.62,6.0,6510.924,1085.154,0.2147363741458073,22.16537486909132,A,0.002147363741458,0.2216537486909132,28.0,4.666666666666667,17.0,6.0,Uitgeschakeld,000289371,67.49,Custom approved Racupack,Novi Kunststoffen,190-Plastic parts," 16,10",0 dagen,5.0,1.0,2026-03-20,
000286291,"Cylinder, round",1,Critical,18.0,1385.97,10.0,277.194,27.7194,0.0054852707076574,98.64586646871406,C,5.48527070765743e-05,0.9864586646871406,18.0,1.8,4.0,10.0,Uitgeschakeld,000286291,67.88,Standard Approved,Festo B.V.,510-Cylinder," 33,94",0 dagen,8.0,1.0,2026-04-30,
000271307,Double acting cylinder,1,Critical,1.0,42.89,1.0,8.578,8.578,0.0016974628646466,99.79441628989848,C,1.697462864646617e-05,0.9979441628989848,1.0,1.0,1.0,1.0,Uitgeschakeld,000271307,67.88,Custom approved Racupack,Festo B.V.,510-Cylinder," 33,94",0 dagen,8.0,1.0,2022-08-01,100.0
000351445,Toothed belt endless,3,Wear,1.0,54.11,1.0,10.822,10.822,0.0021415182001871,99.69149400398338,C,2.141518200187186e-05,0.9969149400398338,1.0,1.0,1.0,1.0,Uitgeschakeld,000351445,68.0,Custom Approved,Ammertech B.V.,360-Drive belt," 34,00",0 dagen,3.0,1.0,2024-05-15,
000647187,"Cylinder, round",1,Critical,1.0,68.42,1.0,13.684,13.684,0.0027078668500611,99.51860021626118,C,2.707866850061122e-05,0.9951860021626118,1.0,1.0,1.0,1.0,Uitgeschakeld,000647187,68.42,Custom Approved,Festo B.V.,510-Cylinder," 34,21",0 dagen,10.0,0.0,2026-03-26,100.0
000267994,"Photocell, retro-reflective",2,Critical,55.0,7178.62,41.0,1435.724,35.01765853658537,0.0069294911369467,98.19382110626712,C,6.929491136946753e-05,0.9819382110626712,55.0,1.341463414634146,5.0,41.0,Uitgeschakeld,000267994,68.56,Standard Approved,Omron Electronics B.V.,660-Sensor and lighting," 35,32",0 dagen,10.0,1.0,2026-05-21,100.0
000461754,Toothed belt endless,3,Wear,19.0,1264.12,19.0,252.824,13.30652631578947,0.0026331702353107,99.55587905709038,C,2.633170235310747e-05,0.9955587905709038,19.0,1.0,1.0,19.0,Uitgeschakeld,000461754,68.76,Standard Approved,Ammertech B.V.,360-Drive belt," 34,67",0 dagen,3.0,0.0,2026-04-22,
000362037,PolyVee belt endless,3,Wear,3.0,642.0,1.0,128.4,128.4,0.0254085138517866,85.67523916879072,B,0.0002540851385178,0.8567523916879073,3.0,3.0,3.0,1.0,Uitgeschakeld,000362037,69.0,Custom Approved,Ammertech B.V.,360-Drive belt," 34,50",0 dagen,5.0,1.0,2026-01-28,
000755963,Round belt,3,Wear,2.0,1391.2,1.0,278.24,278.24,0.0550596954370802,65.03007855029223,A,0.0005505969543708,0.6503007855029224,2.0,2.0,2.0,1.0,Uitgeschakeld,000755963,69.56,Custom Approved,YONGLI Nederland Wormer B.V.,350-Conveyor," 18,80",0 dagen,5.0,0.0,2026-04-28,
000502242,Rol.ketting,3,Wear,1.0,62.64,1.0,12.528,12.528,0.0024791110711462,99.5862972514562,C,2.479111071146283e-05,0.995862972514562,1.0,1.0,1.0,1.0,Uitgeschakeld,000502242,69.6,Custom Approved,Tsubakimoto Europe B.V.,300-Chain," 49,80",0 dagen,10.0,0.0,2026-01-19,
VENMFESVUVG5-2-#A,Solenoid valve 5/2 bistable,2,Wear,16.0,1457.64,11.0,291.528,26.50254545454546,0.0052444726891699,98.7315800914099,C,5.244472689169958e-05,0.987315800914099,16.0,1.454545454545455,3.0,11.0,Uitgeschakeld,VENMFESVUVG5-2-#A,69.86,Standard Approved,Festo B.V.,550-Valves," 34,93",21 dagen,8.0,1.0,2026-04-22,
000357113,"Cylinder, compact with guide",1,Critical,1.0,61.8,1.0,12.36,12.36,0.0024458662866673,99.6010713590062,C,2.44586628666731e-05,0.996010713590062,1.0,1.0,1.0,1.0,Uitgeschakeld,000357113,69.9,Custom Approved,Festo B.V.,510-Cylinder," 34,95",0 dagen,8.0,1.0,2024-08-05,
000250705,"Cable, signal",3,Critical,45.0,3269.19,38.0,653.838,17.20626315789474,0.0034048720855518,99.28269600740528,C,3.404872085551823e-05,0.9928269600740528,45.0,1.184210526315789,3.0,38.0,Uitgeschakeld,000250705,70.42,Standard Approved,Linak Actuator-Systems B.V.,330-Linear motion," 35,21",0 dagen,10.0,1.0,2026-04-22,
000512210,3D printed part suction cup G1/4,2,Consumable,7.0,902.55,2.0,180.51,90.255,0.0178601668044626,91.67357718347134,B,0.0001786016680446,0.9167357718347134,7.0,3.5,6.0,2.0,Uitgeschakeld,000512210,71.45,Custom Approved,Oceanz B.V.,192-3D-print," 19,31",0 dagen,0.0,0.0,2025-09-08,
000271299,"Cylinder, compact",1,Critical,17.0,2019.67,14.0,403.934,28.85242857142857,0.0057094807711435,98.55166486813238,C,5.70948077114351e-05,0.9855166486813236,17.0,1.214285714285714,2.0,14.0,Uitgeschakeld,000271299,72.24,Custom Approved,Festo B.V.,510-Cylinder," 36,12",0 dagen,8.0,1.0,2026-04-30,
000271394,"Cylinder, standard",1,Critical,3.0,442.5,3.0,88.5,29.5,0.0058376258460101,98.49392096731172,C,5.837625846010165e-05,0.9849392096731172,3.0,1.0,1.0,3.0,Uitgeschakeld,000271394,72.26,Custom Approved,Festo B.V.,510-Cylinder," 36,13",0 dagen,8.0,1.0,2023-04-21,
000540618,"Cylinder, compact",1,Critical,8.0,470.45,7.0,94.09,13.44142857142857,0.0026598654520634,99.54000284854538,C,2.659865452063421e-05,0.9954000284854538,8.0,1.142857142857143,2.0,7.0,Uitgeschakeld,000540618,72.32,Standard Approved,Festo B.V.,510-Cylinder," 36,16",0 dagen,8.0,0.0,2025-10-08,
SCHDNORVH0880300,Pressure switch pneumatic,2,Critical,1.0,61.01,1.0,12.202,12.202,0.0024146003584073,99.615626948888,C,2.414600358407323e-05,0.99615626948888,1.0,1.0,1.0,1.0,Uitgeschakeld,SCHDNORVH0880300,72.64,Custom approved,Norgren B.V.,"530-Electric, accessory"," 36,32",25 dagen,10.0,1.0,2023-09-04,
000612901,Toothed belt endless,3,Wear,1.0,64.48,1.0,12.896,12.896,0.0025519329800049,99.56876095073152,C,2.551932980004986e-05,0.9956876095073152,1.0,1.0,1.0,1.0,Uitgeschakeld,000612901,72.94,Custom Approved,Ammertech B.V.,360-Drive belt," 36,47",0 dagen,5.0,0.0,2025-01-10,
000675593,"Photocell, diffused-reflective",2,Critical,3.0,204.28,3.0,40.85599999999999,13.61866666666666,0.0026949383227637,99.52399688697972,C,2.694938322763743e-05,0.9952399688697972,3.0,1.0,1.0,3.0,Uitgeschakeld,000675593,72.96,Standard Approved,Omron Electronics B.V.,660-Sensor and lighting," 37,60",0 dagen,10.0,0.0,2026-04-14,
CILDFES32050NC#A,"Cylinder, standard",1,Critical,25.0,1476.98,22.0,295.396,13.42709090909091,0.0026570282348351,99.54265987678022,C,2.65702823483516e-05,0.9954265987678022,25.0,1.136363636363636,3.0,22.0,Uitgeschakeld,CILDFES32050NC#A,73.16,Standard Approved,Festo B.V.,510-Cylinder," 36,58",21 dagen,8.0,1.0,2025-12-30,
000498276,Solenoid valve 2x 3/2 norm. closed,2,Wear,2.0,183.8,2.0,36.76000000000001,18.38,0.0036371377304971,99.23373831746866,C,3.637137730497181e-05,0.9923373831746868,2.0,1.0,1.0,2.0,Uitgeschakeld,000498276,73.22,Custom Approved,Festo B.V.,550-Valves," 36,61",0 dagen,8.0,0.0,2024-12-20,
000271398,"Cylinder, standard",1,Critical,12.0,767.79,11.0,153.558,13.95981818181818,0.0027624473025011,99.50223786928667,C,2.762447302501168e-05,0.9950223786928668,12.0,1.090909090909091,2.0,11.0,Uitgeschakeld,000271398,73.52,Custom Approved,Festo B.V.,510-Cylinder," 36,76",0 dagen,8.0,1.0,2026-03-20,
VALVSOL-00000009,Solenoid valve 3/2 norm. closed,2,Wear,23.0,1500.32,21.0,300.064,14.2887619047619,0.0028275405356855,99.48543192699644,C,2.827540535685543e-05,0.9948543192699646,23.0,1.095238095238095,2.0,21.0,Uitgeschakeld,VALVSOL-00000009,73.74,Standard Approved,Festo B.V.,550-Valves," 36,87",0 dagen,8.0,1.0,2025-10-08,100.0
FES_525166,Solenoid valve 3/2 norm. open,2,Wear,6.0,304.06,5.0,60.812,12.1624,0.0024067640877801,99.62044376196488,C,2.406764087780137e-05,0.9962044376196488,6.0,1.2,2.0,5.0,Uitgeschakeld,FES_525166,73.74,Standard Approved,Festo B.V.,550-Valves," 36,87",0 dagen,8.0,1.0,2026-02-23,
CILDFESADN40-60,"Cylinder, compact",1,Critical,5.0,383.47,5.0,76.69399999999999,15.3388,0.003035327977179,99.41195986210003,C,3.035327977179007e-05,0.9941195986210004,5.0,1.0,1.0,5.0,Uitgeschakeld,CILDFESADN40-60,73.8,Standard Approved,Festo B.V.,510-Cylinder," 36,90",0 dagen,8.0,1.0,2026-04-14,
000518210,"Cylinder, standard",1,Critical,1.0,133.0,1.0,26.6,26.6,0.005263757542504,98.72108729625674,C,5.263757542504081e-05,0.9872108729625674,1.0,1.0,1.0,1.0,Uitgeschakeld,000518210,73.88,Custom Approved,Festo B.V.,510-Cylinder," 36,94",0 dagen,8.0,0.0,2025-09-24,
CILDFES32080NC#A,"Cylinder, standard",1,Critical,15.0,2175.71,14.0,435.142,31.08157142857143,0.0061505960917301,98.39235562172216,C,6.150596091730158e-05,0.9839235562172216,15.0,1.071428571428571,2.0,14.0,Uitgeschakeld,CILDFES32080NC#A,74.24,Standard Approved,Festo B.V.,510-Cylinder," 37,12",21 dagen,8.0,1.0,2026-03-09,
000506702,"Cylinder, compact",1,Critical,5.0,409.18,4.0,81.836,20.459,0.0040485419384244,99.0789710060038,C,4.048541938424474e-05,0.990789710060038,5.0,1.25,2.0,4.0,Uitgeschakeld,000506702,74.48,Custom Approved,Festo B.V.,510-Cylinder," 37,24",0 dagen,8.0,0.0,2026-03-06,
SCHPSIE3SE31801D,"Sensor, position",2,Critical,32.0,2550.65,28.0,510.13,18.21892857142857,0.0036052640106842,99.23734358147937,C,3.605264010684219e-05,0.9923734358147936,32.0,1.142857142857143,3.0,28.0,Uitgeschakeld,SCHPSIE3SE31801D,74.7,Standard Approved,Solar Nederland B.V.,660-Sensor and lighting," 37,35",21 dagen,10.0,1.0,2025-12-16,
000237430,"Cylinder, standard",1,Critical,6.0,416.98,6.0,83.396,13.89933333333333,0.0027504782206432,99.50498834750732,C,2.750478220643298e-05,0.9950498834750732,6.0,1.0,1.0,6.0,Uitgeschakeld,000237430,74.96,Standard Approved,Festo B.V.,510-Cylinder," 37,48",0 dagen,8.0,1.0,2025-12-15,
CILDFES32100NC#A,"Cylinder, standard",1,Critical,1.0,50.92,1.0,10.184,10.184,0.0020152671734158,99.72056097545811,C,2.015267173415848e-05,0.9972056097545812,1.0,1.0,1.0,1.0,Uitgeschakeld,CILDFES32100NC#A,74.96,Custom Approved,Festo B.V.,510-Cylinder," 37,48",21 dagen,8.0,1.0,2023-04-21,
SLANERI30ABRA355,Vacuum hose,2,Wear,2.0,363.46,2.0,72.692,36.346,0.0071923508135283,98.13068442065465,C,7.19235081352832e-05,0.9813068442065463,2.0,1.0,1.0,2.0,Uitgeschakeld,SLANERI30ABRA355,75.28,Custom Approved,THM Gaasbeek B.V.,560-Vacuum component," 37,64",0 dagen,1.0,1.0,2023-12-22,
000385892,Fotocel M18 conn.M12,2,Critical,11.0,814.37,8.0,162.874,20.35925,0.00402880284764,99.0910731881138,C,4.028802847640083e-05,0.990910731881138,11.0,1.375,4.0,8.0,Uitgeschakeld,000385892,75.44,Standard Approved,Omron Electronics B.V.,660-Sensor and lighting," 38,86",0 dagen,10.0,1.0,2026-04-22,
000272006,Photoelectric sensor,Onbekend,Onbekend,1.0,55.73,1.0,11.146,11.146,0.0022056331416823,99.68060511017566,C,2.205633141682349e-05,0.9968060511017568,1.0,1.0,1.0,1.0,Geselecteerd,000272006,75.52,Custom approved,Omron Electronics B.V.,660-Sensor and lighting," 37,76",0 dagen,10.0,1.0,2023-02-24,
000532092,Toothed belt endless,3,Wear,2.0,124.74,1.0,24.948,24.948,0.0049368504951275,98.8536367338871,C,4.936850495127512e-05,0.9885363673388712,2.0,2.0,2.0,1.0,Uitgeschakeld,000532092,75.58,Custom Approved,Ammertech B.V.,360-Drive belt," 37,79",0 dagen,3.0,0.0,2025-10-30,
000349700,Toothed belt endless,3,Wear,1.0,60.23,1.0,12.046,12.046,0.0023837302013911,99.62760999187633,C,2.383730201391134e-05,0.9962760999187632,1.0,1.0,1.0,1.0,Uitgeschakeld,000349700,75.7,Custom Approved Racupack,Ammertech B.V.,360-Drive belt," 37,85",0 dagen,3.0,1.0,2022-12-28,
CILDFES32125NC#A,"Cylinder, standard",1,Critical,22.0,1579.87,20.0,315.974,15.7987,0.0031263355746901,99.38744770880974,C,3.126335574690196e-05,0.9938744770880974,22.0,1.1,2.0,20.0,Uitgeschakeld,CILDFES32125NC#A,75.86,Standard Approved,Festo B.V.,510-Cylinder," 37,93",21 dagen,8.0,1.0,2026-04-23,
SCHVGUATROJAN53XP,Security switch,2,Critical,2.0,374.67,2.0,74.934,37.467,0.0074141805956767,98.07228382975872,C,7.414180595676707e-05,0.9807228382975872,2.0,1.0,1.0,2.0,Uitgeschakeld,SCHVGUATROJAN53XP,76.2,Standard approved,Routeco B.V.,660-Sensor and lighting," 38,10",8 dagen,10.0,1.0,2025-02-03,
SCHVSCHBNS3602Z#B,"Safety sensor, switch magnetic",1,Critical,10.0,682.54,8.0,136.508,17.0635,0.0033766213092676,99.29963076209896,C,3.376621309267608e-05,0.9929963076209896,10.0,1.25,3.0,8.0,Uitgeschakeld,SCHVSCHBNS3602Z#B,76.2,Custom Approved,Schmersal Nederland B.V.,660-Sensor and lighting," 38,10",25 dagen,10.0,5.0,2024-12-10,
RIETGAT-8MR30,Toothed belt open-ended,3,Wear,56.0,19126.86,42.0,3825.372,91.08028571428572,0.0180234789812781,91.44047236835408,B,0.0001802347898127,0.9144047236835408,56.0,1.333333333333333,4.0,42.0,Uitgeschakeld,RIETGAT-8MR30,76.51,Custom Approved,Eriks B.V.,360-Drive belt," 38,25",8 dagen,5.0,1.0,2026-05-01,
000281973,"Cylinder, compact with guide",1,Critical,6.0,394.89,3.0,78.978,26.326,0.0052095368821038,98.75772443823514,C,5.20953688210385e-05,0.9875772443823516,6.0,2.0,4.0,3.0,Uitgeschakeld,000281973,76.58,Custom Approved,Festo B.V.,510-Cylinder," 41,56",0 dagen,8.0,1.0,2025-12-15,
000480017,"Cylinder, round",1,Critical,6.0,558.51,2.0,111.702,55.851,0.0110521098686614,96.60734379313458,C,0.0001105210986866,0.9660734379313458,6.0,3.0,5.0,2.0,Uitgeschakeld,000480017,76.82,Custom Approved,Festo B.V.,510-Cylinder," 38,41",0 dagen,8.0,0.0,2026-02-19,
000303764,"Cylinder, round",1,Critical,20.0,1238.37,19.0,247.674,13.03547368421052,0.0025795328167434,99.5610796245463,C,2.579532816743482e-05,0.995610796245463,20.0,1.052631578947368,2.0,19.0,Uitgeschakeld,000303764,77.48,Standard Approved,Festo B.V.,510-Cylinder," 38,74",0 dagen,8.0,1.0,2026-01-23,
000309604,Toothed belt endless,3,Wear,1.0,68.8,1.0,13.76,13.76,0.0027229061573254,99.51318374755732,C,2.722906157325419e-05,0.9951318374755732,1.0,1.0,1.0,1.0,Uitgeschakeld,000309604,77.82,Custom Approved Racupack,Ammertech B.V.,360-Drive belt," 38,91",0 dagen,5.0,1.0,2023-10-25,
000448810,Toothed belt endless,3,Wear,1.0,62.32,1.0,12.464,12.464,0.0024664463913447,99.59617131523676,C,2.46644639134477e-05,0.9959617131523676,1.0,1.0,1.0,1.0,Geselecteerd,000448810,78.0,Custom Approved,Ammertech B.V.,360-Drive belt," 39,00",0 dagen,3.0,1.0,2021-10-01,
LEN_ERBM100R100W,Brake Resistor 100R 100W IP20,1,Critical,2.0,121.02,2.0,24.204,12.102,0.0023948117962174,99.6228385737611,C,2.394811796217458e-05,0.996228385737611,2.0,1.0,1.0,2.0,Uitgeschakeld,LEN_ERBM100R100W,78.18,Custom approved,Lenze B.V.,610-Motor control," 39,09",2 dagen,8.0,1.0,2023-08-18,
SCHVSCHBNS3602Z#A,Safety sensor,1,Critical,7.0,545.49,4.0,109.098,27.2745,0.0053972313944747,98.67841422087844,C,5.39723139447472e-05,0.9867841422087844,7.0,1.75,4.0,4.0,Uitgeschakeld,SCHVSCHBNS3602Z#A,78.4,Standard approved,Schmersal Nederland B.V.,660-Sensor and lighting," 39,20",0 dagen,10.0,1.0,2024-10-14,
000572769,Toothed belt endless,3,Wear,8.0,697.73,7.0,139.546,19.93514285714286,0.0039448781419241,99.13488759962276,C,3.944878141924138e-05,0.9913488759962276,8.0,1.142857142857143,2.0,7.0,Uitgeschakeld,000572769,78.46,Standard Approved,Ammertech B.V.,360-Drive belt," 38,45",0 dagen,3.0,0.0,2026-05-05,
CILDFES32200NC#A,"Cylinder, standard",1,Critical,7.0,479.07,7.0,95.814,13.68771428571428,0.0027086018537996,99.51589234941112,C,2.708601853799602e-05,0.9951589234941112,7.0,1.0,1.0,7.0,Uitgeschakeld,CILDFES32200NC#A,78.56,Standard Approved,Festo B.V.,510-Cylinder," 39,28",21 dagen,8.0,1.0,2026-04-23,
000323467,"Cylinder, stopper",1,Critical,1.0,74.07,1.0,14.814,14.814,0.0029314776028065,99.45373008686542,C,2.931477602806596e-05,0.9945373008686542,1.0,1.0,1.0,1.0,Uitgeschakeld,000323467,78.62,Custom Approved,Festo B.V.,510-Cylinder," 39,31",0 dagen,8.0,1.0,2021-09-29,
000326940,Air supply unit,1,Critical,2.0,142.27,2.0,28.454,14.227,0.002815318742752,99.49107146933494,C,2.815318742752089e-05,0.9949107146933496,2.0,1.0,1.0,2.0,Uitgeschakeld,000326940,79.48,Custom Approved,Festo B.V.,500-Air supply," 39,74",0 dagen,10.0,1.0,2025-10-13,
RIETGAT2600-8MR30,Gear belt,3,Wear,3.0,270.37,2.0,54.074,27.037,0.0053502335592737,98.69450093673946,C,5.350233559273791e-05,0.9869450093673946,3.0,1.5,2.0,2.0,Uitgeschakeld,RIETGAT2600-8MR30,79.5,Custom approved,Ammertech B.V.,360-Drive belt," 39,75",21 dagen,5.0,1.0,2025-03-04,
000229948,Solenoid valve 5/3 mid closed,2,Wear,49.0,5497.95,39.0,1099.59,28.19461538461538,0.0055793089995778,98.56846867582124,C,5.57930899957785e-05,0.9856846867582124,49.0,1.256410256410256,4.0,39.0,Uitgeschakeld,000229948,79.94,Standard Approved,Festo B.V.,550-Valves," 39,97",0 dagen,8.0,1.0,2026-02-11,
000341494,Toothed belt endless,3,Wear,17.0,1311.31,17.0,262.262,15.42717647058824,0.0030528164100225,99.39979006785416,C,3.052816410022568e-05,0.9939979006785415,17.0,1.0,1.0,17.0,Uitgeschakeld,000341494,79.94,Custom Approved,Ammertech B.V.,360-Drive belt," 40,31",0 dagen,5.0,1.0,2026-04-22,
000418604,Solenoid valve 5/3 mid exhaust,2,Wear,6.0,424.64,6.0,84.928,14.15466666666667,0.0028010050161014,99.4966761319768,C,2.80100501610142e-05,0.994966761319768,6.0,1.0,1.0,6.0,Uitgeschakeld,000418604,79.94,Standard Approved,Festo B.V.,550-Valves," 39,97",0 dagen,8.0,1.0,2026-02-11,
SCHPSIE3SE5413-CO,"Sensor, position",2,Critical,31.0,2539.57,27.0,507.914,18.81162962962963,0.0037225510281863,99.22277703710046,C,3.722551028186324e-05,0.9922277703710044,31.0,1.148148148148148,3.0,27.0,Uitgeschakeld,SCHPSIE3SE5413-CO,80.0,Standard Approved,Solar Nederland B.V.,660-Sensor and lighting," 41,00",0 dagen,10.0,1.0,2026-02-11,
000531577,"Cylinder, clamping module",1,Critical,2.0,213.35,2.0,42.67,21.335,0.0042218897432076,99.02097700319956,C,4.221889743207691e-05,0.9902097700319956,2.0,1.0,1.0,2.0,Uitgeschakeld,000531577,80.26,Custom Approved,Festo B.V.,510-Cylinder," 40,13",0 dagen,8.0,0.0,2025-12-16,
CILDFES32250NC#A,"Cylinder, standard",1,Critical,10.0,675.0600000000001,10.0,135.012,13.5012,0.002671693358378,99.52934359817492,C,2.671693358378049e-05,0.9952934359817494,10.0,1.0,1.0,10.0,Uitgeschakeld,CILDFES32250NC#A,80.34,Standard Approved,Festo B.V.,510-Cylinder," 40,17",21 dagen,8.0,1.0,2026-04-23,
000609439,"Cylinder, compact",1,Critical,1.0,71.82,1.0,14.364,14.364,0.0028424290729522,99.48260438646076,C,2.842429072952203e-05,0.9948260438646076,1.0,1.0,1.0,1.0,Uitgeschakeld,000609439,81.24,Custom Approved,Festo B.V.,510-Cylinder," 41,81",0 dagen,10.0,0.0,2023-02-03,
000643558,Toothed belt endless,3,Wear,1.0,81.5,1.0,16.3,16.3,0.0032255356369479,99.35561355933224,C,3.225535636947989e-05,0.9935561355933222,1.0,1.0,1.0,1.0,Uitgeschakeld,000643558,81.5,Custom Approved,Ammertech B.V.,360-Drive belt," 40,75",0 dagen,5.0,0.0,2026-03-09,
000281854,"Cylinder, standard",1,Critical,13.0,913.5,12.0,182.7,15.225,0.0030128085934069,99.41799675876732,C,3.012808593406941e-05,0.9941799675876732,13.0,1.083333333333333,2.0,12.0,Uitgeschakeld,000281854,81.62,Custom Approved Racupack,Festo B.V.,510-Cylinder," 40,81",0 dagen,8.0,1.0,2026-04-22,
CILDFES32300NC#A,"Cylinder, standard",1,Critical,2.0,126.34,2.0,25.268,12.634,0.0025000869470675,99.57883795221387,C,2.50008694706754e-05,0.9957883795221388,2.0,1.0,1.0,2.0,Uitgeschakeld,CILDFES32300NC#A,82.14,Standard Approved,Festo B.V.,510-Cylinder," 41,07",21 dagen,8.0,1.0,2023-11-02,
000250706,"Cable, motor",3,Critical,45.0,3883.07,38.0,776.6139999999999,20.43721052631579,0.0040442301148736,99.08301523611868,C,4.044230114873629e-05,0.9908301523611868,45.0,1.184210526315789,3.0,38.0,Uitgeschakeld,000250706,82.24,Standard Approved,Linak Actuator-Systems B.V.,330-Linear motion," 41,12",0 dagen,10.0,1.0,2026-04-22,
BEVCNORQM19202527,"Cylinder mounting, swivel",1,Critical,1.0,277.68,1.0,55.536,55.536,0.0109897758977634,96.6403973567794,C,0.0001098977589776,0.966403973567794,1.0,1.0,1.0,1.0,Uitgeschakeld,BEVCNORQM19202527,82.44,Custom Approved,Norgren B.V.,520-Cylinder mounting," 41,22",25 dagen,10.0,1.0,2022-08-23,
000306381,Solenoid valve 5/3 mid closed,2,Wear,5.0,540.3,4.0,108.06,27.015,0.005345880075592,98.70519606094622,C,5.34588007559202e-05,0.9870519606094622,5.0,1.25,2.0,4.0,Uitgeschakeld,000306381,82.46,Standard Approved,Festo B.V.,550-Valves," 41,23",0 dagen,8.0,1.0,2026-02-06,
CILDFES032320DSBC,"Cylinder, standard",1,Critical,3.0,227.25,3.0,45.45,15.15,0.0029979671717645,99.43301561785069,C,2.997967171764543e-05,0.9943301561785068,3.0,1.0,1.0,3.0,Uitgeschakeld,CILDFES032320DSBC,82.84,Standard Approved,Festo B.V.,510-Cylinder," 41,42",0 dagen,8.0,1.0,2025-11-19,
000348460,"Cylinder, compact",1,Critical,2.0,125.83,1.0,25.166,25.166,0.0049799895607014,98.8288209534348,C,4.979989560701418e-05,0.9882882095343478,2.0,2.0,2.0,1.0,Uitgeschakeld,000348460,82.9,Custom Approved Racupack,Festo B.V.,510-Cylinder," 41,45",0 dagen,8.0,1.0,2025-03-06,
000404791,"Cylinder, compact",1,Critical,1.0,60.33,1.0,12.066,12.066,0.0023876879138291,99.62522626167492,C,2.387687913829107e-05,0.9962522626167492,1.0,1.0,1.0,1.0,Uitgeschakeld,000404791,83.12,Custom Approved,Festo B.V.,510-Cylinder," 42,78",0 dagen,8.0,1.0,2023-04-12,
000875284,"Cylinder, compact",1,Critical,1.0,83.16,1.0,16.632,16.632,0.0032912336634183,99.32626857276588,C,3.291233663418341e-05,0.9932626857276586,1.0,1.0,1.0,1.0,Uitgeschakeld,000875284,83.16,Custom Approved,Festo B.V.,510-Cylinder," 41,58",0 dagen,8.0,0.0,2026-05-04,
000431772,"Cylinder, compact",1,Critical,5.0,443.47,4.0,88.694,22.1735,0.0043878168371697,98.96048365834622,C,4.387816837169709e-05,0.9896048365834622,5.0,1.25,2.0,4.0,Uitgeschakeld,000431772,83.26,Custom Approved,Festo B.V.,510-Cylinder," 41,63",0 dagen,8.0,1.0,2026-01-26,
CILDFES25025ADNS2,"Cylinder, compact",1,Critical,6.0,459.82,3.0,91.964,30.65466666666667,0.0060661177774291,98.422800456575,C,6.06611777742914e-05,0.98422800456575,6.0,2.0,3.0,3.0,Uitgeschakeld,CILDFES25025ADNS2,83.7,Custom Approved,Festo B.V.,510-Cylinder," 41,85",0 dagen,8.0,1.0,2025-12-15,
CILDNOR20025RM#A,"Cylinder, round",1,Critical,1.0,71.36,1.0,14.272,14.272,0.0028242235957375,99.4882561505922,C,2.824223595737528e-05,0.994882561505922,1.0,1.0,1.0,1.0,Uitgeschakeld,CILDNOR20025RM#A,84.4,Custom Approved,Norgren B.V.,510-Cylinder," 42,20",25 dagen,8.0,1.0,2025-01-17,
000288450,Toothed belt endless,3,Wear,4.0,288.82,4.0,57.764,14.441,0.0028576662658383,99.47976195738782,C,2.857666265838399e-05,0.9947976195738782,4.0,1.0,1.0,4.0,Uitgeschakeld,000288450,84.46,Custom Approved Racupack,Ammertech B.V.,360-Drive belt," 42,23",0 dagen,3.0,1.0,2025-01-31,
VENMFESMN1H5/2FR,Solenoid valve 5 /2 monostable,2,Wear,9.0,926.59,8.0,185.318,23.16475,0.0045839709598767,98.92474732160554,C,4.583970959876745e-05,0.9892474732160554,9.0,1.125,2.0,8.0,Uitgeschakeld,VENMFESMN1H5/2FR,84.62,Standard Approved,Festo B.V.,550-Valves," 42,31",25 dagen,8.0,1.0,2026-02-11,
CILDFES032075ADN,"Cylinder, compact",1,Critical,6.0,664.98,6.0,132.996,22.166,0.0043863326950054,98.96486999104124,C,4.386332695005469e-05,0.9896486999104124,6.0,1.0,1.0,6.0,Uitgeschakeld,CILDFES032075ADN,85.14,Standard Approved,Festo B.V.,510-Cylinder," 42,57",0 dagen,8.0,1.0,2024-08-05,
000283227,"Cylinder, standard",1,Critical,12.0,848.71,9.0,169.742,18.86022222222222,0.0037321668035911,99.21533001482064,C,3.732166803591177e-05,0.9921533001482064,12.0,1.333333333333333,2.0,9.0,Uitgeschakeld,000283227,85.2,Standard Approved,Festo B.V.,510-Cylinder," 42,60",0 dagen,8.0,1.0,2025-09-24,
CYLIDA-00000019,"Cylinder, stopper",1,Critical,3.0,487.88,3.0,97.576,32.52533333333333,0.0064362958141275,98.34198771428372,C,6.436295814127546e-05,0.9834198771428372,3.0,1.0,1.0,3.0,Uitgeschakeld,CYLIDA-00000019,85.54,Custom Approved,Festo B.V.,510-Cylinder," 42,77",0 dagen,8.0,1.0,2024-06-21,
000272255,"Cylinder, compact",1,Critical,4.0,379.69,4.0,75.938,18.9845,0.0037567595889349,99.19662150795764,C,3.756759588934914e-05,0.9919662150795764,4.0,1.0,1.0,4.0,Uitgeschakeld,000272255,85.6,Custom Approved,Festo B.V.,510-Cylinder," 42,80",0 dagen,8.0,1.0,2026-02-11,
NID_DBR-135R-100W,Brake resistor 135R 100W IP54,1,Critical,13.0,1014.44,12.0,202.888,16.90733333333333,0.0033457181713144,99.31306947810673,C,3.345718171314436e-05,0.9931306947810672,13.0,1.083333333333333,2.0,12.0,Uitgeschakeld,NID_DBR-135R-100W,86.0,Custom Approved,Nidec Netherlands B.V.,610-Motor control," 43,00",0 dagen,8.0,0.0,2026-04-23,
NID_DBR-270R-100W,Brake resistor 270R 100W IP54,1,Critical,10.0,792.58,10.0,158.516,15.8516,0.0031368037240886,99.38432137323504,C,3.136803724088635e-05,0.9938432137323504,10.0,1.0,1.0,10.0,Uitgeschakeld,NID_DBR-270R-100W,86.0,Standard Approved,Nidec Netherlands B.V.,610-Motor control," 43,00",0 dagen,8.0,0.0,2026-04-23,
000455258,Toothed belt endless,3,Wear,12.0,1556.08,12.0,311.216,25.93466666666667,0.0051320976420675,98.77315453408475,C,5.132097642067513e-05,0.9877315453408476,12.0,1.0,1.0,12.0,Uitgeschakeld,000455258,86.04,Custom Approved,Ammertech B.V.,360-Drive belt," 39,81",0 dagen,3.0,1.0,2026-04-22,
CILDFES40125NC#A,"Cylinder, standard",1,Critical,7.0,578.62,7.0,115.724,16.532,0.0032714451012284,99.3393821890816,C,3.271445101228476e-05,0.993393821890816,7.0,1.0,1.0,7.0,Uitgeschakeld,CILDFES40125NC#A,86.4,Standard Approved,Festo B.V.,510-Cylinder," 43,20",21 dagen,8.0,1.0,2024-10-03,
OMR_E3FB-BP21,"Photocell, retro-reflective",2,Critical,8.0,1384.86,8.0,276.972,34.6215,0.0068510970585641,98.25576196795416,C,6.8510970585641e-05,0.9825576196795416,8.0,1.0,1.0,8.0,Uitgeschakeld,OMR_E3FB-BP21,86.8,Standard Approved,Omron Electronics B.V.,660-Sensor and lighting," 44,72",0 dagen,10.0,1.0,2026-04-22,
000572321,"Cylinder, compact",1,Critical,1.0,64.59,1.0,12.918,12.918,0.0025562864636867,99.56620901775152,C,2.556286463686757e-05,0.9956620901775152,1.0,1.0,1.0,1.0,Uitgeschakeld,000572321,87.74,Custom Approved,Festo B.V.,510-Cylinder," 43,87",0 dagen,8.0,0.0,2023-08-07,
000462589,"Cylinder, compact with guide",1,Critical,1.0,145.11,1.0,29.022,29.022,0.0057430365187426,98.54595538736125,C,5.743036518742611e-05,0.9854595538736124,1.0,1.0,1.0,1.0,Uitgeschakeld,000462589,87.82,Custom Approved,Festo B.V.,510-Cylinder," 43,91",0 dagen,8.0,1.0,2021-06-23,
000314474,"Cylinder, compact with guide",1,Critical,8.0,766.23,7.0,153.246,21.89228571428572,0.0043321685733543,98.99536125363024,C,4.332168573354353e-05,0.9899536125363024,8.0,1.142857142857143,2.0,7.0,Uitgeschakeld,000314474,88.1,Custom Approved Racupack,Festo B.V.,510-Cylinder," 44,05",0 dagen,8.0,1.0,2026-03-26,
000405389,"Cylinder, standard",1,Critical,1.0,123.62,1.0,24.724,24.724,0.0048925241158222,98.8683562579864,C,4.892524115822215e-05,0.988683562579864,1.0,1.0,1.0,1.0,Uitgeschakeld,000405389,88.62,Custom Approved,Festo B.V.,510-Cylinder," 44,31",0 dagen,8.0,1.0,2022-12-30,
000656820,Solenoid valve 5/3 mid closed,2,Wear,1.0,75.95,1.0,15.19,15.19,0.0030058825966404,99.42401089858804,C,3.005882596640489e-05,0.9942401089858806,1.0,1.0,1.0,1.0,Uitgeschakeld,000656820,88.62,Custom Approved,Festo B.V.,550-Valves," 44,31",0 dagen,10.0,0.0,2024-02-05,
CILDFES32500NC#A,"Cylinder, standard",1,Critical,16.0,1417.41,15.0,283.482,18.8988,0.0037398007911382,99.2078582055344,C,3.7398007911382e-05,0.992078582055344,16.0,1.066666666666667,2.0,15.0,Uitgeschakeld,CILDFES32500NC#A,89.3,Standard Approved,Festo B.V.,510-Cylinder," 44,65",21 dagen,8.0,1.0,2026-04-14,
CILDFES40200NC#A,"Cylinder, standard",1,Critical,6.0,689.63,6.0,137.926,22.98766666666667,0.0045489287143321,98.92929625031988,C,4.548928714332192e-05,0.9892929625031988,6.0,1.0,1.0,6.0,Uitgeschakeld,CILDFES40200NC#A,90.0,Custom Approved,Festo B.V.,510-Cylinder," 45,00",21 dagen,8.0,1.0,2025-12-15,
VENMFESMS1H-3-2#A,Solenoid valve 3/2 norm. closed,2,Wear,17.0,2122.82,14.0,424.564,30.326,0.0060010793696984,98.44087803371606,C,6.00107936969845e-05,0.9844087803371606,17.0,1.214285714285714,3.0,14.0,Uitgeschakeld,VENMFESMS1H-3-2#A,90.54,Standard Approved,Festo B.V.,550-Valves," 45,27",10 dagen,8.0,1.0,2026-03-09,
SENSROPE-00000004,Trekkoord 20m,Onbekend,Onbekend,1.0,78.24,1.0,15.648,15.648,0.00309651421147,99.39364706957258,C,3.09651421147007e-05,0.9939364706957258,1.0,1.0,1.0,1.0,Uitgeschakeld,SENSROPE-00000004,90.72,Custom Approved,Schmersal Nederland B.V.,660-Sensor and lighting," 45,36",0 dagen,10.0,1.0,2025-01-17,
000828709,"Bearing, flange",3,Wear,3.0,3786.82,2.0,757.3639999999999,378.682,0.0749357230718244,53.99475824507032,A,0.0007493572307182,0.5399475824507032,3.0,1.5,2.0,2.0,Uitgeschakeld,000828709,90.98,Custom Approved,Dertec B.V.,"400-Bearing, Rotery motion, rolling"," 45,49",0 dagen,5.0,0.0,2026-03-11,
FES_P53CTQ8U1R8L,5/3ventiel geslotenmiddenstand,2,Wear,1.0,80.5,1.0,16.1,16.1,0.0031859585125682,99.37804264954406,C,3.18595851256826e-05,0.9937804264954406,1.0,1.0,1.0,1.0,Uitgeschakeld,FES_P53CTQ8U1R8L,91.06,Standard approved,Festo B.V.,550-Valves," 45,53",0 dagen,8.0,1.0,2024-12-06,
000237797,"Cylinder, compact with guide",1,Critical,1.0,81.98,1.0,16.396,16.396,0.0032445326566502,99.34915101069224,C,3.24453265665026e-05,0.9934915101069224,1.0,1.0,1.0,1.0,Uitgeschakeld,000237797,91.08,Custom Approved,Festo B.V.,510-Cylinder," 45,54",0 dagen,8.0,0.0,2025-09-24,
SCHVSCHBNS26002ZL,"Safety sensor, switch magnet",1,Critical,117.0,18898.4,79.0,3779.68,47.8440506329114,0.0094676497136441,97.31678175507112,C,9.467649713644156e-05,0.9731678175507112,117.0,1.481012658227848,5.0,79.0,Uitgeschakeld,SCHVSCHBNS26002ZL,91.5,Standard Approved,Schmersal Nederland B.V.,660-Sensor and lighting," 47,05",10 dagen,10.0,150.0,2026-04-23,
SCHVSCHBNS260-02Z,"Safety sensor, switch magnet",1,Critical,117.0,18794.96,88.0,3758.992,42.71581818181818,0.0084528462458187,97.68317640659016,C,8.452846245818737e-05,0.9768317640659016,117.0,1.329545454545455,7.0,88.0,Uitgeschakeld,SCHVSCHBNS260-02Z,91.5,Standard Approved,Schmersal Nederland B.V.,660-Sensor and lighting," 47,05",10 dagen,10.0,125.0,2026-05-04,
CYLIDA-00000026,"Cylinder, standard",1,Critical,1.0,62.01,1.0,12.402,12.402,0.002454177482787,99.59862549271952,C,2.454177482787053e-05,0.9959862549271954,1.0,1.0,1.0,1.0,Uitgeschakeld,CYLIDA-00000026,91.5,Custom Approved,Festo B.V.,510-Cylinder," 45,75",0 dagen,8.0,1.0,2022-12-30,
000656285,"Cylinder, compact with guide",1,Critical,6.0,1206.29,2.0,241.258,120.629,0.0238707446840122,86.78361708235667,B,0.0002387074468401,0.8678361708235667,6.0,3.0,5.0,2.0,Uitgeschakeld,000656285,91.82,Custom Approved,Festo B.V.,510-Cylinder," 45,91",0 dagen,10.0,0.0,2026-01-19,
MONSNRD0.031_1.30,Hotmelt nozzle,Onbekend,Onbekend,4.0,1053.49,3.0,210.698,70.23266666666667,0.0138980349209339,95.05572390169,C,0.0001389803492093,0.9505572390169,4.0,1.333333333333333,2.0,3.0,Uitgeschakeld,MONSNRD0.031_1.30,92.36,Custom approved,Nordson Benelux B.V.,700-General parts," 46,68",5 dagen,5.0,1.0,2025-11-20,
000363352,Hotmeltspuitmond,Onbekend,Onbekend,6.0,887.71,3.0,177.542,59.18066666666667,0.01171100302771,96.31128452221364,C,0.0001171100302771,0.9631128452221362,6.0,2.0,4.0,3.0,Uitgeschakeld,000363352,92.36,Custom approved,Nordson Benelux B.V.,700-General parts," 46,18",5 dagen,5.0,1.0,2025-12-15,
MONSNRD0.014_0.50,"Hotmelt, nozzle",1,Critical,14.0,2596.7,13.0,519.3399999999999,39.94923076923077,0.0079053783751419,97.91916484969312,C,7.9053783751419e-05,0.9791916484969312,14.0,1.076923076923077,2.0,13.0,Uitgeschakeld,MONSNRD0.014_0.50,92.36,Standard Approved,Nordson Benelux B.V.,670-Hotmelt," 46,98",5 dagen,5.0,1.0,2024-12-20,
MONSNRD0.018_0.50,"Hotmelt, nozzle",1,Critical,15.0,1843.8,13.0,368.76,28.36615384615385,0.0056132539947189,98.55727812212707,C,5.613253994718927e-05,0.9855727812212708,15.0,1.153846153846154,3.0,13.0,Uitgeschakeld,MONSNRD0.018_0.50,92.36,Custom Approved,Nordson Benelux B.V.,670-Hotmelt," 46,98",5 dagen,5.0,1.0,2026-03-09,
CILDFES40250NC#A,"Cylinder, standard",1,Critical,16.0,1337.65,16.0,267.53,16.720625,0.0033087712766591,99.31637824938338,C,3.308771276659109e-05,0.9931637824938336,16.0,1.0,1.0,16.0,Uitgeschakeld,CILDFES40250NC#A,92.38,Standard Approved,Festo B.V.,510-Cylinder," 46,19",21 dagen,8.0,1.0,2026-04-23,
FES_151526,Proximity switch,2,Critical,8.0,927.33,7.0,185.466,26.49514285714286,0.0052430078215792,98.73682309923149,C,5.243007821579279e-05,0.9873682309923149,8.0,1.142857142857143,2.0,7.0,Uitgeschakeld,FES_151526,92.58,Standard approved,Festo B.V.,"530-Electric, accessory"," 46,29",0 dagen,10.0,1.0,2023-12-29,
RIETPIR1450-5M-25,Gear belt,3,Wear,3.0,404.03,1.0,80.806,80.806,0.0159903455631422,93.4134264553616,B,0.0001599034556314,0.934134264553616,3.0,3.0,3.0,1.0,Uitgeschakeld,RIETPIR1450-5M-25,93.44,Custom approved,Ammertech B.V.,360-Drive belt," 46,72",21 dagen,3.0,1.0,2025-12-24,
FES_P53CZTQ8U1R8L,Solenoid valve 5/3 mid closed,2,Wear,3.0,248.44,3.0,49.688,16.56266666666667,0.0032775135936333,99.33611074398036,C,3.277513593633369e-05,0.9933611074398035,3.0,1.0,1.0,3.0,Uitgeschakeld,FES_P53CZTQ8U1R8L,93.6,Custom Approved Racupack,Festo B.V.,550-Valves," 46,80",0 dagen,8.0,1.0,2023-10-26,
CILDNOR20050RM#B,Double acting cylinder,1,Critical,1.0,164.82,1.0,32.964,32.964,0.006523101640267,98.3225639212569,C,6.523101640267087e-05,0.983225639212569,1.0,1.0,1.0,1.0,Uitgeschakeld,CILDNOR20050RM#B,94.62,Custom approved,Norgren B.V.,510-Cylinder," 47,31",25 dagen,8.0,1.0,2024-03-28,
000315492,Fotocel M18 Diffuse 10-50mm conn.M1,2,Critical,1.0,135.16,1.0,27.032,27.032,0.0053492441311642,98.69985018087064,C,5.349244131164298e-05,0.9869985018087064,1.0,1.0,1.0,1.0,Uitgeschakeld,000315492,94.8,Standard Approved,Omron Electronics B.V.,660-Sensor and lighting," 48,84",0 dagen,10.0,1.0,2023-11-02,
000633239,"Cylinder, round",1,Critical,2.0,226.41,1.0,45.282,45.282,0.0089606567308146,97.49189275556142,C,8.960656730814653e-05,0.9749189275556144,2.0,2.0,2.0,1.0,Uitgeschakeld,000633239,94.86,Custom Approved,Festo B.V.,510-Cylinder," 47,43",0 dagen,8.0,0.0,2025-12-15,
VALVSOL-00000006,Solenoid valve 3/2 norm. closed,2,Wear,30.0,3474.92,26.0,694.984,26.73015384615385,0.0052895131172927,98.71582353871425,C,5.289513117292737e-05,0.9871582353871424,30.0,1.153846153846154,2.0,26.0,Uitgeschakeld,VALVSOL-00000006,94.92,Standard Approved,Festo B.V.,550-Valves," 47,46",0 dagen,8.0,1.0,2026-04-14,
CILDFES40320NC#A,"Cylinder, standard",1,Critical,1.0,74.01,1.0,14.802,14.802,0.0029291029753438,99.45665918984076,C,2.929102975343812e-05,0.9945665918984076,1.0,1.0,1.0,1.0,Uitgeschakeld,CILDFES40320NC#A,95.74,Custom Approved,Festo B.V.,510-Cylinder," 47,87",21 dagen,8.0,1.0,2025-03-27,
CILDFES50060NC#A,"Cylinder, standard",1,Critical,31.0,2448.27,28.0,489.654,17.48764285714286,0.0034605530823271,99.2724251638586,C,3.460553082327193e-05,0.992724251638586,31.0,1.107142857142857,3.0,28.0,Uitgeschakeld,CILDFES50060NC#A,95.94,Standard Approved,Festo B.V.,510-Cylinder," 47,97",21 dagen,8.0,1.0,2026-05-04,
000436708,Naderingsschakelaar,Onbekend,Onbekend,1.0,76.41,1.0,15.282,15.282,0.0030240880738551,99.4149839501739,C,3.024088073855164e-05,0.9941498395017392,1.0,1.0,1.0,1.0,Uitgeschakeld,000436708,96.04,Custom Approved,Sick B.V.,"530-Electric, accessory"," 49,30",0 dagen,10.0,1.0,2025-12-15,
FES_161360,5/2ventiel+stuurlucht,2,Wear,2.0,501.84,2.0,100.368,50.184,0.0099306920493618,97.13303391568084,C,9.930692049361834e-05,0.9713303391568084,2.0,1.0,1.0,2.0,Uitgeschakeld,FES_161360,96.36,Standard approved,Festo B.V.,550-Valves," 49,67",0 dagen,8.0,1.0,2023-04-14,
000514059,Capacitive sensor object detection,Onbekend,Onbekend,7.0,662.31,6.0,132.462,22.077,0.0043687208746564,98.9736151503298,C,4.368720874656488e-05,0.989736151503298,7.0,1.166666666666667,2.0,6.0,Uitgeschakeld,000514059,96.86,Custom Approved,Balluff GmbH,660-Sensor and lighting," 48,43",0 dagen,10.0,0.0,2026-03-12,
SCH_BNS3302ZST218,Door switchmet2xNC,2,Critical,1.0,257.56,1.0,51.512,51.512,0.0101934841552432,97.02262777294956,C,0.0001019348415524,0.9702262777294955,1.0,1.0,1.0,1.0,Uitgeschakeld,SCH_BNS3302ZST218,97.12,Standard approved,Solar Nederland B.V.,660-Sensor and lighting," 48,56",0 dagen,10.0,1.0,2021-11-08,
CILDFES50080NC#A,"Cylinder, standard",1,Critical,9.0,1118.15,8.0,223.63,27.95375,0.0055316452031493,98.60180292109176,C,5.531645203149379e-05,0.9860180292109176,9.0,1.125,2.0,8.0,Uitgeschakeld,CILDFES50080NC#A,97.14,Standard Approved,Festo B.V.,510-Cylinder," 48,57",21 dagen,8.0,1.0,2025-07-10,
CYLIDA-00000049,"Cylinder, standard",1,Critical,1.0,73.43,1.0,14.686,14.686,0.0029061482432035,99.45956533808398,C,2.906148243203569e-05,0.9945956533808398,1.0,1.0,1.0,1.0,Uitgeschakeld,CYLIDA-00000049,97.56,Custom Approved,Festo B.V.,510-Cylinder," 48,78",0 dagen,8.0,1.0,2023-10-25,
000302147,Nozzle haaks enkel,Onbekend,Onbekend,1.0,82.54,1.0,16.508,16.508,0.0032666958463029,99.3426488849279,C,3.266695846302909e-05,0.993426488849279,1.0,1.0,1.0,1.0,Geselecteerd,000302147,97.62,Custom Approved,Nordson Benelux B.V.,670-Hotmelt," 48,81",5 dagen,5.0,1.0,2023-04-12,
000708731,"Sensor, pressure",2,Critical,5.0,423.65,4.0,84.72999999999999,21.1825,0.0041917121858681,99.03358748212922,C,4.191712185868146e-05,0.9903358748212922,5.0,1.25,2.0,4.0,Uitgeschakeld,000708731,97.68,Standard Approved,Festo B.V.,"530-Electric, accessory"," 48,84",0 dagen,8.0,0.0,2025-12-03,
000382218,"Cylinder, compact",1,Critical,1.0,151.2,1.0,30.24,30.24,0.0059840612062151,98.44686209492228,C,5.984061206215166e-05,0.9844686209492228,1.0,1.0,1.0,1.0,Uitgeschakeld,000382218,97.8,Custom Approved,Festo B.V.,510-Cylinder," 48,90",0 dagen,8.0,1.0,2023-11-30,
NID_DBR2-135R-300W,Brake resistor 135R 300W IP54,1,Critical,13.0,1162.46,12.0,232.492,19.37433333333334,0.0038339020005384,99.1776924579688,C,3.833902000538405e-05,0.991776924579688,13.0,1.083333333333333,2.0,12.0,Uitgeschakeld,NID_DBR2-135R-300W,98.0,Custom Approved,Nidec Netherlands B.V.,610-Motor control," 49,00",0 dagen,8.0,0.0,2026-04-23,
CILDFES50100NC#A,"Cylinder, standard",1,Critical,3.0,264.59,3.0,52.91800000000001,17.63933333333334,0.0034905704465442,99.25854434969833,C,3.490570446544248e-05,0.9925854434969832,3.0,1.0,1.0,3.0,Uitgeschakeld,CILDFES50100NC#A,98.36,Standard Approved,Festo B.V.,510-Cylinder," 49,18",0 dagen,8.0,1.0,2026-02-11,
SCHVPILSEN1.1P-10,Safety switch,2,Critical,1.0,216.84,1.0,43.368,43.368,0.0085819036505006,97.6406116410702,C,8.581903650500639e-05,0.976406116410702,1.0,1.0,1.0,1.0,Uitgeschakeld,SCHVPILSEN1.1P-10,99.14,Custom approved,Pilz Nederland,660-Sensor and lighting," 49,57",21 dagen,10.0,1.0,2025-01-03,
SCHVPILSEN1.1P-20,Veilighdsschklr PSEN 1.1p-20 (set),Onbekend,Onbekend,1.0,87.77,1.0,17.554,17.554,0.0034736842068088,99.26550279970677,C,3.473684206808896e-05,0.9926550279970676,1.0,1.0,1.0,1.0,Uitgeschakeld,SCHVPILSEN1.1P-20,99.28,Standard Approved,Pilz Nederland,660-Sensor and lighting," 49,64",25 dagen,10.0,5.0,2023-07-13,
000348495,"Cylinder, compact",1,Critical,1.0,76.91,1.0,15.382,15.382,0.003043876636045,99.40588672597924,C,3.043876636045029e-05,0.9940588672597924,1.0,1.0,1.0,1.0,Uitgeschakeld,000348495,99.48,Custom Approved,Festo B.V.,510-Cylinder," 49,74",0 dagen,8.0,1.0,2024-05-15,
FOTOOMRE3Z-R86,"Photocell, retro-reflective",2,Critical,41.0,4663.95,28.0,932.79,33.31392857142857,0.0065923474732443,98.30949568671046,C,6.592347473244336e-05,0.9830949568671046,41.0,1.464285714285714,5.0,28.0,Uitgeschakeld,FOTOOMRE3Z-R86,99.6,Standard Approved,Omron Electronics B.V.,660-Sensor and lighting," 49,80",25 dagen,10.0,25.0,2026-03-30,
FOTOOMRE3Z-D86,Fotocel instb 5-100mmE3Z-D86 connM8,2,Critical,7.0,629.26,7.0,125.852,17.97885714285714,0.0035577573267412,99.24447594468008,C,3.557757326741265e-05,0.9924447594468008,7.0,1.0,1.0,7.0,Uitgeschakeld,FOTOOMRE3Z-D86,99.6,Standard Approved,Omron Electronics B.V.,660-Sensor and lighting," 49,80",21 dagen,10.0,1.0,2025-12-16,
NDW_BC50,Drive Control BC50,3,Wear,3.0,38.9,2.0,7.779999999999999,3.89,0.0007697750691857,99.97388250452626,C,7.697750691857471e-06,0.9997388250452626,3.0,1.5,2.0,2.0,Uitgeschakeld,NDW_BC50,100.0,Custom Approved,NDW Internationale Transportonderdelen B.V.,610-Motor control," 50,00",0 dagen,10.0,0.0,2022-07-22,
SCHNSICIM18-05BPS,"Sensor, inductive shielded",2,Critical,3.0,903.99,2.0,180.798,90.399,0.017888662334016,91.6378285522185,B,0.0001788866233401,0.9163782855221848,3.0,1.5,2.0,2.0,Uitgeschakeld,SCHNSICIM18-05BPS,100.3,Standard Approved,Sick B.V.,660-Sensor and lighting," 51,85",21 dagen,10.0,1.0,2024-08-09,
CILDNOR25040RM#B,"Cylinder, round",1,Critical,6.0,1392.43,4.0,278.486,69.6215,0.0137770938250168,95.1663744340638,C,0.0001377709382501,0.951663744340638,6.0,1.5,3.0,4.0,Uitgeschakeld,CILDNOR25040RM#B,100.96,Custom Approved,Norgren B.V.,510-Cylinder," 50,48",25 dagen,8.0,1.0,2024-08-09,
000535180,"Sensor, inductive",2,Critical,1.0,85.85,1.0,17.17,17.17,0.0033976961279998,99.2860937035333,C,3.397696127999814e-05,0.992860937035333,1.0,1.0,1.0,1.0,Uitgeschakeld,000535180,101.0,Custom Approved,Festo B.V.,"530-Electric, accessory"," 50,50",0 dagen,10.0,0.0,2021-10-25,
000302063,"Cylinder, compact with guide",1,Critical,1.0,86.78,1.0,17.356,17.356,0.0034345028536729,99.27585966671226,C,3.434502853672964e-05,0.9927585966671226,1.0,1.0,1.0,1.0,Uitgeschakeld,000302063,101.04,Custom Approved,Festo B.V.,510-Cylinder," 50,52",0 dagen,8.0,1.0,2023-10-25,
CILDFES032025ADNQ,"Cylinder, compact",1,Critical,6.0,777.36,6.0,155.472,25.912,0.0051276122346378,98.7782821463194,C,5.127612234637811e-05,0.987782821463194,6.0,1.0,1.0,6.0,Uitgeschakeld,CILDFES032025ADNQ,101.38,Standard Approved,Festo B.V.,510-Cylinder," 50,69",0 dagen,8.0,1.0,2024-08-05,
000268007,Sensor zender + ontvanger set,Onbekend,Onbekend,12.0,1084.76,11.0,216.952,19.72290909090909,0.003902880131105,99.15838049670307,C,3.902880131105076e-05,0.9915838049670308,12.0,1.090909090909091,2.0,11.0,Uitgeschakeld,000268007,101.6,Standard Approved,Omron Electronics B.V.,660-Sensor and lighting," 50,80",0 dagen,10.0,1.0,2025-02-07,
CILDFES25040ADNGF,"Cylinder, compact with guide",1,Critical,4.0,522.8699999999999,3.0,104.574,34.858,0.0068978970081431,98.21454665687664,C,6.89789700814313e-05,0.9821454665687666,4.0,1.333333333333333,2.0,3.0,Uitgeschakeld,CILDFES25040ADNGF,101.96,Custom Approved,Festo B.V.,510-Cylinder," 50,98",0 dagen,8.0,1.0,2026-04-08,
000480308,"Cylinder, standard",1,Critical,1.0,0.0,1.0,0.0,0.0,0.0,100.0000000000002,C,0.0,1.000000000000002,1.0,1.0,1.0,1.0,Uitgeschakeld,000480308,102.0,Custom Approved,Festo B.V.,510-Cylinder," 51,00",0 dagen,8.0,0.0,2025-08-29,
CYLISA-00000002,"Cylinder, stopper",1,Critical,1.0,100.26,1.0,20.052,20.052,0.0039680024903117,99.11907538881182,C,3.968002490311723e-05,0.9911907538881184,1.0,1.0,1.0,1.0,Uitgeschakeld,CYLISA-00000002,102.3,Standard Approved,Festo B.V.,510-Cylinder," 51,15",0 dagen,8.0,1.0,2022-01-31,
DAN_132B0254,Display Frequency inverter FC-280,1,Critical,6.0,263.29,6.0,52.658,8.776333333333334,0.0017367101796565,99.78931103873911,C,1.736710179656516e-05,0.9978931103873911,6.0,1.0,1.0,6.0,Uitgeschakeld,DAN_132B0254,102.7,Custom Approved,Solar Nederland B.V.,610-Motor control," 51,35",0 dagen,10.0,1.0,2026-02-11,
000271363,"Cylinder, stopper",1,Critical,1.0,195.44,1.0,39.088,39.088,0.0077349531887744,97.9815045394857,C,7.734953188774418e-05,0.979815045394857,1.0,1.0,1.0,1.0,Uitgeschakeld,000271363,102.86,Custom Approved,Festo B.V.,510-Cylinder," 51,43",0 dagen,8.0,1.0,2025-10-22,
VENMFESMS1H-5-2#A,Solenoid valve 5/2 monostable,2,Wear,13.0,1630.86,11.0,326.172,29.652,0.0058677044605387,98.47636455493688,C,5.86770446053876e-05,0.9847636455493688,13.0,1.181818181818182,2.0,11.0,Uitgeschakeld,VENMFESMS1H-5-2#A,103.12,Standard Approved,Festo B.V.,550-Valves," 51,56",10 dagen,8.0,1.0,2026-04-14,
000572376,"Cylinder, compact",1,Critical,1.0,76.01,1.0,15.202,15.202,0.0030082572241032,99.4210050159914,C,3.008257224103272e-05,0.994210050159914,1.0,1.0,1.0,1.0,Uitgeschakeld,000572376,103.26,Custom Approved,Festo B.V.,510-Cylinder," 51,63",0 dagen,8.0,0.0,2023-08-07,
REO_BW151/300/180,Remweerstand 180R 300W IP54,Onbekend,Onbekend,1.0,103.7,1.0,20.74,20.74,0.0041041477981779,99.0708226697509,C,4.104147798177995e-05,0.9907082266975088,1.0,1.0,1.0,1.0,Geselecteerd,REO_BW151/300/180,103.7,Custom approved,Itsme B.V.,610-Motor control," 51,85",0 dagen,8.0,1.0,2025-12-03,
000240587,Toothed belt endless,3,Wear,3.0,532.2,3.0,106.44,35.48,0.007020981864964,98.15899219273209,C,7.02098186496409e-05,0.9815899219273208,3.0,1.0,1.0,3.0,Uitgeschakeld,000240587,103.92,Standard Approved,Ammertech B.V.,360-Drive belt," 49,20",0 dagen,5.0,1.0,2023-03-17,
VALVSOL-00000001,Solenoid valve 3/2 norm. closed,2,Wear,1.0,92.06,1.0,18.412,18.412,0.0036434700703979,99.23010117973816,C,3.643470070397937e-05,0.9923010117973816,1.0,1.0,1.0,1.0,Uitgeschakeld,VALVSOL-00000001,104.14,Standard Approved,Festo B.V.,550-Valves," 52,07",0 dagen,8.0,1.0,2024-03-29,
CILDFES50200NC#A,"Cylinder, standard",1,Critical,1.0,82.31,1.0,16.462,16.462,0.0032575931076955,99.3459064780356,C,3.257593107695571e-05,0.993459064780356,1.0,1.0,1.0,1.0,Uitgeschakeld,CILDFES50200NC#A,104.42,Custom Approved,Festo B.V.,510-Cylinder," 52,21",21 dagen,8.0,1.0,2023-08-07,
000325791,"Cylinder, compact",1,Critical,1.0,83.24,1.0,16.648,16.648,0.0032943998333687,99.32297733910244,C,3.29439983336872e-05,0.9932297733910244,1.0,1.0,1.0,1.0,Uitgeschakeld,000325791,104.62,Custom Approved,Festo B.V.,510-Cylinder," 52,31",0 dagen,8.0,1.0,2025-06-05,
000590657,"Safety sensor, Actuator",1,Critical,3.0,385.4,3.0,77.08,25.69333333333333,0.0050843412453159,98.79358892238643,C,5.084341245315971e-05,0.9879358892238644,3.0,1.0,1.0,3.0,Uitgeschakeld,000590657,105.0,Custom Approved,Omron Electronics B.V.,660-Sensor and lighting," 52,50",0 dagen,10.0,0.0,2026-01-30,
RIETPIR2100-5M-25,Toothed belt endless,3,Wear,3.0,373.31,1.0,74.662,74.662,0.0147745363021969,94.42695060754912,B,0.0001477453630219,0.9442695060754912,3.0,3.0,3.0,1.0,Uitgeschakeld,RIETPIR2100-5M-25,105.92,Custom Approved,Ammertech B.V.,360-Drive belt," 52,96",21 dagen,3.0,1.0,2023-07-17,
000261696,"Cylinder, compact with guide",1,Critical,4.0,378.7,4.0,75.74,18.935,0.0037469642506509,99.20411840474328,C,3.746964250650931e-05,0.9920411840474328,4.0,1.0,1.0,4.0,Uitgeschakeld,000261696,105.96,Standard Approved,Festo B.V.,510-Cylinder," 52,98",0 dagen,8.0,1.0,2026-02-11,
000532230,"Cylinder, standard",1,Critical,1.0,94.75,1.0,18.95,18.95,0.0037499325349794,99.20037144049262,C,3.749932534979411e-05,0.9920037144049262,1.0,1.0,1.0,1.0,Uitgeschakeld,000532230,107.18,Custom Approved,Festo B.V.,510-Cylinder," 53,59",0 dagen,8.0,0.0,2024-05-13,
000558875,Solenoid valve 5/2 monostable,2,Wear,1.0,85.4,1.0,17.08,17.08,0.0033798864220289,99.29625414078969,C,3.379886422028936e-05,0.9929625414078967,1.0,1.0,1.0,1.0,Uitgeschakeld,000558875,107.34,Custom Approved,Festo B.V.,550-Valves," 53,67",0 dagen,8.0,0.0,2024-12-20,
RIETPIR1945-5M-25,Toothed belt endless,3,Wear,53.0,10552.22,24.0,2110.444,87.93516666666669,0.0174011051425947,92.00912597840856,B,0.0001740110514259,0.9200912597840856,53.0,2.208333333333333,15.0,24.0,Uitgeschakeld,RIETPIR1945-5M-25,108.0,Standard Approved,Ammertech B.V.,360-Drive belt," 52,92",25 dagen,3.0,2.0,2026-03-30,
000309015,Nozzle,Onbekend,Onbekend,3.0,491.87,3.0,98.374,32.79133333333333,0.0064889333895525,98.3355514184696,C,6.488933389552587e-05,0.983355514184696,3.0,1.0,1.0,3.0,Uitgeschakeld,000309015,108.34,Standard Approved,Robatech B.V.,700-General parts," 55,15",0 dagen,5.0,1.0,2026-02-11,
RIETGAT1512-8MR30,Toothed belt endless,3,Wear,8.0,862.7299999999999,8.0,172.546,21.56825,0.0042680465645155,99.01251877806274,C,4.26804656451555e-05,0.9901251877806274,8.0,1.0,1.0,8.0,Uitgeschakeld,RIETGAT1512-8MR30,108.9,Standard Approved,Ammertech B.V.,360-Drive belt," 54,45",21 dagen,5.0,1.0,2025-01-31,
000416674,"Cylinder, compact with guide",1,Critical,1.0,84.88,1.0,16.976,16.976,0.0033593063173514,99.3097237599354,C,3.359306317351477e-05,0.993097237599354,1.0,1.0,1.0,1.0,Uitgeschakeld,000416674,109.94,Custom Approved,Festo B.V.,510-Cylinder," 54,97",0 dagen,8.0,1.0,2024-05-15,
RIETGAT-8MR50 ST,Toothed belt open-ended,3,Wear,2.0,1634.07,1.0,326.814,326.814,0.0646717916351852,58.79107820207161,A,0.0006467179163518,0.5879107820207161,2.0,2.0,2.0,1.0,Uitgeschakeld,RIETGAT-8MR50 ST,110.78,Custom Approved,Eriks B.V.,360-Drive belt," 55,39",0 dagen,5.0,1.0,2024-08-16,
000477126,"Hotmelt, nozzle",1,Critical,1.0,149.9,1.0,29.98,29.98,0.0059326109445215,98.4587336491512,C,5.932610944521517e-05,0.9845873364915122,1.0,1.0,1.0,1.0,Uitgeschakeld,000477126,111.66,Custom Approved,Nordson Benelux B.V.,670-Hotmelt," 59,17",0 dagen,5.0,0.0,2021-10-01,
CILEFESEV635,"Cylinder, clamping module",1,Critical,18.0,3795.15,17.0,759.03,44.64882352941176,0.0088353602111607,97.54510218551276,C,8.835360211160709e-05,0.9754510218551276,18.0,1.058823529411765,2.0,17.0,Uitgeschakeld,CILEFESEV635,111.86,Standard Approved,Festo B.V.,510-Cylinder," 55,93",20 dagen,8.0,1.0,2026-04-27,
000421229,"Cylinder, compact with guide",1,Critical,3.0,350.11,2.0,70.022,35.011,0.0069281735082936,98.2007492797754,C,6.928173508293624e-05,0.982007492797754,3.0,1.5,2.0,2.0,Uitgeschakeld,000421229,111.92,Custom Approved,Festo B.V.,510-Cylinder," 55,96",0 dagen,8.0,1.0,2025-05-02,
000321456,"Photocell, retro-reflective",2,Critical,1.0,81.16,1.0,16.232,16.232,0.0032120794146588,99.3652726203846,C,3.212079414658881e-05,0.993652726203846,1.0,1.0,1.0,1.0,Uitgeschakeld,000321456,112.2,Standard Approved,Sick B.V.,660-Sensor and lighting," 56,10",0 dagen,10.0,1.0,2024-08-05,
000276923,Photoelectric sensor 5-30 mm,Onbekend,Onbekend,1.0,192.5,1.0,38.5,38.5,0.007618596443098,98.01984786680144,C,7.618596443098012e-05,0.9801984786680144,1.0,1.0,1.0,1.0,Uitgeschakeld,000276923,113.38,Custom approved,Omron Electronics B.V.,660-Sensor and lighting," 56,69",0 dagen,10.0,1.0,2022-06-13,
MONSNRD90-_0.018#,Hotmelt nozzle 90 degrees,Onbekend,Onbekend,2.0,292.18,2.0,58.436,29.218,0.0057818221006347,98.52294781975992,C,5.781822100634746e-05,0.9852294781975992,2.0,1.0,1.0,2.0,Uitgeschakeld,MONSNRD90-_0.018#,113.96,Standard approved,Nordson Benelux B.V.,670-Hotmelt," 57,97",5 dagen,5.0,1.0,2025-12-15,
000291944,"Cylinder, standard",1,Critical,1.0,101.19,1.0,20.238,20.238,0.0040048092159848,99.1071181501086,C,4.004809215984872e-05,0.991071181501086,1.0,1.0,1.0,1.0,Uitgeschakeld,000291944,114.46,Custom Approved Racupack,Festo B.V.,510-Cylinder," 57,23",5 dagen,8.0,1.0,2024-05-13,
LEN_ERBP082R200W,Brake Resistor 82R 200W IP20,1,Critical,2.0,202.9,2.0,40.58,20.29,0.0040150992683236,99.09910655282042,C,4.015099268323601e-05,0.9909910655282042,2.0,1.0,1.0,2.0,Uitgeschakeld,LEN_ERBP082R200W,114.76,Custom approved,Lenze B.V.,610-Motor control," 57,38",2 dagen,8.0,1.0,2023-08-18,
000382682,"Cable, signal",3,Critical,6.0,589.92,6.0,117.984,19.664,0.003891222869015,99.16227171957208,C,3.891222869015046e-05,0.9916227171957208,6.0,1.0,1.0,6.0,Uitgeschakeld,000382682,115.5,Custom Approved,Linak Actuator-Systems B.V.,330-Linear motion," 57,75",0 dagen,10.0,1.0,2025-04-28,
000771014,"Photocell, retro-reflective",2,Critical,2.0,209.12,2.0,41.824,20.912,0.0041381841251445,99.05850626864392,C,4.138184125144562e-05,0.9905850626864392,2.0,1.0,1.0,2.0,Uitgeschakeld,000771014,115.6,Standard Approved,Sick B.V.,660-Sensor and lighting," 57,80",0 dagen,8.0,0.0,2025-11-25,
RIETPIR2272-8M-50,Toothed belt endless,3,Wear,1.0,100.82,1.0,20.164,20.164,0.0039901656799643,99.11510738632153,C,3.990165679964371e-05,0.9911510738632152,1.0,1.0,1.0,1.0,Uitgeschakeld,RIETPIR2272-8M-50,115.94,Standard Approved,Ammertech B.V.,360-Drive belt," 57,97",21 dagen,5.0,1.0,2023-02-21,
FOTOOMRE3T-SL235J,Fotocel taster E3T-SL23 M5J5-30mm,2,Critical,4.0,436.0,3.0,87.2,29.06666666666667,0.005751875409854,98.53446568642067,C,5.751875409854083e-05,0.9853446568642068,4.0,1.333333333333333,2.0,3.0,Uitgeschakeld,FOTOOMRE3T-SL235J,116.96,Standard Approved,Omron Electronics B.V.,660-Sensor and lighting," 60,28",0 dagen,10.0,1.0,2026-04-13,
MONSNRD238067,"Hotmelt, nozzle",1,Critical,6.0,878.8499999999999,2.0,175.77,87.88499999999999,0.0173911778805628,92.04391565593768,B,0.0001739117788056,0.9204391565593768,6.0,3.0,5.0,2.0,Uitgeschakeld,MONSNRD238067,118.34,Custom Approved,Nordson Benelux B.V.,670-Hotmelt," 60,20",5 dagen,5.0,1.0,2026-03-27,
000286584,"Dual nozzle 30gr 0,012 mini blue",Onbekend,Onbekend,5.0,893.72,3.0,178.744,59.58133333333333,0.0117902892002174,96.24084120795328,C,0.0001179028920021,0.9624084120795328,5.0,1.666666666666667,3.0,3.0,Uitgeschakeld,000286584,118.34,Custom Approved,Nordson Benelux B.V.,670-Hotmelt," 59,17",5 dagen,5.0,1.0,2025-12-15,
000577074,"Hotmelt, nozzle",1,Critical,1.0,187.37,1.0,37.474,37.474,0.0074155657950299,98.06486964916304,C,7.415565795029998e-05,0.9806486964916304,1.0,1.0,1.0,1.0,Uitgeschakeld,000577074,118.34,Custom Approved,Nordson Benelux B.V.,670-Hotmelt," 59,17",0 dagen,5.0,0.0,2024-01-10,
000719883,"Hotmelt, nozzle",1,Critical,1.0,98.71,1.0,19.742,19.742,0.0039066579475231,99.15447761657198,C,3.906657947523141e-05,0.9915447761657198,1.0,1.0,1.0,1.0,Uitgeschakeld,000719883,118.34,Custom Approved,Nordson Benelux B.V.,670-Hotmelt," 60,20",0 dagen,5.0,0.0,2025-02-07,
000436592,"Safety sensor, switch, inductive",1,Critical,30.0,6785.74,25.0,1357.148,54.28592,0.0107424030395403,96.79226241877096,C,0.0001074240303954,0.9679226241877096,30.0,1.2,3.0,25.0,Uitgeschakeld,000436592,119.4,Standard Approved,Sick B.V.,660-Sensor and lighting," 61,50",0 dagen,10.0,1.0,2026-04-23,
SENSROPE-00000001,"Safety sensor, switch, pull-wire",1,Critical,1.0,103.59,1.0,20.718,20.718,0.0040997943144962,99.07492246406538,C,4.099794314496224e-05,0.9907492246406538,1.0,1.0,1.0,1.0,Uitgeschakeld,SENSROPE-00000001,120.06,Custom Approved,Schmersal Nederland B.V.,660-Sensor and lighting," 60,03",0 dagen,10.0,1.0,2025-01-17,
CILDFES032175ADN,"Cylinder, compact",1,Critical,8.0,1595.14,7.0,319.028,45.57542857142857,0.0090187220261546,97.4649747701858,C,9.018722026154628e-05,0.974649747701858,8.0,1.142857142857143,2.0,7.0,Uitgeschakeld,CILDFES032175ADN,120.42,Standard Approved,Festo B.V.,510-Cylinder," 60,21",0 dagen,8.0,1.0,2025-10-01,
000382680,"Cable, motor",3,Critical,7.0,618.74,7.0,123.748,17.67828571428571,0.0034982785626734,99.2550537792518,C,3.498278562673443e-05,0.992550537792518,7.0,1.0,1.0,7.0,Uitgeschakeld,000382680,121.14,Custom Approved,Linak Actuator-Systems B.V.,330-Linear motion," 60,57",0 dagen,10.0,1.0,2025-04-28,
000637656,"Cylinder, compact with guide",1,Critical,2.0,191.12,1.0,38.224,38.224,0.0075639800114539,98.03501609654842,C,7.563980011453986e-05,0.980350160965484,2.0,2.0,2.0,1.0,Uitgeschakeld,000637656,121.92,Custom Approved,Festo B.V.,510-Cylinder," 60,96",0 dagen,10.0,0.0,2024-09-17,
CILDFES63200NC#A,"Cylinder, standard",1,Critical,4.0,450.71,4.0,90.142,22.5355,0.004459451432297,98.94730009770838,C,4.45945143229702e-05,0.9894730009770838,4.0,1.0,1.0,4.0,Uitgeschakeld,CILDFES63200NC#A,122.34,Standard Approved,Festo B.V.,510-Cylinder," 61,17",21 dagen,8.0,1.0,2026-03-24,
CILDNOR26050RM#A,Double acting cylinder,1,Critical,1.0,258.27,1.0,51.654,51.654,0.0102215839135528,97.00223700523512,C,0.0001022158391355,0.9700223700523514,1.0,1.0,1.0,1.0,Uitgeschakeld,CILDNOR26050RM#A,122.9,Custom approved,Norgren B.V.,510-Cylinder," 61,45",25 dagen,8.0,1.0,2023-02-17,
000419229,"Cylinder, compact with guide",1,Critical,6.0,494.2,5.0,98.84,19.768,0.0039118029736925,99.15057095862446,C,3.911802973692507e-05,0.9915057095862444,6.0,1.2,2.0,5.0,Uitgeschakeld,000419229,123.96,Custom Approved,Festo B.V.,510-Cylinder," 61,98",0 dagen,8.0,1.0,2024-02-05,
000380917,"Cylinder, standard",1,Critical,1.0,98.09,1.0,19.618,19.618,0.0038821201304077,99.1661538397025,C,3.882120130407709e-05,0.991661538397025,1.0,1.0,1.0,1.0,Uitgeschakeld,000380917,124.14,Custom Approved,Festo B.V.,510-Cylinder," 62,07",0 dagen,8.0,1.0,2024-01-11,
SCHNIFMIG5495,Proximity switch,2,Critical,3.0,1709.24,3.0,341.848,113.9493333333333,0.0225489346916032,87.56972931144651,B,0.000225489346916,0.8756972931144651,3.0,1.0,1.0,3.0,Uitgeschakeld,SCHNIFMIG5495,126.08,Standard approved,Solar Nederland B.V.,660-Sensor and lighting," 64,31",31 dagen,10.0,1.0,2024-04-18,
000813944,"Conveyor belt, welded",3,Wear,2.0,226.78,1.0,45.356,45.356,0.0089753002668351,97.48293209883062,C,8.975300266835155e-05,0.974829320988306,2.0,2.0,2.0,1.0,Uitgeschakeld,000813944,127.13,Custom Approved,YONGLI Nederland Wormer B.V.,350-Conveyor," 34,36",0 dagen,7.0,0.0,2025-07-22,
RIETGAT-8MR50,Toothed belt open-ended,3,Wear,126.0,133236.33,78.0,26647.266,341.6316153846153,0.0676039846706248,57.13798616702367,A,0.0006760398467062,0.5713798616702367,126.0,1.615384615384615,9.0,78.0,Uitgeschakeld,RIETGAT-8MR50,127.2,Custom Approved,Eriks B.V.,360-Drive belt," 63,60",21 dagen,5.0,1.0,2026-05-21,
000426625,"Cylinder, stopper",1,Critical,1.0,101.24,1.0,20.248,20.248,0.0040067880722038,99.10311334089262,C,4.006788072203858e-05,0.9910311334089262,1.0,1.0,1.0,1.0,Uitgeschakeld,000426625,127.24,Custom Approved,Festo B.V.,510-Cylinder," 63,62",0 dagen,8.0,1.0,2024-12-20,
CILDNOR32080PRA#B,Double acting cylinder,1,Critical,1.0,178.84,1.0,35.768,35.768,0.0070779729240709,98.14492648272751,C,7.077972924070902e-05,0.9814492648272752,1.0,1.0,1.0,1.0,Uitgeschakeld,CILDNOR32080PRA#B,128.34,Custom approved,Norgren B.V.,510-Cylinder," 64,17",25 dagen,8.0,1.0,2021-09-03,
000609843,"Cylinder, round",1,Critical,2.0,228.7,1.0,45.73999999999999,45.73999999999999,0.0090512883456442,97.45595604815963,C,9.051288345644236e-05,0.9745595604815964,2.0,2.0,2.0,1.0,Uitgeschakeld,000609843,129.36,Custom Approved,Festo B.V.,510-Cylinder," 64,68",0 dagen,8.0,0.0,2023-02-10,
CILDFES032100ADNQ,"Cylinder, compact",1,Critical,8.0,1218.23,4.0,243.646,60.9115,0.0120535100582796,96.08635311663548,C,0.0001205351005827,0.9608635311663548,8.0,2.0,4.0,4.0,Uitgeschakeld,CILDFES032100ADNQ,129.74,Custom Approved,Festo B.V.,510-Cylinder," 64,87",15 dagen,8.0,1.0,2025-12-15,
VENMFESMN1H5/3G,Solenoid valve 5 /3 mid closed,2,Wear,1.0,94.49,1.0,18.898,18.898,0.0037396424826406,99.21159784801704,C,3.739642482640681e-05,0.9921159784801704,1.0,1.0,1.0,1.0,Uitgeschakeld,VENMFESMN1H5/3G,129.88,Standard Approved,Festo B.V.,550-Valves," 64,94",21 dagen,8.0,1.0,2022-03-09,
000349603,"Motor, stepper",2,Critical,1.0,229.84,1.0,45.968,45.968,0.0090964062674371,97.43781389434398,C,9.096406267437129e-05,0.9743781389434396,1.0,1.0,1.0,1.0,Uitgeschakeld,000349603,130.0,Custom Approved,Zilvertron B.V.,310-Electric motor," 65,00",0 dagen,10.0,1.0,2022-04-26,
ARC_HS300-680R-J,Brake resistor 680 ohm / 300watt,1,Critical,2.0,207.51,2.0,41.502,20.751,0.0041063245400188,99.06261259318394,C,4.106324540018879e-05,0.9906261259318394,2.0,1.0,1.0,2.0,Uitgeschakeld,ARC_HS300-680R-J,131.4,Custom approved,Itsme B.V.,600-Cable and wire," 65,70",0 dagen,10.0,0.0,2026-02-11,
SENSPRES-00000001,Air pressure indicator,3,Critical,19.0,2984.87,17.0,596.9739999999999,35.11611764705882,0.0069489747792543,98.18689161513016,C,6.948974779254381e-05,0.9818689161513016,19.0,1.117647058823529,3.0,17.0,Uitgeschakeld,SENSPRES-00000001,132.82,Standard Approved,Festo B.V.,500-Air supply," 66,41",0 dagen,10.0,1.0,2026-04-14,
SENSPRES-00000002,Air pressure indicator,3,Critical,1.0,139.08,1.0,27.816,27.816,0.0055043864587328,98.62939221365112,C,5.50438645873284e-05,0.9862939221365112,1.0,1.0,1.0,1.0,Uitgeschakeld,SENSPRES-00000002,132.82,Custom Approved,Festo B.V.,500-Air supply," 66,41",0 dagen,10.0,1.0,2024-01-11,
CYLIDA-00000030,"Cylinder, compact with guide",1,Critical,1.0,87.47,1.0,17.494,17.494,0.0034618110694949,99.26896461077628,C,3.461811069494977e-05,0.9926896461077628,1.0,1.0,1.0,1.0,Uitgeschakeld,CYLIDA-00000030,133.84,Custom Approved,Festo B.V.,510-Cylinder," 66,92",0 dagen,8.0,1.0,2024-02-20,
FOTOOMRE3G-L36,Photocell 5-200mm,2,Critical,1.0,78.08,1.0,15.616,15.616,0.0030901818715693,99.39673725144416,C,3.090181871569313e-05,0.9939673725144414,1.0,1.0,1.0,1.0,Uitgeschakeld,FOTOOMRE3G-L36,135.36,Custom approved,Omron Electronics B.V.,660-Sensor and lighting," 67,68",21 dagen,10.0,1.0,2026-02-16,
CILDFES04010PPVA,"Cylinder, standard",1,Critical,11.0,1382.64,6.0,276.528,46.088,0.0091201525420649,97.42871748807651,C,9.120152542064964e-05,0.9742871748807652,11.0,1.833333333333333,4.0,6.0,Uitgeschakeld,CILDFES04010PPVA,135.46,Standard Approved,Festo B.V.,510-Cylinder," 67,73",0 dagen,8.0,1.0,2025-12-15,
000626258,Nozzle 294/1.2a dual angled 0.6mm,Onbekend,Onbekend,1.0,110.25,1.0,22.05,22.05,0.0043633779628652,98.9823470512817,C,4.363377962865225e-05,0.989823470512817,1.0,1.0,1.0,1.0,Uitgeschakeld,000626258,135.94,Custom Approved,Robatech B.V.,670-Hotmelt," 67,97",0 dagen,5.0,0.0,2024-08-27,
000302672,"Motor, stepper",2,Critical,2.0,2811.15,1.0,562.23,562.23,0.1112572332000778,41.77713313720137,A,0.0011125723320007,0.4177713313720137,2.0,2.0,2.0,1.0,Uitgeschakeld,000302672,136.0,Custom Approved,Zilvertron B.V.,310-Electric motor," 68,00",0 dagen,10.0,1.0,2024-08-09,
SENSPHOT-00000001,"Photocell, retro-reflective",2,Critical,1.0,111.0,1.0,22.2,22.2,0.00439306080615,98.95609584150904,C,4.393060806150022e-05,0.9895609584150904,1.0,1.0,1.0,1.0,Uitgeschakeld,SENSPHOT-00000001,136.06,Custom Approved,Omron Electronics B.V.,660-Sensor and lighting," 68,03",0 dagen,10.0,1.0,2022-01-31,
000305795,Nozzle,Onbekend,Onbekend,4.0,705.16,4.0,141.032,35.258,0.0069770512569025,98.17298864276896,C,6.977051256902588e-05,0.9817298864276895,4.0,1.0,1.0,4.0,Uitgeschakeld,000305795,136.1,Custom approved,Robatech B.V.,700-General parts," 69,27",0 dagen,5.0,1.0,2026-02-11,
000480930,Round belt,3,Wear,2.0,114.85,2.0,22.97,11.485,0.0022727163675059,99.66264794643553,C,2.272716367505991e-05,0.9966264794643552,2.0,1.0,1.0,2.0,Uitgeschakeld,000480930,136.2,Custom Approved,Forbo Siegling Nederland B.V.,350-Conveyor," 6,71",0 dagen,5.0,0.0,2024-12-06,
CILDNOR26050RM#B,"Cylinder, round",1,Critical,2.0,347.96,2.0,69.592,34.796,0.0068856280995854,98.22143228497625,C,6.885628099585414e-05,0.9822143228497624,2.0,1.0,1.0,2.0,Uitgeschakeld,CILDNOR26050RM#B,136.3,Custom Approved,Norgren B.V.,510-Cylinder," 68,15",25 dagen,8.0,1.0,2023-01-31,
000259405,"Cylinder, drive with guide",1,Critical,1.0,666.12,1.0,133.224,133.224,0.0263631140918257,84.92585023923013,B,0.0002636311409182,0.8492585023923013,1.0,1.0,1.0,1.0,Uitgeschakeld,000259405,136.44,Custom Approved,Festo B.V.,510-Cylinder," 68,22",0 dagen,8.0,1.0,2023-06-26,
CILDNOR192032RM40,Double acting cylinder,1,Critical,2.0,393.02,2.0,78.604,39.302,0.0077773007118607,97.95825416622634,C,7.777300711860729e-05,0.9795825416622632,2.0,1.0,1.0,2.0,Uitgeschakeld,CILDNOR192032RM40,136.82,Custom approved,Norgren B.V.,510-Cylinder," 68,41",25 dagen,8.0,1.0,2024-07-08,
CILDFES16010PAGF,"Cylinder, drive with guide",1,Critical,6.0,698.31,5.0,139.662,27.93239999999999,0.0055274203451218,98.61285926571274,C,5.527420345121841e-05,0.9861285926571274,6.0,1.2,2.0,5.0,Uitgeschakeld,CILDFES16010PAGF,137.1,Standard Approved,Festo B.V.,510-Cylinder," 68,55",21 dagen,8.0,1.0,2026-04-23,
REX_SUP-E01-MSM-B,Batterybox MSM motor,Onbekend,Onbekend,4.0,490.74,4.0,98.148,24.537,0.0048555195045271,98.87321177749094,C,4.855519504527167e-05,0.9887321177749094,4.0,1.0,1.0,4.0,Uitgeschakeld,REX_SUP-E01-MSM-B,137.28,Custom Approved,Bosch Rexroth B.V.,310-Electric motor," 68,64",21 dagen,10.0,1.0,2026-02-11,
CILDFES32350NC#A,"Cylinder, standard",1,Critical,2.0,251.24,2.0,50.248,25.124,0.0049716783645816,98.84375036821706,C,4.971678364581675e-05,0.9884375036821704,2.0,1.0,1.0,2.0,Uitgeschakeld,CILDFES32350NC#A,137.66,Standard Approved,Festo B.V.,510-Cylinder," 68,83",21 dagen,8.0,1.0,2025-12-16,100.0
000351367,Toothed belt endless,3,Wear,1.0,109.7,1.0,21.94,21.94,0.0043416105444563,98.98668866182616,C,4.341610544456374e-05,0.9898668866182616,1.0,1.0,1.0,1.0,Uitgeschakeld,000351367,137.88,Custom Approved,Ammertech B.V.,360-Drive belt," 68,94",0 dagen,3.0,1.0,2024-05-15,
000828485,Toothed belt endless,3,Wear,1.0,263.72,1.0,52.74400000000001,52.74400000000001,0.0104372792414223,96.94031529604936,C,0.0001043727924142,0.9694031529604936,1.0,1.0,1.0,1.0,Uitgeschakeld,000828485,138.8,Custom Approved,Ammertech B.V.,360-Drive belt," 69,40",0 dagen,5.0,0.0,2025-11-07,
000346142,"Photocell, retro-reflective",2,Critical,4.0,1750.0,4.0,350.0,87.5,0.0173149919161318,92.20004919258632,B,0.0001731499191613,0.9220004919258632,4.0,1.0,1.0,4.0,Uitgeschakeld,000346142,140.26,Standard Approved,Sick B.V.,660-Sensor and lighting," 70,13",0 dagen,10.0,1.0,2025-11-13,
CILDFES16020PAGF,"Cylinder, drive with guide",1,Critical,17.0,4258.15,15.0,851.6299999999999,56.77533333333333,0.0112350221451698,96.55181696480426,C,0.0001123502214516,0.9655181696480426,17.0,1.133333333333333,2.0,15.0,Uitgeschakeld,CILDFES16020PAGF,140.26,Standard Approved,Festo B.V.,510-Cylinder," 70,13",0 dagen,8.0,1.0,2026-05-04,
CILDFES16000PA25#,"Cylinder, drive with guide",1,Critical,4.0,778.8,3.0,155.76,51.91999999999999,0.0102742214889778,96.98179212239933,C,0.0001027422148897,0.9698179212239932,4.0,1.333333333333333,2.0,3.0,Uitgeschakeld,CILDFES16000PA25#,141.84,Custom Approved,Festo B.V.,510-Cylinder," 70,92",21 dagen,8.0,1.0,2026-05-21,
SCHVGUAFRS-2C/W,Security switch,2,Critical,1.0,147.12,1.0,29.424,29.424,0.0058225865387458,98.49974355385046,C,5.822586538745868e-05,0.9849974355385048,1.0,1.0,1.0,1.0,Geselecteerd,SCHVGUAFRS-2C/W,142.56,Custom approved,Teleson B.V.,660-Sensor and lighting," 71,28",21 dagen,10.0,1.0,2022-04-15,
POMVPIAM10A6-BN,Vacuum pump,1,Critical,38.0,5191.56,30.0,1038.312,34.61040000000001,0.006848900528161,98.26261086848233,C,6.848900528161026e-05,0.9826261086848233,38.0,1.266666666666667,2.0,30.0,Uitgeschakeld,POMVPIAM10A6-BN,142.68,Standard Approved,Pneutec B.V.,560-Vacuum component," 69,45",25 dagen,10.0,5.0,2026-04-23,100.0
000252092,"Cylinder, drive with guide",1,Critical,7.0,841.37,6.0,168.274,28.04566666666667,0.0055498341898955,98.5907337106073,C,5.549834189895562e-05,0.9859073371060728,7.0,1.166666666666667,2.0,6.0,Uitgeschakeld,000252092,143.42,Standard Approved,Festo B.V.,510-Cylinder," 71,71",0 dagen,8.0,1.0,2025-12-16,
CILDFES32450NC#A,"Cylinder, standard",1,Critical,4.0,511.52,4.0,102.304,25.576,0.0050611226656798,98.80880244815228,C,5.061122665679864e-05,0.9880880244815228,4.0,1.0,1.0,4.0,Uitgeschakeld,CILDFES32450NC#A,143.54,Standard Approved,Festo B.V.,510-Cylinder," 71,77",21 dagen,8.0,1.0,2026-04-14,
000436521,Level sensors,2,Critical,11.0,1934.98,10.0,386.996,38.6996,0.0076580944132289,98.01222927035836,C,7.658094413228982e-05,0.9801222927035836,11.0,1.1,2.0,10.0,Uitgeschakeld,000436521,145.34,Custom Approved,Sick B.V.,660-Sensor and lighting," 72,67",0 dagen,10.0,1.0,2026-04-15,
VENMFESMHF51/4S,3/2 magneetventiel MFH-5-1/4-S,2,Wear,1.0,236.11,1.0,47.222,47.222,0.009344554837298,97.38248959666832,C,9.344554837298036e-05,0.9738248959666832,1.0,1.0,1.0,1.0,Uitgeschakeld,VENMFESMHF51/4S,145.74,Custom approved,Festo B.V.,550-Valves," 72,87",0 dagen,8.0,1.0,2025-08-29,
FOTOSICL41S,"Photocell, thougd beam, emitter",2,Critical,19.0,3831.77,16.0,766.354,47.897125,0.0094781523677823,97.30731410535746,C,9.47815236778236e-05,0.9730731410535748,19.0,1.1875,2.0,16.0,Uitgeschakeld,FOTOSICL41S,146.4,Standard Approved,Sick B.V.,660-Sensor and lighting," 75,40",0 dagen,10.0,1.0,2026-04-22,
CILDFES16000PA40#,"Cylinder, drive with guide",1,Critical,31.0,4409.03,26.0,881.8059999999999,33.91561538461538,0.00671141264246,98.2896639995897,C,6.711412642460025e-05,0.982896639995897,31.0,1.192307692307692,3.0,26.0,Uitgeschakeld,CILDFES16000PA40#,146.56,Standard Approved,Festo B.V.,510-Cylinder," 73,28",21 dagen,8.0,1.0,2026-05-04,
NOZSROB100744,Nozzle,Onbekend,Onbekend,1.0,178.0,1.0,35.6,35.6,0.0070447281395919,98.1519712108671,C,7.044728139591929e-05,0.9815197121086712,1.0,1.0,1.0,1.0,Uitgeschakeld,NOZSROB100744,146.82,Custom approved,Robatech B.V.,700-General parts," 73,41",21 dagen,5.0,1.0,2025-01-27,
000305446,"Hotmelt, nozzle, corner",1,Critical,1.0,132.14,1.0,26.428,26.428,0.0052297212155375,98.74728689514625,C,5.229721215537513e-05,0.9874728689514624,1.0,1.0,1.0,1.0,Uitgeschakeld,000305446,146.82,Standard Approved,Robatech B.V.,670-Hotmelt," 73,41",0 dagen,5.0,1.0,2025-09-24,
SIE_3RA2110-0HA15,"Load feeder 0,55 - 0,80A",2,Critical,3.0,396.29,3.0,79.258,26.41933333333333,0.0052280062068143,98.75251490135304,C,5.228006206814391e-05,0.9875251490135304,3.0,1.0,1.0,3.0,Uitgeschakeld,SIE_3RA2110-0HA15,147.0,Custom approved,Solar Nederland B.V.,610-Motor control," 75,50",21 dagen,10.0,1.0,2026-04-14,
000236642,"Cylinder, standard",1,Critical,1.0,147.84,1.0,29.568,29.568,0.0058510820682992,98.48808334146572,C,5.851082068299274e-05,0.9848808334146572,1.0,1.0,1.0,1.0,Uitgeschakeld,000236642,147.84,Custom Approved,Festo B.V.,510-Cylinder," 76,19",0 dagen,8.0,1.0,2026-02-23,
SIE_3RA2110-0KA15,"Load feeder 0,9 - 1,25A",2,Critical,5.0,530.79,5.0,106.158,21.2316,0.0042014283699033,99.02939576994336,C,4.201428369903369e-05,0.9902939576994336,5.0,1.0,1.0,5.0,Uitgeschakeld,SIE_3RA2110-0KA15,148.0,Custom approved,Solar Nederland B.V.,610-Motor control," 77,50",21 dagen,10.0,1.0,2026-04-14,
CILDNORA192040-30,"Cylinder, compact",1,Critical,3.0,368.91,1.0,73.78200000000001,73.78200000000001,0.0146003969549261,94.51503889082706,B,0.0001460039695492,0.9451503889082706,3.0,3.0,3.0,1.0,Uitgeschakeld,CILDNORA192040-30,148.84,Custom Approved,Norgren B.V.,510-Cylinder," 82,49",25 dagen,8.0,1.0,2026-02-09,
CILDFES32550NC#A,"Cylinder, standard",1,Critical,7.0,912.41,6.0,182.482,30.41366666666667,0.0060184273425515,98.43487695434636,C,6.018427342551565e-05,0.9843487695434636,7.0,1.166666666666667,2.0,6.0,Uitgeschakeld,CILDFES32550NC#A,149.42,Standard Approved,Festo B.V.,510-Cylinder," 74,71",21 dagen,8.0,1.0,2026-04-23,
CILDFES16050PAGF,"Cylinder, drive with guide",1,Critical,14.0,4373.01,8.0,874.6020000000001,109.32525,0.0216338950854753,88.18696626412694,B,0.0002163389508547,0.8818696626412693,14.0,1.75,6.0,8.0,Uitgeschakeld,CILDFES16050PAGF,149.72,Standard Approved,Festo B.V.,510-Cylinder," 74,86",21 dagen,8.0,1.0,2025-12-15,
000567818,Drivecontrol,3,Wear,31.0,5420.219999999999,17.0,1084.044,63.76729411764705,0.0126186306532646,95.69375060430802,C,0.0001261863065326,0.9569375060430804,31.0,1.823529411764706,4.0,17.0,Uitgeschakeld,000567818,150.0,Custom Approved,Itoh Denki Europe,610-Motor control," 75,00",0 dagen,10.0,0.0,2026-01-16,
SICK_6041803,reflextaster,Onbekend,Onbekend,3.0,354.3,3.0,70.86,23.62,0.0046740583892461,98.90166940566566,C,4.674058389246105e-05,0.9890166940566566,3.0,1.0,1.0,3.0,Uitgeschakeld,SICK_6041803,150.44,Standard approved,Sick B.V.,660-Sensor and lighting," 75,22",0 dagen,10.0,1.0,2023-07-28,
VENMFESMN1H5/3G2,Magnetic valve,2,Wear,1.0,110.38,1.0,22.076,22.076,0.0043685229890345,98.97798367331885,C,4.36852298903459e-05,0.9897798367331884,1.0,1.0,1.0,1.0,Uitgeschakeld,VENMFESMN1H5/3G2,150.56,Custom approved,Festo B.V.,550-Valves," 75,28",21 dagen,8.0,1.0,2021-11-15,
SIE_3RA2110-1AA15,"Load feeder 1,1 - 1,6A",2,Critical,3.0,910.5600000000002,2.0,182.112,91.056,0.0180186731876034,91.45849104154168,B,0.000180186731876,0.9145849104154168,3.0,1.5,2.0,2.0,Uitgeschakeld,SIE_3RA2110-1AA15,151.0,Custom approved,Solar Nederland B.V.,610-Motor control," 77,50",21 dagen,10.0,1.0,2025-05-09,
CILDNOR26125RM#A,"Cylinder, round",1,Critical,2.0,365.25,1.0,73.05,73.05,0.0144555446796963,94.57327227586816,B,0.0001445554467969,0.9457327227586816,2.0,2.0,2.0,1.0,Uitgeschakeld,CILDNOR26125RM#A,151.34,Custom Approved,Norgren B.V.,510-Cylinder," 75,67",25 dagen,8.0,1.0,2023-04-19,
000486910,"Sensor, pressure switch",2,Critical,5.0,509.96,4.0,101.992,25.498,0.0050456875871717,98.81384813573943,C,5.045687587171769e-05,0.9881384813573943,5.0,1.25,2.0,4.0,Uitgeschakeld,000486910,151.8,Standard Approved,Festo B.V.,"530-Electric, accessory"," 75,90",0 dagen,10.0,0.0,2024-11-12,
CILDFES32600NC#A,"Cylinder, standard",1,Critical,5.0,1022.38,5.0,204.476,40.8952,0.0080925720846696,97.82314413707552,C,8.092572084669659e-05,0.9782314413707554,5.0,1.0,1.0,5.0,Uitgeschakeld,CILDFES32600NC#A,152.36,Standard Approved,Festo B.V.,510-Cylinder," 76,18",21 dagen,8.0,1.0,2025-12-15,
000343191,"Cylinder, standard",1,Critical,2.0,272.06,2.0,54.412,27.206,0.0053836762293746,98.68379789710782,C,5.383676229374662e-05,0.9868379789710784,2.0,1.0,1.0,2.0,Uitgeschakeld,000343191,153.88,Standard Approved,Festo B.V.,510-Cylinder," 76,94",0 dagen,8.0,1.0,2024-08-05,
000227027,"Cylinder, stopper",1,Critical,2.0,296.52,2.0,59.30399999999999,29.652,0.0058677044605387,98.48223225939742,C,5.867704460538759e-05,0.9848223225939742,2.0,1.0,1.0,2.0,Uitgeschakeld,000227027,154.24,Standard Approved,Festo B.V.,510-Cylinder," 77,12",0 dagen,8.0,1.0,2023-11-02,
SIE_3RA2110-1HA15,"Load feeder 5,5 - 8,0A",2,Critical,11.0,1289.74,10.0,257.948,25.7948,0.0051044200397512,98.78850458114114,C,5.104420039751288e-05,0.9878850458114112,11.0,1.1,2.0,10.0,Uitgeschakeld,SIE_3RA2110-1HA15,155.0,Custom approved,Solar Nederland B.V.,610-Motor control," 79,00",0 dagen,10.0,1.0,2026-04-14,
000270499,"Cylinder, standard",1,Critical,6.0,839.51,6.0,167.902,27.98366666666666,0.0055375652813378,98.59627127588864,C,5.537565281337845e-05,0.9859627127588864,6.0,1.0,1.0,6.0,Uitgeschakeld,000270499,155.32,Standard Approved,Festo B.V.,510-Cylinder," 77,66",0 dagen,8.0,1.0,2025-12-15,
BECK_EK1100,Beckhoff EtherCAT Coupler,3,Wear,73.0,11837.85,57.0,2367.57,41.53631578947369,0.0082194396813787,97.75791298215292,C,8.219439681378702e-05,0.9775791298215292,73.0,1.280701754385965,5.0,57.0,Uitgeschakeld,BECK_EK1100,155.96,Custom approved,Beckhoff Automation B.V.,630-Automation," 79,65",0 dagen,10.0,1.0,2026-04-22,
CILDFES050S055MP-,"Cylinder, standard",1,Critical,4.0,774.51,4.0,154.902,38.7255,0.0076632196508361,98.00457117594512,C,7.663219650836157e-05,0.9800457117594512,4.0,1.0,1.0,4.0,Uitgeschakeld,CILDFES050S055MP-,156.86,Standard Approved,Festo B.V.,510-Cylinder," 78,43",21 dagen,8.0,1.0,2025-09-04,
IRE_RFHT400-180R-600W,Brake resistor 180R 600W IP64,1,Critical,3.0,522.99,3.0,104.598,34.866,0.0068994800931183,98.20764875986852,C,6.899480093118319e-05,0.9820764875986852,3.0,1.0,1.0,3.0,Uitgeschakeld,IRE_RFHT400-180R-600W,157.5,Custom Approved,Hiflex Automatiseringstechniek BV,610-Motor control," 78,75",0 dagen,8.0,0.0,2024-05-15,
000402523,"Drive belt, HTD5M",3,Wear,1.0,492.04,1.0,98.408,98.408,0.0194735282798023,90.05580304306943,B,0.000194735282798,0.9005580304306944,1.0,1.0,1.0,1.0,Uitgeschakeld,000402523,157.7,Custom approved,BPA Construction,360-Drive belt," 0,00",0 dagen,3.0,1.0,2022-04-01,
CILDFES32700NC#A,"Cylinder, standard",1,Critical,1.0,125.06,1.0,25.012,25.012,0.004949515174929,98.84869988339196,C,4.949515174929026e-05,0.9884869988339198,1.0,1.0,1.0,1.0,Uitgeschakeld,CILDFES32700NC#A,158.26,Standard Approved,Festo B.V.,510-Cylinder," 79,13",21 dagen,8.0,1.0,2024-05-07,
CILDFES16080PAGF,"Cylinder, drive with guide",1,Critical,12.0,2059.56,11.0,411.912,37.44654545454545,0.0074101329352287,98.07969396269394,C,7.41013293522878e-05,0.9807969396269394,12.0,1.090909090909091,2.0,11.0,Uitgeschakeld,CILDFES16080PAGF,159.16,Standard Approved,Festo B.V.,510-Cylinder," 79,58",21 dagen,8.0,1.0,2025-12-15,
000286943,Toothed belt endless,3,Wear,36.0,13590.59,28.0,2718.118,97.07564285714284,0.0192098739579969,90.24889402356168,B,0.0001920987395799,0.9024889402356168,36.0,1.285714285714286,3.0,28.0,Uitgeschakeld,000286943,159.32,Standard Approved,Ammertech B.V.,360-Drive belt," 78,07",0 dagen,7.0,0.0,2026-04-20,
CILDNOR40125PRA#B,Double acting cylinder,1,Critical,1.0,126.32,1.0,25.264,25.264,0.0049993823516474,98.81884751809108,C,4.999382351647485e-05,0.9881884751809108,1.0,1.0,1.0,1.0,Uitgeschakeld,CILDNOR40125PRA#B,161.96,Custom approved,Norgren B.V.,510-Cylinder," 80,98",25 dagen,8.0,1.0,2026-02-18,
000274239,"Cylinder, standard",1,Critical,1.0,124.45,1.0,24.89,24.89,0.0049253731290573,98.85856210701616,C,4.92537312905739e-05,0.9885856210701616,1.0,1.0,1.0,1.0,Uitgeschakeld,000274239,162.68,Custom Approved,Festo B.V.,510-Cylinder," 81,34",0 dagen,8.0,1.0,2021-08-05,
CILDNOR40250PRA#B,"Cylinder, standard",1,Critical,10.0,1787.79,3.0,357.558,119.186,0.0235851957316124,86.99696106730494,B,0.0002358519573161,0.8699696106730493,10.0,3.333333333333333,8.0,3.0,Uitgeschakeld,CILDNOR40250PRA#B,164.04,Custom Approved,Norgren B.V.,510-Cylinder," 82,02",25 dagen,8.0,1.0,2023-07-17,
000725419,"Transport belt endless, VLV welded",3,Wear,1.0,139.18,1.0,27.836,27.836,0.0055083441711708,98.6238878271924,C,5.508344171170813e-05,0.986238878271924,1.0,1.0,1.0,1.0,Uitgeschakeld,000725419,165.06,Custom Approved,YONGLI Nederland Wormer B.V.,350-Conveyor," 46,41",0 dagen,7.0,0.0,2024-12-06,
ROLTNA50854675R,Transport roller,3,Wear,2.0,247.7,2.0,49.54,24.77,0.0049016268544295,98.8634637338706,C,4.901626854429552e-05,0.988634637338706,2.0,1.0,1.0,2.0,Uitgeschakeld,ROLTNA50854675R,165.39,Custom Approved,NDW Internationale Transportonderdelen B.V.,350-Conveyor," 44,70",35 dagen,7.0,5.0,2026-03-12,
CILDFES16100PAGF,"Cylinder, drive with guide",1,Critical,2.0,146.27,2.0,29.254,14.627,0.0028944729915115,99.46826949547167,C,2.894472991511549e-05,0.9946826949547168,2.0,1.0,1.0,2.0,Uitgeschakeld,CILDFES16100PAGF,165.46,Custom Approved,Festo B.V.,510-Cylinder," 82,73",21 dagen,8.0,1.0,2024-11-07,
000597568,"Cylinder, standard",1,Critical,2.0,146.27,2.0,29.254,14.627,0.0028944729915115,99.4711639684632,C,2.894472991511549e-05,0.994711639684632,2.0,1.0,1.0,2.0,Uitgeschakeld,000597568,165.46,Custom Approved,Festo B.V.,510-Cylinder," 82,73",0 dagen,8.0,0.0,2024-08-29,
CILDFES20000PA20,"Cylinder, drive with guide",1,Critical,11.0,2659.16,9.0,531.832,59.09244444444445,0.0116935451184002,96.32297806733202,C,0.000116935451184,0.9632297806733202,11.0,1.222222222222222,3.0,9.0,Uitgeschakeld,CILDFES20000PA20,165.52,Standard Approved,Festo B.V.,510-Cylinder," 82,76",21 dagen,8.0,1.0,2026-03-06,
000503063,Air supply unit,1,Critical,12.0,1742.42,12.0,348.484,29.04033333333334,0.0057466644218107,98.54021235084248,C,5.746664421810753e-05,0.9854021235084248,12.0,1.0,1.0,12.0,Uitgeschakeld,000503063,167.02,Standard Approved,Festo B.V.,500-Air supply," 83,51",0 dagen,10.0,0.0,2026-04-23,
RIETWEL965-5M15,Toothed belt endless,3,Wear,2.0,1171.52,1.0,234.304,234.304,0.0463653927533412,70.16684376973672,A,0.0004636539275334,0.7016684376973671,2.0,2.0,2.0,1.0,Uitgeschakeld,RIETWEL965-5M15,167.08,Custom Approved,YONGLI Nederland Wormer B.V.,360-Drive belt," 83,54",0 dagen,3.0,1.0,2022-07-29,
000447355,"Cylinder, drive with guide",1,Critical,3.0,450.18,3.0,90.036,30.012,0.0059389432844222,98.4528010382067,C,5.938943284422274e-05,0.9845280103820668,3.0,1.0,1.0,3.0,Uitgeschakeld,000447355,167.36,Standard Approved,Festo B.V.,510-Cylinder," 83,68",0 dagen,8.0,1.0,2026-02-11,
CILDFES25025ADV#A,Double acting cylinder,1,Critical,2.0,170.94,1.0,34.188,34.188,0.006765313641471,98.28295258694725,C,6.765313641471035e-05,0.9828295258694724,2.0,2.0,2.0,1.0,Uitgeschakeld,CILDFES25025ADV#A,167.4,Custom approved,Festo B.V.,510-Cylinder," 83,70",21 dagen,8.0,1.0,2022-09-30,
CILDFES20000PA30,"Cylinder, drive with guide",1,Critical,1.0,140.86,1.0,28.172,28.172,0.0055748337401287,98.57404350956136,C,5.574833740128759e-05,0.9857404350956136,1.0,1.0,1.0,1.0,Uitgeschakeld,CILDFES20000PA30,169.2,Custom Approved,Festo B.V.,510-Cylinder," 84,60",21 dagen,8.0,1.0,2025-10-08,
CILDFES25030ADV#B,"Cylinder, compact",1,Critical,5.0,150.59,2.0,30.118,15.059,0.0029799595801717,99.43898820169083,C,2.979959580171766e-05,0.9943898820169084,5.0,2.5,4.0,2.0,Uitgeschakeld,CILDFES25030ADV#B,170.34,Custom Approved,Festo B.V.,510-Cylinder," 85,17",21 dagen,8.0,1.0,2024-10-03,
CILDNOR32450PRA#B,Double-acting cylinder,1,Critical,2.0,470.11,2.0,94.022,47.011,0.0093028009710774,97.40113516109106,C,9.30280097107742e-05,0.9740113516109108,2.0,1.0,1.0,2.0,Uitgeschakeld,CILDNOR32450PRA#B,170.44,Custom approved,Norgren B.V.,510-Cylinder," 85,22",25 dagen,8.0,1.0,2025-12-09,
000300593,Load cell,2,Critical,2.0,291.38,2.0,58.276,29.138,0.0057659912508828,98.52871381101082,C,5.765991250882853e-05,0.9852871381101082,2.0,1.0,1.0,2.0,Uitgeschakeld,000300593,171.2,Custom approved Racupack,Penko Engineering B.V.,804-Check weigher/Metal detection," 85,60",0 dagen,10.0,1.0,2025-04-07,
000463967,"Motor, stepper",2,Critical,59.0,25152.18,18.0,5030.436,279.4686666666666,0.0553028309045197,64.86463827694739,A,0.0005530283090451,0.6486463827694738,59.0,3.277777777777778,19.0,18.0,Uitgeschakeld,000463967,171.5,Standard Approved,Zilvertron B.V.,310-Electric motor," 85,75",0 dagen,10.0,100.0,2026-04-29,
BELTTIMS-00000001,Toothed belt endless,3,Wear,1.0,42.88,1.0,8.576,8.576,0.0016970670934028,99.7961133569919,C,1.69706709340282e-05,0.9979611335699188,1.0,1.0,1.0,1.0,Uitgeschakeld,BELTTIMS-00000001,171.72,Custom Approved,YONGLI Nederland Wormer B.V.,360-Drive belt," 85,86",0 dagen,3.0,1.0,2026-02-27,
000478020,"Cylinder, drive with guide",1,Critical,1.0,0.0,1.0,0.0,0.0,0.0,100.0000000000002,C,0.0,1.000000000000002,1.0,1.0,1.0,1.0,Uitgeschakeld,000478020,172.86,Custom Approved,Festo B.V.,510-Cylinder," 86,43",0 dagen,8.0,0.0,2023-02-06,
FOTOOMRE3ZM-LS86H,"Photocell, diffused-reflective",2,Critical,23.0,4603.01,22.0,920.602,41.84554545454546,0.0082806317859609,97.72496944902404,C,8.280631785960941e-05,0.9772496944902404,23.0,1.045454545454545,2.0,22.0,Uitgeschakeld,FOTOOMRE3ZM-LS86H,174.08,Standard Approved,Omron Electronics B.V.,660-Sensor and lighting," 87,04",0 dagen,10.0,1.0,2025-02-07,
000725485,"Transport belt endless, VLV welded",3,Wear,1.0,146.89,1.0,29.378,29.378,0.0058134838001385,98.50555703765062,C,5.813483800138529e-05,0.9850555703765062,1.0,1.0,1.0,1.0,Uitgeschakeld,000725485,174.2,Custom Approved,YONGLI Nederland Wormer B.V.,350-Conveyor," 48,98",0 dagen,7.0,0.0,2024-12-06,
000575895,"Cylinder, standard",1,Critical,1.0,154.74,1.0,30.948,30.948,0.0061241642265194,98.39847978594868,C,6.12416422651941e-05,0.9839847978594868,1.0,1.0,1.0,1.0,Uitgeschakeld,000575895,175.04,Custom Approved,Festo B.V.,510-Cylinder," 87,52",0 dagen,8.0,0.0,2024-10-03,
SICK_6012828,reflextastervan3t/m100mm,Onbekend,Onbekend,2.0,269.75,2.0,53.95,26.975,0.005337964650716,98.71053402559694,C,5.337964650716075e-05,0.9871053402559694,2.0,1.0,1.0,2.0,Uitgeschakeld,SICK_6012828,175.1,Custom Approved,Sick B.V.,660-Sensor and lighting," 87,55",0 dagen,10.0,1.0,2024-02-05,
000347048,"Cylinder, standard",1,Critical,3.0,771.49,3.0,154.298,51.43266666666667,0.0101777852292392,97.0429876729056,C,0.0001017778522923,0.970429876729056,3.0,1.0,1.0,3.0,Uitgeschakeld,000347048,175.64,Custom Approved,Festo B.V.,510-Cylinder," 87,82",0 dagen,8.0,1.0,2024-06-21,
CILDFES20000PA50,"Cylinder, drive with guide",1,Critical,18.0,2830.0,11.0,566.0,51.45454545454545,0.010182114726785,97.03280988767636,C,0.0001018211472678,0.9703280988767636,18.0,1.636363636363636,5.0,11.0,Uitgeschakeld,CILDFES20000PA50,176.54,Standard Approved,Festo B.V.,510-Cylinder," 88,27",21 dagen,8.0,1.0,2025-12-30,
ROLTNA50849626R,Transport roller,3,Wear,2.0,274.55,2.0,54.91,27.455,0.0054329497492274,98.66219460503378,C,5.432949749227427e-05,0.9866219460503378,2.0,1.0,1.0,2.0,Uitgeschakeld,ROLTNA50849626R,177.01,Custom Approved,NDW Internationale Transportonderdelen B.V.,350-Conveyor," 47,84",35 dagen,7.0,5.0,2026-03-12,
RIETMEG16AT5-2455,Toothed belt endless,3,Wear,5.0,886.8000000000001,5.0,177.36,35.472,0.0070193987799889,98.16601159151206,C,7.019398779988901e-05,0.9816601159151206,5.0,1.0,1.0,5.0,Uitgeschakeld,RIETMEG16AT5-2455,178.12,Standard Approved,Eriks B.V.,360-Drive belt," 89,06",0 dagen,3.0,9.0,2025-09-19,
000357347,Flighted Timingbelt,3,Wear,6.0,1116.67,1.0,223.334,223.334,0.044194587481113,71.75497741686392,A,0.0004419458748111,0.7175497741686392,6.0,6.0,6.0,1.0,Uitgeschakeld,000357347,178.24,Custom approved Racupack,YONGLI Nederland Wormer B.V.,360-Drive belt," 90,46",0 dagen,3.0,2.0,2026-01-27,
OMR_R88ACAKA005SR,Servo Powercable 5m,3,Critical,74.0,28119.08,30.0,5623.816000000001,187.4605333333334,0.0370957442201192,77.09454134270456,A,0.0003709574422011,0.7709454134270456,74.0,2.466666666666667,9.0,30.0,Uitgeschakeld,OMR_R88ACAKA005SR,179.4,Standard Approved,Omron Electronics B.V.,600-Cable and wire," 89,70",0 dagen,5.0,1.0,2026-04-16,
SIE_3RA2110-1KA17,Load feeder 9 - 12A,2,Critical,1.0,140.82,1.0,28.164,28.164,0.0055732506551535,98.57961676021652,C,5.573250655153569e-05,0.9857961676021652,1.0,1.0,1.0,1.0,Uitgeschakeld,SIE_3RA2110-1KA17,181.0,Custom approved,Solar Nederland B.V.,610-Motor control," 92,50",5 dagen,10.0,1.0,2024-11-04,
CILDFES25020PAGF,"Cylinder, drive with guide",1,Critical,10.0,2242.04,8.0,448.408,56.051,0.0110916869930412,96.5852024459604,C,0.0001109168699304,0.965852024459604,10.0,1.25,3.0,8.0,Uitgeschakeld,CILDFES25020PAGF,182.52,Standard Approved,Festo B.V.,510-Cylinder," 91,26",21 dagen,8.0,1.0,2026-05-21,100.0
CILDFES25025PAGF,"Cylinder, drive with guide",1,Critical,15.0,3864.84,15.0,772.9680000000001,51.53120000000001,0.0101972835591837,97.01243428879432,C,0.0001019728355918,0.9701243428879432,15.0,1.0,1.0,15.0,Uitgeschakeld,CILDFES25025PAGF,184.74,Standard Approved,Festo B.V.,510-Cylinder," 92,37",21 dagen,8.0,1.0,2026-01-26,
000309516,Timing belt 50T10-V-HF L=1050,3,Wear,3.0,572.03,2.0,114.406,57.203,0.0113196512294684,96.49551873624064,C,0.0001131965122946,0.9649551873624064,3.0,1.5,2.0,2.0,Uitgeschakeld,000309516,185.0,Custom approved Racupack,Ammertech B.V.,360-Drive belt," 92,50",0 dagen,3.0,1.0,2023-10-25,
ENCIHEIERKABEL09M,Encoderkabel M23 12 pins L09 mtr,3,Critical,17.0,2990.24,16.0,598.048,37.378,0.0073965687753277,98.08709053146929,C,7.396568775327728e-05,0.9808709053146928,17.0,1.0625,2.0,16.0,Uitgeschakeld,ENCIHEIERKABEL09M,186.2,Standard Approved,Heidenhain Nederland B.V.,660-Sensor and lighting," 93,10",40 dagen,10.0,1.0,2025-08-25,
CILDNOR32400PRA#B,Double acting cylinder,1,Critical,1.0,126.17,1.0,25.234,25.234,0.0049934457829905,98.82384096387408,C,4.993445782990526e-05,0.9882384096387408,1.0,1.0,1.0,1.0,Uitgeschakeld,CILDNOR32400PRA#B,186.46,Custom approved,Norgren B.V.,510-Cylinder," 93,23",25 dagen,8.0,1.0,2025-09-19,
RIETPIR1200-5M-#C,Gear belt,3,Wear,2.0,224.65,1.0,44.92999999999999,44.92999999999999,0.0088910009919063,97.50968821376752,C,8.891000991906328e-05,0.9750968821376752,2.0,2.0,2.0,1.0,Uitgeschakeld,RIETPIR1200-5M-#C,186.74,Custom approved,Eriks B.V.,360-Drive belt," 93,67",0 dagen,3.0,1.0,2022-02-02,
CILDFES25000PA30,"Cylinder, drive with guide",1,Critical,10.0,1321.45,6.0,264.29,44.04833333333334,0.0087165318352656,97.58024590240676,C,8.716531835265688e-05,0.9758024590240676,10.0,1.666666666666667,4.0,6.0,Uitgeschakeld,CILDFES25000PA30,186.92,Custom Approved,Festo B.V.,510-Cylinder," 93,46",21 dagen,8.0,1.0,2025-12-15,
CILDFES20000PA80,"Cylinder, drive with guide",1,Critical,4.0,447.57,2.0,89.514,44.757,0.0088567667793178,97.5274146098916,C,8.856766779317863e-05,0.975274146098916,4.0,2.0,3.0,2.0,Uitgeschakeld,CILDFES20000PA80,187.52,Custom Approved,Festo B.V.,510-Cylinder," 93,76",21 dagen,8.0,1.0,2025-12-15,
CILDFES16000PA25,"Cylinder, drive with guide",1,Critical,24.0,3982.35,22.0,796.47,36.20318181818182,0.0071640891488007,98.13784850980343,C,7.164089148800795e-05,0.9813784850980344,24.0,1.090909090909091,2.0,22.0,Uitgeschakeld,CILDFES16000PA25,188.5,Standard Approved,Festo B.V.,510-Cylinder," 94,25",21 dagen,8.0,1.0,2026-03-09,
FOTOSICGSE6-P4112,"Photocell, through beam",2,Critical,8.0,1254.14,8.0,250.828,31.3535,0.0062044068461993,98.38003336885464,C,6.204406846199312e-05,0.9838003336885464,8.0,1.0,1.0,8.0,Uitgeschakeld,FOTOSICGSE6-P4112,188.7,Standard Approved,Sick B.V.,660-Sensor and lighting," 96,90",0 dagen,10.0,1.0,2025-04-28,
MOTBMOE1-1.6,"Load feeder 1-1,6A",2,Critical,2.0,269.39,1.0,53.878,53.878,0.0106616815366554,96.82433967808072,C,0.0001066168153665,0.9682433967808072,2.0,2.0,2.0,1.0,Uitgeschakeld,MOTBMOE1-1.6,189.24,Custom approved,Solar Nederland B.V.,"699-Electro part, Miscellaneous"," 94,62",21 dagen,10.0,1.0,2023-11-07,
000271310,"Cylinder, compact",1,Critical,2.0,307.62,2.0,61.524,30.762,0.0060873575008462,98.41066281214648,C,6.087357500846261e-05,0.9841066281214648,2.0,1.0,1.0,2.0,Uitgeschakeld,000271310,189.84,Custom Approved Racupack,Festo B.V.,510-Cylinder," 94,92",0 dagen,8.0,1.0,2024-12-06,
LEN_I5DAE137B1AV10000S,"Frequency inverter i55 0,37kW 1P+STO",1,Critical,11.0,1992.52,10.0,398.504,39.8504,0.0078858211869099,97.92705067088004,C,7.885821186909949e-05,0.9792705067088004,11.0,1.1,2.0,10.0,Uitgeschakeld,LEN_I5DAE137B1AV10000S,189.88,Custom Approved,Lenze B.V.,610-Motor control," 94,94",0 dagen,10.0,0.0,2026-02-23,
CILDFES25000PA40,"Cylinder, drive with guide",1,Critical,3.0,496.13,3.0,99.226,33.07533333333333,0.0065451329061718,98.31604081961665,C,6.545132906171804e-05,0.9831604081961663,3.0,1.0,1.0,3.0,Uitgeschakeld,CILDFES25000PA40,191.32,Custom Approved,Festo B.V.,510-Cylinder," 95,66",21 dagen,8.0,1.0,2026-01-26,
SCHDVACVSMPQD6,Druksensor 0 tot -1 bar conn. M8,Onbekend,Onbekend,3.0,1253.59,1.0,250.718,250.718,0.0496134873511856,68.15784136978729,A,0.0004961348735118,0.6815784136978729,3.0,3.0,3.0,1.0,Uitgeschakeld,SCHDVACVSMPQD6,191.7,Custom approved,Astro Controls B.V.,"530-Electric, accessory"," 95,85",5 dagen,10.0,1.0,2021-12-02,
000407417,"Cylinder, drive with guide",1,Critical,4.0,822.16,4.0,164.432,41.108,0.0081346821450096,97.80695843882646,C,8.13468214500969e-05,0.9780695843882644,4.0,1.0,1.0,4.0,Uitgeschakeld,000407417,191.82,Standard Approved,Festo B.V.,510-Cylinder," 95,91",0 dagen,8.0,1.0,2026-05-04,
000250701,"Cable, motor/signal",3,Critical,22.0,4485.23,19.0,897.046,47.21294736842106,0.0093427634516682,97.39183236012,C,9.342763451668216e-05,0.9739183236012,22.0,1.157894736842105,2.0,19.0,Uitgeschakeld,000250701,192.02,Standard Approved,Linak Actuator-Systems B.V.,330-Linear motion," 96,01",0 dagen,10.0,1.0,2026-04-22,
000321455,Photocell reflextaster,2,Critical,5.0,1188.74,5.0,237.748,47.5496,0.009409382167032,97.34507931984837,C,9.409382167032032e-05,0.9734507931984836,5.0,1.0,1.0,5.0,Uitgeschakeld,000321455,192.1,Standard approved,Sick B.V.,660-Sensor and lighting," 96,05",0 dagen,10.0,1.0,2024-08-05,
000842877,Toothed belt endless,3,Wear,1.0,384.8,1.0,76.96000000000001,76.96000000000001,0.01522927746132,94.0527311857756,B,0.0001522927746132,0.9405273118577562,1.0,1.0,1.0,1.0,Uitgeschakeld,000842877,192.4,Custom Approved,Ammertech B.V.,360-Drive belt," 96,20",0 dagen,5.0,0.0,2026-01-05,
FOTOSICWL8-P2231,Photocell + reflector,2,Critical,2.0,171.32,2.0,34.264,17.132,0.0033901764743676,99.29287425436766,C,3.390176474367665e-05,0.9929287425436766,2.0,1.0,1.0,2.0,Uitgeschakeld,FOTOSICWL8-P2231,193.8,Custom approved,Sick B.V.,660-Sensor and lighting," 96,90",0 dagen,10.0,1.0,2024-03-29,
RIETWEL1000-5M15,Toothed belt endless,3,Wear,1.0,432.87,1.0,86.574,86.574,0.0171317498302537,92.44110121465944,B,0.0001713174983025,0.9244110121465944,1.0,1.0,1.0,1.0,Uitgeschakeld,RIETWEL1000-5M15,194.14,Custom Approved,YONGLI Nederland Wormer B.V.,360-Drive belt," 97,07",0 dagen,3.0,1.0,2023-02-08,
CILDFES20100PAGF,"Cylinder, drive with guide",1,Critical,2.0,293.23,2.0,58.646,29.323,0.0058026000909341,98.51716599765928,C,5.802600090934104e-05,0.985171659976593,2.0,1.0,1.0,2.0,Uitgeschakeld,CILDFES20100PAGF,194.86,Custom Approved,Festo B.V.,510-Cylinder," 97,43",21 dagen,8.0,1.0,2025-12-15,
MOTBMOE0.6-1,"Load feeder 0,6-1A",2,Critical,3.0,416.54,3.0,83.308,27.76933333333334,0.0054951517963775,98.6348873654475,C,5.495151796377569e-05,0.986348873654475,3.0,1.0,1.0,3.0,Uitgeschakeld,MOTBMOE0.6-1,195.56,Custom approved,Solar Nederland B.V.,"699-Electro part, Miscellaneous"," 97,78",21 dagen,10.0,1.0,2026-01-21,
CILDFES25000PA50,"Cylinder, drive with guide",1,Critical,3.0,514.22,3.0,102.844,34.28133333333334,0.0067837829661815,98.27618727330578,C,6.783782966181577e-05,0.9827618727330578,3.0,1.0,1.0,3.0,Uitgeschakeld,CILDFES25000PA50,195.74,Custom Approved,Festo B.V.,510-Cylinder," 97,87",21 dagen,8.0,1.0,2025-02-07,
OMR_R88ACAKA010SR,Servo Powercable 10 meter,3,Critical,97.0,38343.08,31.0,7668.616,247.3747096774194,0.048951898266514,68.55135633023492,A,0.0004895189826651,0.6855135633023492,97.0,3.129032258064516,11.0,31.0,Uitgeschakeld,OMR_R88ACAKA010SR,196.1,Standard Approved,Omron Electronics B.V.,600-Cable and wire," 85,65",21 dagen,10.0,1.0,2026-04-22,
000832986,"Safety sensor, photocell",2,Critical,1.0,186.39,1.0,37.278,37.278,0.0073767802131378,98.0944673116824,C,7.376780213137861e-05,0.980944673116824,1.0,1.0,1.0,1.0,Uitgeschakeld,000832986,196.2,Custom Approved,Sick B.V.,660-Sensor and lighting," 98,10",0 dagen,10.0,0.0,2026-02-20,
000686875,"Toothed belt endless, magazine",3,Wear,1.0,173.71,1.0,34.742,34.742,0.0068749422760028,98.23518895417814,C,6.874942276002888e-05,0.9823518895417814,1.0,1.0,1.0,1.0,Uitgeschakeld,000686875,196.5,Custom Approved,Ammertech B.V.,360-Drive belt," 98,25",0 dagen,5.0,0.0,2024-05-28,
CILDFES16000PA40,"Cylinder, drive with guide",1,Critical,7.0,1217.17,7.0,243.434,34.77628571428572,0.0068817269258965,98.22831401190214,C,6.881726925896556e-05,0.9822831401190214,7.0,1.0,1.0,7.0,Uitgeschakeld,CILDFES16000PA40,198.46,Standard Approved,Festo B.V.,510-Cylinder," 99,23",21 dagen,8.0,1.0,2025-12-15,
CILDFES32040ADVU,"Cylinder, compact",1,Critical,1.0,171.63,1.0,34.326,34.326,0.006792621857293,98.2694034903396,C,6.792621857293048e-05,0.982694034903396,1.0,1.0,1.0,1.0,Uitgeschakeld,CILDFES32040ADVU,198.72,Custom Approved,Festo B.V.,510-Cylinder," 102,35",21 dagen,8.0,1.0,2022-06-20,
000860271,"Cylinder, multi position",1,Critical,1.0,399.28,1.0,79.856,79.856,0.0158023542223385,93.57206304724164,B,0.0001580235422233,0.9357206304724164,1.0,1.0,1.0,1.0,Uitgeschakeld,000860271,199.64,Custom Approved,Festo B.V.,510-Cylinder," 99,82",0 dagen,7.0,0.0,2026-05-04,
000571770,"Cylinder, drive with guide",1,Critical,1.0,139.48,1.0,27.896,27.896,0.0055202173084847,98.61837948302124,C,5.520217308484731e-05,0.9861837948302122,1.0,1.0,1.0,1.0,Uitgeschakeld,000571770,202.64,Custom Approved,Festo B.V.,510-Cylinder," 101,32",0 dagen,8.0,0.0,2022-07-22,
000521447,Sensor,Onbekend,Onbekend,7.0,1428.9,6.0,285.78,47.63,0.0094252921710326,97.33566993768132,C,9.425292171032684e-05,0.9733566993768134,7.0,1.166666666666667,2.0,6.0,Uitgeschakeld,000521447,203.12,Standard Approved,Omron Electronics B.V.,660-Sensor and lighting," 101,56",0 dagen,10.0,0.0,2026-02-23,
CILDFES16050PAKF,"Cylinder, drive with guide",1,Critical,2.0,281.33,2.0,56.266,28.133,0.0055671162008747,98.5851838764174,C,5.567116200874711e-05,0.985851838764174,2.0,1.0,1.0,2.0,Uitgeschakeld,CILDFES16050PAKF,205.08,Custom Approved,Festo B.V.,510-Cylinder," 102,54",21 dagen,8.0,1.0,2023-01-20,
FOTOSICL41E,"Photocell, through beam, receiver",2,Critical,25.0,9561.89,19.0,1912.378,100.6514736842105,0.0199174794650155,89.7409698286045,B,0.0001991747946501,0.8974096982860451,25.0,1.315789473684211,4.0,19.0,Uitgeschakeld,FOTOSICL41E,205.2,Standard Approved,Sick B.V.,660-Sensor and lighting," 105,70",0 dagen,10.0,1.0,2026-04-22,
000497653,"Conveyor belt, welded",3,Wear,1.0,705.96,1.0,141.192,141.192,0.0279398667271141,83.67240811409957,B,0.0002793986672711,0.8367240811409956,1.0,1.0,1.0,1.0,Uitgeschakeld,000497653,206.76,Custom Approved,YONGLI Nederland Wormer B.V.,350-Conveyor," 63,78",0 dagen,7.0,0.0,2021-08-02,
CILDNOR25040RM#A,Double acting cylinder,1,Critical,3.0,485.18,3.0,97.036,32.34533333333334,0.0064006764021857,98.35480938334528,C,6.40067640218579e-05,0.9835480938334528,3.0,1.0,1.0,3.0,Uitgeschakeld,CILDNOR25040RM#A,207.92,Custom approved,Norgren B.V.,510-Cylinder," 103,96",25 dagen,8.0,1.0,2024-10-31,
000301966,"Cylinder, drive with guide",1,Critical,5.0,824.7,4.0,164.94,41.235,0.0081598136189908,97.79882375668144,C,8.159813618990819e-05,0.9779882375668144,5.0,1.25,2.0,4.0,Uitgeschakeld,000301966,208.88,Custom Approved,Festo B.V.,510-Cylinder," 104,44",0 dagen,8.0,1.0,2025-11-17,
CILDFES25000PA80,"Cylinder, drive with guide",1,Critical,7.0,1835.33,7.0,367.066,52.438,0.0103767262411213,96.97151790091031,C,0.0001037672624112,0.9697151790091032,7.0,1.0,1.0,7.0,Uitgeschakeld,CILDFES25000PA80,208.96,Standard Approved,Festo B.V.,510-Cylinder," 104,48",21 dagen,8.0,1.0,2026-03-26,
VENTASTMAC411A,Solenoid valve 5/2,2,Wear,33.0,9059.11,23.0,1811.822,78.7748695652174,0.015588414053898,93.77597795438086,B,0.0001558841405389,0.9377597795438086,33.0,1.434782608695652,3.0,23.0,Uitgeschakeld,VENTASTMAC411A,210.86,Standard Approved,Astro Controls B.V.,550-Valves," 105,43",5 dagen,8.0,1.0,2026-03-09,
CILDFES32000PA25,"Cylinder, drive with guide",1,Critical,2.0,481.73,2.0,96.346,48.173,0.0095327440637236,97.27881399969904,C,9.53274406372365e-05,0.9727881399969904,2.0,1.0,1.0,2.0,Uitgeschakeld,CILDFES32000PA25,212.2,Standard Approved,Festo B.V.,510-Cylinder," 106,10",21 dagen,8.0,1.0,2024-01-11,
000591418,"Photocell, diffused-reflective",2,Critical,1.0,161.25,1.0,32.25,32.25,0.0063818113062314,98.36119119465152,C,6.381811306231452e-05,0.9836119119465152,1.0,1.0,1.0,1.0,Uitgeschakeld,000591418,212.5,Custom Approved,Sick B.V.,660-Sensor and lighting," 106,25",0 dagen,10.0,0.0,2022-10-04,
CILDNOR050S055MP-,"Cylinder, standard",1,Critical,1.0,153.41,1.0,30.682,30.682,0.0060715266510943,98.41673433879758,C,6.071526651094369e-05,0.9841673433879758,1.0,1.0,1.0,1.0,Uitgeschakeld,CILDNOR050S055MP-,213.24,Custom Approved,Norgren B.V.,510-Cylinder," 106,62",25 dagen,8.0,1.0,2024-03-05,
CILDFES16010ADV#A,"Cylinder, compact",1,Critical,3.0,759.61,3.0,151.922,50.64066666666667,0.0100210598166955,97.08321241096392,C,0.0001002105981669,0.9708321241096391,3.0,1.0,1.0,3.0,Uitgeschakeld,CILDFES16010ADV#A,213.5,Custom Approved,Festo B.V.,510-Cylinder," 106,75",0 dagen,8.0,1.0,2026-01-26,
SIE_3RA2210-0FA15,"Load feeder rev 0,35-0,50A",2,Critical,4.0,513.64,4.0,102.728,25.682,0.0050820985416011,98.79867102092804,C,5.082098541601121e-05,0.9879867102092804,4.0,1.0,1.0,4.0,Uitgeschakeld,SIE_3RA2210-0FA15,214.0,Custom approved,Solar Nederland B.V.,610-Motor control," 107,00",21 dagen,10.0,1.0,2025-09-24,
000728847,"Transport belt endless, VLV welded",3,Wear,1.0,182.18,1.0,36.436,36.436,0.0072101605194991,98.1234920698411,C,7.210160519499199e-05,0.9812349206984112,1.0,1.0,1.0,1.0,Uitgeschakeld,000728847,216.04,Custom Approved,YONGLI Nederland Wormer B.V.,350-Conveyor," 58,39",0 dagen,7.0,0.0,2024-12-06,
000746402,Transportbelt Smart track 20x34 LH,3,Wear,1.0,173.34,1.0,34.668,34.668,0.0068602987399823,98.2489108708956,C,6.860298739982387e-05,0.982489108708956,1.0,1.0,1.0,1.0,Uitgeschakeld,000746402,216.38,Custom Approved,YONGLI Nederland Wormer B.V.,191-Belt material," 58,48",0 dagen,7.0,0.0,2024-06-28,
CILDFES25000PA100,"Cylinder, drive with guide",1,Critical,1.0,0.0,1.0,0.0,0.0,0.0,100.0000000000002,C,0.0,1.000000000000002,1.0,1.0,1.0,1.0,Uitgeschakeld,CILDFES25000PA100,217.76,Custom Approved,Festo B.V.,510-Cylinder," 108,88",21 dagen,8.0,1.0,2023-08-15,
KEBA_D3-XC340/A,Memory Motion controller D3 2GB,3,Wear,2.0,308.04,2.0,61.60799999999999,30.80399999999999,0.006095668696966,98.40457545464564,C,6.095668696966004e-05,0.9840457545464564,2.0,1.0,1.0,2.0,Geselecteerd,KEBA_D3-XC340/A,218.0,Custom approved,ABI B.V.,630-Automation," 109,00",21 dagen,10.0,1.0,2022-06-15,
VENMROB107151,Magnetic valve,2,Wear,1.0,132.25,1.0,26.45,26.45,0.0052340746992192,98.7420571739307,C,5.234074699219284e-05,0.987420571739307,1.0,1.0,1.0,1.0,Uitgeschakeld,VENMROB107151,218.32,Custom approved,Robatech B.V.,700-General parts," 109,16",21 dagen,8.0,1.0,2025-01-27,
CYLIDA-00000038,"Cylinder, stopper",1,Critical,38.0,16186.13,22.0,3237.226,147.1466363636364,0.0291182036471126,82.81744331502892,B,0.0002911820364711,0.8281744331502893,38.0,1.727272727272727,6.0,22.0,Uitgeschakeld,CYLIDA-00000038,218.36,Standard Approved,Festo B.V.,510-Cylinder," 109,18",0 dagen,8.0,1.0,2026-03-17,
000473082,Rollen ketting,3,Wear,1.0,89.89,1.0,17.978,17.978,0.0035575877104939,99.24803353239056,C,3.557587710493924e-05,0.9924803353239056,1.0,1.0,1.0,1.0,Uitgeschakeld,000473082,218.6,Custom Approved,Tsubakimoto Europe B.V.,300-Chain," 109,30",0 dagen,10.0,0.0,2023-04-12,
000472718,"Air supply unit, base",1,Critical,33.0,6026.68,25.0,1205.336,48.21344,0.0095407465582732,97.26928125563532,C,9.540746558273232e-05,0.9726928125563532,33.0,1.32,4.0,25.0,Uitgeschakeld,000472718,218.94,Standard Approved,Festo B.V.,500-Air supply," 109,47",0 dagen,10.0,0.0,2025-12-15,
CILDFES32000PA40,"Cylinder, drive with guide",1,Critical,13.0,3803.66,11.0,760.732,69.15745454545454,0.0136852659016548,95.2625166597544,C,0.0001368526590165,0.952625166597544,13.0,1.181818181818182,2.0,11.0,Uitgeschakeld,CILDFES32000PA40,222.1,Standard Approved,Festo B.V.,510-Cylinder," 111,05",21 dagen,8.0,1.0,2026-03-09,
000677234,"Conveyor belt, welded",3,Wear,1.0,222.63,1.0,44.526,44.526,0.0088110552006592,97.56273889547552,C,8.811055200659275e-05,0.9756273889547552,1.0,1.0,1.0,1.0,Uitgeschakeld,000677234,222.63,Custom Approved,YONGLI Nederland Wormer B.V.,350-Conveyor," 61,07",0 dagen,7.0,0.0,2026-01-19,
MOTRKOPSW40T071B6,"Motor, three-phase geared",1,Critical,1.0,302.6,1.0,60.52,60.52,0.0119760378373062,96.12234257469018,C,0.000119760378373,0.9612234257469018,1.0,1.0,1.0,1.0,Uitgeschakeld,MOTRKOPSW40T071B6,224.0,Custom Approved,Koppe B.V. Technisch Bureau,310-Electric motor," 112,00",25 dagen,10.0,1.0,2021-08-16,
LEN_I5DAE175B1AV10000S,"Frequency inverter i55 0,75kW 1P+STO",1,Critical,3.0,585.1,2.0,117.02,58.51000000000001,0.0115782877372899,96.357928493948,C,0.0001157828773728,0.96357928493948,3.0,1.5,2.0,2.0,Uitgeschakeld,LEN_I5DAE175B1AV10000S,225.8,Custom Approved,Lenze B.V.,610-Motor control," 112,90",0 dagen,10.0,0.0,2026-04-14,
RIETAMMHTD8MEGPAR,Toothed belt endless,3,Wear,33.0,10194.81,19.0,2038.962,107.3137894736842,0.0212358559683007,88.55112802596312,B,0.000212358559683,0.8855112802596312,33.0,1.736842105263158,8.0,19.0,Uitgeschakeld,RIETAMMHTD8MEGPAR,225.92,Standard Approved,Ammertech B.V.,360-Drive belt," 110,70",25 dagen,3.0,1.0,2026-01-26,
BELTENDL-00000686,"Conveyor belt, welded",3,Wear,4.0,3039.57,1.0,607.914,607.914,0.1202974399508957,38.55758909430561,A,0.0012029743995089,0.3855758909430561,4.0,4.0,4.0,1.0,Uitgeschakeld,BELTENDL-00000686,226.67,Custom Approved,YONGLI Nederland Wormer B.V.,350-Conveyor," 35,39",0 dagen,7.0,1.0,2026-01-07,
000724252,"Linear actuator, adjustment",1,Wear,10.0,2492.08,10.0,498.416,49.8416,0.0098629360124237,97.16267235343209,C,9.862936012423738e-05,0.9716267235343208,10.0,1.0,1.0,10.0,Uitgeschakeld,000724252,227.12,Standard Approved,Linak Actuator-Systems B.V.,330-Linear motion," 114,70",0 dagen,10.0,5.0,2026-05-04,
CILDFES32000PA50,"Cylinder, drive with guide",1,Critical,5.0,1173.21,5.0,234.642,46.9284,0.0092864556187085,97.41042161670975,C,9.28645561870859e-05,0.9741042161670976,5.0,1.0,1.0,5.0,Uitgeschakeld,CILDFES32000PA50,228.7,Standard Approved,Festo B.V.,510-Cylinder," 114,35",21 dagen,8.0,1.0,2026-04-14,
BELTENDL-00000912,"Conveyor belt, welded",3,Wear,9.0,4402.7,4.0,880.54,220.135,0.0435615513766592,72.36997219022639,A,0.0004356155137665,0.723699721902264,9.0,2.25,4.0,4.0,Uitgeschakeld,BELTENDL-00000912,229.15,Custom Approved,YONGLI Nederland Wormer B.V.,350-Conveyor," 63,48",0 dagen,7.0,1.0,2025-03-03,
000307298,"Conveyor belt, welded",3,Wear,3.0,1427.73,3.0,285.546,95.182,0.0188351492635572,90.68621398193764,B,0.0001883514926355,0.9068621398193764,3.0,1.0,1.0,3.0,Uitgeschakeld,000307298,229.7,Custom Approved,YONGLI Nederland Wormer B.V.,350-Conveyor," 64,59",0 dagen,7.0,0.0,2022-11-29,
000720506,"Conveyor belt, welded",3,Wear,1.0,412.63,1.0,82.526,82.526,0.0163307088328079,93.07458232902644,B,0.000163307088328,0.9307458232902645,1.0,1.0,1.0,1.0,Uitgeschakeld,000720506,231.32,Custom Approved,YONGLI Nederland Wormer B.V.,350-Conveyor," 63,46",0 dagen,7.0,0.0,2025-11-07,
000597040,"Cylinder, drive with guide",1,Critical,2.0,375.56,1.0,75.112,75.112,0.0148635848320513,94.30838941604478,B,0.0001486358483205,0.9430838941604476,2.0,2.0,2.0,1.0,Uitgeschakeld,000597040,231.52,Standard Approved,Festo B.V.,510-Cylinder," 115,76",0 dagen,8.0,0.0,2023-08-18,
000292892,"Cylinder, compact, flat",1,Critical,1.0,301.48,1.0,60.29600000000001,60.29600000000001,0.0119317114580009,96.13427428614818,C,0.00011931711458,0.9613427428614818,1.0,1.0,1.0,1.0,Uitgeschakeld,000292892,231.66,Custom Approved Racupack,Festo B.V.,510-Cylinder," 115,83",0 dagen,8.0,1.0,2021-10-08,
000433443,"Cylinder, compact, flat",1,Critical,1.0,187.5,1.0,37.5,37.5,0.0074207108211993,98.057454083368,C,7.420710821199362e-05,0.98057454083368,1.0,1.0,1.0,1.0,Uitgeschakeld,000433443,231.66,Custom Approved,Festo B.V.,510-Cylinder," 115,83",0 dagen,8.0,1.0,2023-10-25,
000298596,"Conveyor belt, welded",3,Wear,4.0,1344.6,3.0,268.92,89.64,0.0177384671469949,91.83349028602684,B,0.0001773846714699,0.9183349028602684,4.0,1.333333333333333,2.0,3.0,Uitgeschakeld,000298596,232.51,Custom Approved,YONGLI Nederland Wormer B.V.,350-Conveyor," 63,78",0 dagen,7.0,1.0,2023-01-05,
000308432,"Cylinder, compact, flat",1,Critical,1.0,206.42,1.0,41.284,41.284,0.0081695100144638,97.79066394306246,C,8.169510014463852e-05,0.9779066394306244,1.0,1.0,1.0,1.0,Uitgeschakeld,000308432,233.5,Custom Approved,Festo B.V.,510-Cylinder," 116,75",0 dagen,8.0,1.0,2024-11-15,
000432726,Toothed belt endless,3,Wear,3.0,626.4200000000001,3.0,125.284,41.76133333333334,0.0082639674179834,97.73323341644202,C,8.263967417983477e-05,0.9773323341644202,3.0,1.0,1.0,3.0,Uitgeschakeld,000432726,233.96,Standard Approved,YONGLI Nederland Wormer B.V.,360-Drive belt," 116,98",0 dagen,3.0,1.0,2026-02-11,
SIG_MDM 021,moduulDrager 2 as-mod MDD 100 serie,Onbekend,Onbekend,4.0,789.88,4.0,157.976,39.494,0.0078152947512652,97.93486596563132,C,7.81529475126527e-05,0.9793486596563132,4.0,1.0,1.0,4.0,Uitgeschakeld,SIG_MDM 021,238.34,Standard approved,Sigma Control B.V.,630-Automation," 119,17",0 dagen,15.0,1.0,2024-05-13,
000489333,Toothed belt endless,3,Wear,4.0,702.83,4.0,140.566,35.1415,0.0069539975819513,98.17994264035092,C,6.953997581951398e-05,0.9817994264035091,4.0,1.0,1.0,4.0,Uitgeschakeld,000489333,238.5,Custom Approved,Ammertech B.V.,360-Drive belt," 116,87",35 dagen,3.0,12.0,2025-01-31,
000258351,Toothed belt endless,3,Wear,1.0,374.41,1.0,74.882,74.882,0.0148180711390146,94.38259414962933,B,0.0001481807113901,0.9438259414962932,1.0,1.0,1.0,1.0,Uitgeschakeld,000258351,239.38,Custom Approved,Ammertech B.V.,360-Drive belt," 119,69",0 dagen,3.0,1.0,2021-09-27,
SIG_SDM 081,Safety 6xDI & 2xDO,Onbekend,Onbekend,4.0,792.96,2.0,158.592,79.296,0.0156915382740753,93.69790029517756,B,0.0001569153827407,0.9369790029517756,4.0,2.0,2.0,2.0,Uitgeschakeld,SIG_SDM 081,239.68,Standard approved,Sigma Control B.V.,630-Automation," 119,84",0 dagen,15.0,1.0,2025-02-28,
CON_C300-012-00024,"Frequency inverter  0,37kW 1PN FS1",1,Critical,10.0,2754.6,9.0,550.92,61.21333333333333,0.012113238535156,96.01382635418186,C,0.0001211323853515,0.9601382635418184,10.0,1.111111111111111,2.0,9.0,Uitgeschakeld,CON_C300-012-00024,240.0,Custom Approved,Nidec Netherlands B.V.,610-Motor control," 120,00",0 dagen,10.0,0.0,2024-12-06,
000678457,"Conveyor belt, welded",3,Wear,1.0,240.46,1.0,48.092,48.092,0.0095167153283498,97.2883307150274,C,9.51671532834986e-05,0.972883307150274,1.0,1.0,1.0,1.0,Uitgeschakeld,000678457,240.46,Custom Approved,YONGLI Nederland Wormer B.V.,350-Conveyor," 65,96",0 dagen,7.0,0.0,2026-01-19,
000659508,"Conveyor belt, welded",3,Wear,2.0,1017.28,2.0,203.456,101.728,0.0201305085445058,89.4606493559484,B,0.000201305085445,0.8946064935594841,2.0,1.0,1.0,2.0,Uitgeschakeld,000659508,241.28,Custom Approved,YONGLI Nederland Wormer B.V.,350-Conveyor," 66,19",0 dagen,7.0,0.0,2024-01-11,
000306316,Timing belt magazijn,3,Wear,3.0,2076.21,3.0,415.242,138.414,0.0273901404694797,84.1434850101492,B,0.0002739014046947,0.841434850101492,3.0,1.0,1.0,3.0,Uitgeschakeld,000306316,241.3,Custom approved Racupack,Ammertech B.V.,360-Drive belt," 118,24",0 dagen,3.0,1.0,2024-12-06,
000758876,"Conveyor belt, welded",3,Wear,1.0,203.49,1.0,40.698,40.698,0.0080535490400312,97.86351913628276,C,8.053549040031244e-05,0.9786351913628276,1.0,1.0,1.0,1.0,Uitgeschakeld,000758876,241.31,Custom Approved,YONGLI Nederland Wormer B.V.,350-Conveyor," 65,22",0 dagen,7.0,0.0,2025-01-28,
000491837,"Conveyor belt, welded",3,Wear,3.0,813.27,1.0,162.654,162.654,0.0321868879443029,80.77476306811316,B,0.000321868879443,0.8077476306811316,3.0,3.0,3.0,1.0,Uitgeschakeld,000491837,241.5,Custom Approved,YONGLI Nederland Wormer B.V.,350-Conveyor," 65,27",0 dagen,7.0,0.0,2026-02-13,
000562653,"Cylinder, drive with guide",1,Critical,1.0,213.99,1.0,42.798,42.798,0.0084691088460184,97.67472356034436,C,8.469108846018409e-05,0.9767472356034436,1.0,1.0,1.0,1.0,Uitgeschakeld,000562653,242.06,Custom Approved,Festo B.V.,510-Cylinder," 121,03",0 dagen,8.0,0.0,2024-08-27,
KOPTREVSETBOTTOM,Revision Set,1,Critical,1.0,201.96,1.0,40.392,40.392,0.0079929960397302,97.87951462687208,C,7.992996039730258e-05,0.9787951462687208,1.0,1.0,1.0,1.0,Geselecteerd,KOPTREVSETBOTTOM,243.04,Custom approved,Pacoma Europe B.V.,801-Case closer/erector," 121,52",21 dagen,8.0,1.0,2022-04-20,
BELTENDL-00000043,"Conveyor belt, welded",3,Wear,42.0,21480.47,28.0,4296.094,153.4319285714286,0.0303619726044663,81.80504671691811,B,0.0003036197260446,0.8180504671691812,42.0,1.5,4.0,28.0,Uitgeschakeld,BELTENDL-00000043,243.65,Standard Approved,YONGLI Nederland Wormer B.V.,350-Conveyor," 67,50",0 dagen,7.0,1.0,2026-03-10,
000611081,"Conveyor belt, welded",3,Wear,1.0,195.81,1.0,39.162,39.162,0.0077495967247949,97.97376958629692,C,7.749596724794918e-05,0.9797376958629692,1.0,1.0,1.0,1.0,Uitgeschakeld,000611081,243.83,Custom Approved,YONGLI Nederland Wormer B.V.,350-Conveyor," 65,90",0 dagen,7.0,0.0,2023-12-08,
BELTRVS-00000016,"Conveyor belt, fastener",3,Wear,2.0,551.46,1.0,110.292,110.292,0.0218252010104458,88.05670107804397,B,0.0002182520101044,0.8805670107804398,2.0,2.0,2.0,1.0,Uitgeschakeld,BELTRVS-00000016,243.95,Custom Approved,YONGLI Nederland Wormer B.V.,350-Conveyor," 65,93",0 dagen,7.0,1.0,2022-03-24,
CON_C300-012-00042,"Frequency inverter  0,75kW 1PN FS1",1,Critical,10.0,2177.0,8.0,435.4,54.425,0.010769924971834,96.7600078697748,C,0.0001076992497183,0.967600078697748,10.0,1.25,2.0,8.0,Uitgeschakeld,CON_C300-012-00042,244.0,Custom Approved,Nidec Netherlands B.V.,610-Motor control," 122,00",0 dagen,10.0,0.0,2025-08-22,
BELTENDL-00000346,"Transport belt endless, VLV welded",3,Wear,3.0,1776.54,1.0,355.308,355.308,0.0703103445455654,55.96607621878247,A,0.0007031034454556,0.5596607621878247,3.0,3.0,3.0,1.0,Uitgeschakeld,BELTENDL-00000346,244.8,Custom approved,YONGLI Nederland Wormer B.V.,350-Conveyor," 66,16",0 dagen,7.0,1.0,2022-04-06,
FOTOSICWTB8P2211,"Photocell, diffused-reflective",2,Critical,9.0,2006.99,9.0,401.398,44.59977777777778,0.0088256547620971,97.55392784027488,C,8.825654762097132e-05,0.9755392784027488,9.0,1.0,1.0,9.0,Uitgeschakeld,FOTOSICWTB8P2211,244.8,Standard Approved,Sick B.V.,660-Sensor and lighting," 122,40",0 dagen,10.0,1.0,2025-11-25,
000790350,"Photocell, diffused-reflective",2,Critical,1.0,208.08,1.0,41.616,41.616,0.0082352080409342,97.74146862448296,C,8.235208040934204e-05,0.9774146862448296,1.0,1.0,1.0,1.0,Uitgeschakeld,000790350,244.8,Custom Approved,Sick B.V.,660-Sensor and lighting," 122,40",0 dagen,10.0,0.0,2025-05-15,
000271541,Toothed belt endless,3,Wear,3.0,1082.55,2.0,216.51,108.255,0.0214221079986383,88.35921520546309,B,0.0002142210799863,0.8835921520546308,3.0,1.5,2.0,2.0,Uitgeschakeld,000271541,244.92,Custom Approved,Ammertech B.V.,360-Drive belt," 120,01",0 dagen,3.0,1.0,2024-12-06,
000239200,"Conveyor belt, welded",3,Wear,1.0,813.48,1.0,162.696,162.696,0.0321951991404227,80.74257618016885,B,0.0003219519914042,0.8074257618016886,1.0,1.0,1.0,1.0,Uitgeschakeld,000239200,245.39,Custom Approved,YONGLI Nederland Wormer B.V.,350-Conveyor," 66,32",0 dagen,7.0,1.0,2022-04-26,
BELTENDL-00000184,"Conveyor belt, welded",3,Wear,14.0,10450.8,3.0,2090.16,696.7199999999999,0.1378708704892272,33.4251306272327,A,0.0013787087048922,0.3342513062723271,14.0,4.666666666666667,9.0,3.0,Uitgeschakeld,BELTENDL-00000184,246.98,Custom Approved,YONGLI Nederland Wormer B.V.,350-Conveyor," 66,75",0 dagen,7.0,1.0,2025-12-11,
000619581,"Conveyor belt, welded",3,Wear,1.0,247.86,1.0,49.572,49.572,0.0098095860487598,97.19211824281936,C,9.809586048759862e-05,0.9719211824281936,1.0,1.0,1.0,1.0,Uitgeschakeld,000619581,247.86,Custom Approved,YONGLI Nederland Wormer B.V.,350-Conveyor," 69,69",0 dagen,5.0,0.0,2026-03-26,
000701570,"Conveyor belt, welded",3,Wear,1.0,399.17,1.0,79.834,79.834,0.0157980007386568,93.58786104798028,B,0.0001579800073865,0.9358786104798028,1.0,1.0,1.0,1.0,Uitgeschakeld,000701570,248.34,Custom Approved,YONGLI Nederland Wormer B.V.,350-Conveyor," 67,12",0 dagen,7.0,0.0,2023-12-19,
000760005,"Conveyor belt, welded",3,Wear,1.0,412.71,1.0,82.542,82.542,0.0163338750027583,93.05825162019362,B,0.0001633387500275,0.9305825162019362,1.0,1.0,1.0,1.0,Uitgeschakeld,000760005,248.38,Custom Approved,YONGLI Nederland Wormer B.V.,350-Conveyor," 68,81",0 dagen,7.0,0.0,2025-03-03,
CILDFES32000PA80,"Cylinder, drive with guide",1,Critical,2.0,444.22,2.0,88.84400000000001,44.422,0.0087904750959818,97.57152937057153,C,8.790475095981816e-05,0.9757152937057152,2.0,1.0,1.0,2.0,Uitgeschakeld,CILDFES32000PA80,248.52,Custom Approved,Festo B.V.,510-Cylinder," 124,26",0 dagen,8.0,1.0,2025-09-24,
ENCIHEIERKABEL15M,Encoder cable,3,Critical,4.0,825.81,4.0,165.162,41.29049999999999,0.0081707962710061,97.782494433048,C,8.170796271006193e-05,0.9778249443304798,4.0,1.0,1.0,4.0,Uitgeschakeld,ENCIHEIERKABEL15M,249.2,Custom approved,Heidenhain Nederland B.V.,660-Sensor and lighting," 124,60",60 dagen,10.0,1.0,2025-08-13,
CON_C300-022-00024,"Frequency inverter  0,37kW 1PN FS2",1,Critical,73.0,20291.87,50.0,4058.374,81.16748,0.0160618772577462,93.3493588556457,B,0.0001606187725774,0.933493588556457,73.0,1.46,9.0,50.0,Uitgeschakeld,CON_C300-022-00024,250.0,Standard Approved,Nidec Netherlands B.V.,610-Motor control," 125,00",0 dagen,10.0,0.0,2026-05-04,
000268310,"Cylinder, drive with guide",1,Critical,2.0,394.44,2.0,78.888,39.444,0.0078054004701703,97.95047686551447,C,7.805400470170338e-05,0.9795047686551448,2.0,1.0,1.0,2.0,Uitgeschakeld,000268310,250.84,Standard Approved,Festo B.V.,510-Cylinder," 129,09",0 dagen,8.0,1.0,2023-01-05,
LEN_I55-1F.37-STO,"Frequency inverter i55 0,37kW 1P+STO",1,Critical,21.0,6125.04,17.0,1225.008,72.05929411764706,0.0142594982300483,94.78847563912905,B,0.0001425949823004,0.9478847563912904,21.0,1.235294117647059,3.0,17.0,Geselecteerd,LEN_I55-1F.37-STO,251.58,Custom approved,Lenze B.V.,610-Motor control," 125,79",3 dagen,10.0,1.0,2024-08-16,
000486193,"Hotmelt, nozzle",1,Critical,6.0,1331.05,2.0,266.21,133.105,0.0263395657028197,84.97854434398116,B,0.0002633956570281,0.8497854434398115,6.0,3.0,4.0,2.0,Uitgeschakeld,000486193,251.84,Standard Approved,Nordson Benelux B.V.,670-Hotmelt," 128,12",5 dagen,5.0,1.0,2026-04-14,
000361305,"Conveyor belt, welded",3,Wear,4.0,992.77,2.0,198.554,99.277,0.0196454908852322,89.89935467039636,B,0.0001964549088523,0.8989935467039637,4.0,2.0,2.0,2.0,Uitgeschakeld,000361305,252.38,Custom Approved Racupack,YONGLI Nederland Wormer B.V.,350-Conveyor," 69,23",0 dagen,7.0,1.0,2025-12-30,
000282658,"Conveyor belt, welded",3,Wear,2.0,802.36,2.0,160.472,80.236,0.01587755075866,93.47707517833156,B,0.0001587755075866,0.9347707517833156,2.0,1.0,1.0,2.0,Uitgeschakeld,000282658,254.45,Custom Approved,YONGLI Nederland Wormer B.V.,350-Conveyor," 68,77",0 dagen,7.0,1.0,2024-07-02,
BELTENDL-00000730,"Conveyor belt, welded",3,Wear,11.0,6461.88,7.0,1292.376,184.6251428571429,0.0365346612124127,77.42577418485284,A,0.0003653466121241,0.7742577418485284,11.0,1.571428571428571,3.0,7.0,Uitgeschakeld,BELTENDL-00000730,254.53,Custom Approved,YONGLI Nederland Wormer B.V.,350-Conveyor," 68,79",0 dagen,7.0,1.0,2025-10-20,
000317100,"Conveyor belt, welded",3,Wear,3.0,1276.84,3.0,255.368,85.12266666666666,0.0168445518310047,92.59400083851313,B,0.00016844551831,0.9259400083851312,3.0,1.0,1.0,3.0,Uitgeschakeld,000317100,256.04,Custom Approved Racupack,YONGLI Nederland Wormer B.V.,350-Conveyor," 70,24",0 dagen,7.0,1.0,2026-02-16,
000463584,"Conveyor belt, welded",3,Wear,4.0,1772.9,2.0,354.58,177.29,0.0350831419064116,78.78644281758328,A,0.0003508314190641,0.7878644281758328,4.0,2.0,3.0,2.0,Uitgeschakeld,000463584,256.08,Custom Approved,YONGLI Nederland Wormer B.V.,350-Conveyor," 72,01",0 dagen,7.0,0.0,2026-04-15,
000286182,"Conveyor belt, welded",3,Wear,6.0,3229.06,1.0,645.812,645.812,0.1277969092496107,36.32367030056044,A,0.0012779690924961,0.3632367030056044,6.0,6.0,6.0,1.0,Uitgeschakeld,000286182,256.53,Custom Approved,YONGLI Nederland Wormer B.V.,350-Conveyor," 69,33",0 dagen,7.0,1.0,2025-02-21,
000553275,"Conveyor belt, welded VLV",3,Wear,1.0,196.22,1.0,39.244,39.244,0.0077658233457906,97.96601998957212,C,7.765823345790608e-05,0.9796601998957212,1.0,1.0,1.0,1.0,Uitgeschakeld,000553275,256.53,Custom Approved,YONGLI Nederland Wormer B.V.,350-Conveyor," 69,33",0 dagen,7.0,0.0,2024-10-16,
LEN_I55-1F.25-STO,"Frequency inverter i55 0,25kW 1P+STO",1,Critical,4.0,750.65,2.0,150.13,75.065,0.0148542842078221,94.3232437002526,B,0.0001485428420782,0.943232437002526,4.0,2.0,3.0,2.0,Geselecteerd,LEN_I55-1F.25-STO,256.72,Custom approved,Lenze B.V.,610-Motor control," 128,36",3 dagen,10.0,1.0,2024-05-13,
CILDFES50025PAGF,"Cylinder, drive with guide",1,Critical,2.0,425.0599999999999,2.0,85.01199999999999,42.50599999999999,0.008411326244424,97.6915877328346,C,8.411326244424002e-05,0.976915877328346,2.0,1.0,1.0,2.0,Uitgeschakeld,CILDFES50025PAGF,256.9,Custom Approved,Festo B.V.,510-Cylinder," 128,45",21 dagen,8.0,1.0,2024-05-15,
KOPTREVSETTOP,Revision Set,1,Critical,5.0,4326.33,4.0,865.266,216.3165,0.0428059251294392,72.75881172720601,A,0.0004280592512943,0.7275881172720601,5.0,1.25,2.0,4.0,Uitgeschakeld,KOPTREVSETTOP,257.62,Custom approved,Pacoma Europe B.V.,801-Case closer/erector," 128,81",21 dagen,8.0,1.0,2025-06-03,
BANTWELMGC021201-,"Conveyor belt, welded",3,Wear,64.0,31002.78,32.0,6200.556,193.767375,0.0383437775055438,76.18791155462229,A,0.0003834377750554,0.7618791155462229,64.0,2.0,10.0,32.0,Uitgeschakeld,BANTWELMGC021201-,258.12,Standard Approved,YONGLI Nederland Wormer B.V.,350-Conveyor," 71,50",14 dagen,7.0,1.0,2026-04-27,
000439316,"Conveyor belt, welded",3,Wear,1.0,429.38,1.0,85.876,85.876,0.0169936256661684,92.54335702669056,B,0.0001699362566616,0.9254335702669058,1.0,1.0,1.0,1.0,Uitgeschakeld,000439316,258.15,Custom Approved,YONGLI Nederland Wormer B.V.,350-Conveyor," 69,77",0 dagen,7.0,1.0,2021-12-22,
000581687,Toothed belt endless,3,Wear,1.0,798.57,1.0,159.714,159.714,0.0316051042159209,81.06266062601642,B,0.0003160510421592,0.8106266062601643,1.0,1.0,1.0,1.0,Uitgeschakeld,000581687,258.56,Custom Approved,Ammertech B.V.,360-Drive belt," 129,28",0 dagen,3.0,0.0,2023-01-06,
000587686,"Conveyor belt, welded",3,Wear,1.0,207.82,1.0,41.564,41.564,0.0082249179885954,97.74969354247156,C,8.224917988595474e-05,0.9774969354247156,1.0,1.0,1.0,1.0,Uitgeschakeld,000587686,258.78,Custom Approved,YONGLI Nederland Wormer B.V.,350-Conveyor," 69,94",0 dagen,7.0,0.0,2022-12-29,
000348814,"Conveyor belt, fastener",3,Wear,7.0,1344.32,1.0,268.864,268.864,0.0532043198461585,66.11197006883606,A,0.0005320431984615,0.6611197006883606,7.0,7.0,7.0,1.0,Uitgeschakeld,000348814,259.26,Custom Approved,YONGLI Nederland Wormer B.V.,350-Conveyor," 70,07",0 dagen,7.0,1.0,2024-12-06,
BELTENDL-00000478,"Conveyor belt, welded",3,Wear,3.0,598.53,1.0,119.706,119.706,0.0236880962549997,86.9261259300901,B,0.0002368809625499,0.8692612593009009,3.0,3.0,3.0,1.0,Uitgeschakeld,BELTENDL-00000478,259.26,Standard Approved,YONGLI Nederland Wormer B.V.,350-Conveyor," 71,12",0 dagen,7.0,1.0,2025-12-05,
SCHVGUAFRS2-4M,Security switch,2,Critical,15.0,3111.38,4.0,622.2760000000001,155.569,0.030784868313151,81.49949629153402,B,0.0003078486831315,0.8149949629153401,15.0,3.75,11.0,4.0,Uitgeschakeld,SCHVGUAFRS2-4M,259.86,Custom approved,Routeco B.V.,660-Sensor and lighting," 129,93",8 dagen,10.0,1.0,2026-02-18,
CYLIWGUI-00000004,"Cylinder, drive with guide",1,Critical,2.0,484.04,2.0,96.808,48.404,0.0095784556423822,97.25974050907703,C,9.578455642382236e-05,0.9725974050907704,2.0,1.0,1.0,2.0,Uitgeschakeld,CYLIWGUI-00000004,260.38,Custom Approved,Festo B.V.,510-Cylinder," 130,19",0 dagen,8.0,1.0,2026-05-04,
SICK_1044442,"Photocell, diffused-reflective",2,Critical,14.0,2944.86,14.0,588.972,42.06942857142857,0.0083249350357779,97.71668881723808,C,8.324935035777963e-05,0.9771668881723808,14.0,1.0,1.0,14.0,Uitgeschakeld,SICK_1044442,261.8,Standard Approved,Sick B.V.,660-Sensor and lighting," 135,15",0 dagen,10.0,1.0,2025-10-08,
000427806,"Conveyor belt, welded",3,Wear,3.0,1470.47,1.0,294.0939999999999,294.0939999999999,0.0581969740866614,62.87496881439244,A,0.0005819697408666,0.6287496881439244,3.0,3.0,3.0,1.0,Uitgeschakeld,000427806,261.85,Custom Approved,YONGLI Nederland Wormer B.V.,350-Conveyor," 70,77",0 dagen,7.0,1.0,2024-11-08,
BELTENDL-00000732,"Conveyor belt, welded",3,Wear,11.0,6660.45,8.0,1332.09,166.51125,0.0329501822593715,80.4173093610463,B,0.0003295018225937,0.8041730936104631,11.0,1.375,2.0,8.0,Uitgeschakeld,BELTENDL-00000732,262.19,Custom Approved,YONGLI Nederland Wormer B.V.,350-Conveyor," 70,86",0 dagen,7.0,1.0,2025-10-20,
OMR_R88ACAKA015SR,Servo Powercable 15m,3,Critical,2.0,929.14,2.0,185.828,92.91400000000002,0.0183863446730911,91.1502842278386,B,0.0001838634467309,0.911502842278386,2.0,1.0,1.0,2.0,Uitgeschakeld,OMR_R88ACAKA015SR,264.64,Standard Approved,Omron Electronics B.V.,600-Cable and wire," 132,32",0 dagen,10.0,0.0,2025-10-08,
000492282,"Conveyor belt, welded",3,Wear,3.0,1291.46,1.0,258.292,258.292,0.051112273051446,67.2024318927342,A,0.0005111227305144,0.6720243189273419,3.0,3.0,3.0,1.0,Uitgeschakeld,000492282,265.04,Custom Approved,YONGLI Nederland Wormer B.V.,350-Conveyor," 71,63",0 dagen,7.0,0.0,2024-04-02,
BELTENDL-00000578,"Transport belt endless, VLV welded",3,Wear,2.0,813.78,1.0,162.756,162.756,0.0322070722777366,80.71038098102844,B,0.0003220707227773,0.8071038098102843,2.0,2.0,2.0,1.0,Uitgeschakeld,BELTENDL-00000578,265.04,Custom approved,YONGLI Nederland Wormer B.V.,350-Conveyor," 71,63",0 dagen,7.0,1.0,2025-02-25,
000492075,"Cylinder, drive with guide",1,Critical,5.0,1018.96,4.0,203.792,50.948,0.0100818766644924,97.05306954957008,C,0.0001008187666449,0.9705306954957008,5.0,1.25,2.0,4.0,Uitgeschakeld,000492075,265.7,Standard Approved,Festo B.V.,510-Cylinder," 132,85",0 dagen,8.0,0.0,2025-10-08,
BELTENDL-00000172,"Conveyor belt, welded",3,Wear,1.0,200.09,1.0,40.018,40.018,0.0079189868171401,97.911259471318,C,7.918986817140162e-05,0.97911259471318,1.0,1.0,1.0,1.0,Uitgeschakeld,BELTENDL-00000172,266.18,Custom Approved,YONGLI Nederland Wormer B.V.,350-Conveyor," 71,94",0 dagen,7.0,1.0,2024-08-09,
REX_NFD03.1480016,Mains filter 16A 400Vac,2,Critical,28.0,6966.46,25.0,1393.292,55.73168,0.0110284981562565,96.62940758088163,C,0.0001102849815625,0.9662940758088164,28.0,1.12,3.0,25.0,Uitgeschakeld,REX_NFD03.1480016,266.72,Custom approved,Bosch Rexroth B.V.,610-Motor control," 137,09",15 dagen,10.0,1.0,2026-04-14,
000573637,"Conveyor belt, welded",3,Wear,1.0,204.2,1.0,40.84,40.84,0.0080816487983408,97.8473958115817,C,8.081648798340852e-05,0.978473958115817,1.0,1.0,1.0,1.0,Uitgeschakeld,000573637,266.99,Custom Approved,YONGLI Nederland Wormer B.V.,350-Conveyor," 72,16",0 dagen,7.0,0.0,2023-08-07,
BELTENDL-00000749,"Conveyor belt, welded",3,Wear,1.0,422.64,1.0,84.52799999999999,84.52799999999999,0.016726875847849,92.6947716376833,B,0.0001672687584784,0.926947716376833,1.0,1.0,1.0,1.0,Uitgeschakeld,BELTENDL-00000749,267.22,Custom Approved,YONGLI Nederland Wormer B.V.,350-Conveyor," 72,22",0 dagen,7.0,1.0,2021-09-01,
LEN_I55-1F.55-STO,"Frequency inverter i55 0,55kW 1P+STO",1,Critical,4.0,1138.03,4.0,227.606,56.9015,0.011259988714466,96.52933372813912,C,0.0001125998871446,0.9652933372813912,4.0,1.0,1.0,4.0,Uitgeschakeld,LEN_I55-1F.55-STO,267.62,Custom approved,Lenze B.V.,610-Motor control," 133,81",3 dagen,10.0,1.0,2025-01-16,
000260300,"Conveyor belt, welded",3,Wear,3.0,2111.99,1.0,422.398,422.398,0.0835864909187458,50.74890682260437,A,0.0008358649091874,0.5074890682260437,3.0,3.0,3.0,1.0,Uitgeschakeld,000260300,268.03,Custom Approved,YONGLI Nederland Wormer B.V.,350-Conveyor," 75,37",0 dagen,7.0,1.0,2026-04-28,
000541592,"Conveyor belt, welded",3,Wear,1.0,204.49,1.0,40.898,40.898,0.0080931261644109,97.81505156499088,C,8.093126164410974e-05,0.9781505156499086,1.0,1.0,1.0,1.0,Uitgeschakeld,000541592,268.03,Custom Approved,Ammeraal Beltech B.V.,350-Conveyor," 72,44",0 dagen,7.0,0.0,2022-05-17,
000649798,"Conveyor belt, welded",3,Wear,1.0,479.75,1.0,95.95,95.95,0.0189871254211754,90.5161205483442,B,0.0001898712542117,0.905161205483442,1.0,1.0,1.0,1.0,Uitgeschakeld,000649798,268.95,Custom Approved,YONGLI Nederland Wormer B.V.,350-Conveyor," 73,78",0 dagen,7.0,0.0,2025-11-07,
000397981,"Nad.schak. M12, PNP, conM12",Onbekend,Onbekend,1.0,183.49,1.0,36.698,36.698,0.0072620065524366,98.1090381577178,C,7.262006552436646e-05,0.981090381577178,1.0,1.0,1.0,1.0,Uitgeschakeld,000397981,269.06,Custom approved,Solar Nederland B.V.,660-Sensor and lighting," 134,53",0 dagen,10.0,1.0,2024-10-11,
000512159,"Conveyor belt, welded",3,Wear,1.0,204.24,1.0,40.848,40.848,0.008083231883316,97.83931416278335,C,8.083231883316041e-05,0.9783931416278336,1.0,1.0,1.0,1.0,Uitgeschakeld,000512159,269.07,Custom Approved,YONGLI Nederland Wormer B.V.,350-Conveyor," 72,72",0 dagen,7.0,0.0,2021-11-23,
000783665,"Conveyor belt, welded",3,Wear,1.0,224.11,1.0,44.822,44.822,0.0088696293447412,97.51855784311228,C,8.869629344741276e-05,0.9751855784311227,1.0,1.0,1.0,1.0,Uitgeschakeld,000783665,269.77,Custom Approved,YONGLI Nederland Wormer B.V.,350-Conveyor," 72,91",0 dagen,7.0,0.0,2025-05-15,
000764308,"Conveyor belt, welded",3,Wear,3.0,2220.53,1.0,444.1060000000001,444.1060000000001,0.0878821919989217,48.94685299664538,A,0.0008788219199892,0.4894685299664537,3.0,3.0,3.0,1.0,Uitgeschakeld,000764308,270.62,Custom Approved,YONGLI Nederland Wormer B.V.,350-Conveyor," 74,24",0 dagen,7.0,0.0,2026-02-13,
000606876,"Conveyor belt, welded",3,Wear,1.0,217.4,1.0,43.48,43.48,0.0086040668401532,97.61483604938978,C,8.604066840153288e-05,0.976148360493898,1.0,1.0,1.0,1.0,Uitgeschakeld,000606876,270.69,Custom Approved,YONGLI Nederland Wormer B.V.,350-Conveyor," 73,16",0 dagen,7.0,0.0,2024-09-05,
BELTENDL-00000933,"Conveyor belt, welded",3,Wear,2.0,449.98,2.0,89.99600000000001,44.998,0.0089044572141954,97.50079721277562,C,8.904457214195439e-05,0.9750079721277564,2.0,1.0,1.0,2.0,Uitgeschakeld,BELTENDL-00000933,270.81,Custom Approved,YONGLI Nederland Wormer B.V.,350-Conveyor," 73,19",0 dagen,7.0,1.0,2024-09-05,
BELTENDL-00000382,"Conveyor belt, welded",3,Wear,1.0,194.13,1.0,38.826,38.826,0.0076831071558369,97.9969079562943,C,7.683107155836971e-05,0.9799690795629428,1.0,1.0,1.0,1.0,Uitgeschakeld,BELTENDL-00000382,270.96,Custom Approved,YONGLI Nederland Wormer B.V.,350-Conveyor," 73,23",0 dagen,7.0,1.0,2023-12-05,
000309657,"Photocell, diffused-reflective",2,Critical,69.0,22712.73,55.0,4542.546,82.59174545454546,0.0163437189129677,93.02557437167826,B,0.0001634371891296,0.9302557437167824,69.0,1.254545454545455,3.0,55.0,Uitgeschakeld,000309657,271.0,Standard Approved,Sick B.V.,660-Sensor and lighting," 139,60",0 dagen,10.0,1.0,2026-04-22,
000574195,"Conveyor belt, welded",3,Wear,1.0,207.6,1.0,41.52,41.52,0.0082162110212319,97.76612919317417,C,8.216211021231934e-05,0.9776612919317416,1.0,1.0,1.0,1.0,Uitgeschakeld,000574195,271.43,Custom Approved,YONGLI Nederland Wormer B.V.,350-Conveyor," 73,36",0 dagen,7.0,0.0,2023-08-07,
BELTENDL-00000459,"Conveyor belt, welded",3,Wear,4.0,1048.47,1.0,209.694,209.694,0.0414954275984154,73.60105185284486,A,0.0004149542759841,0.7360105185284486,4.0,4.0,4.0,1.0,Uitgeschakeld,BELTENDL-00000459,272.44,Custom Approved,YONGLI Nederland Wormer B.V.,350-Conveyor," 73,63",0 dagen,7.0,1.0,2023-11-24,
000553903,"Conveyor belt, welded",3,Wear,13.0,4223.150000000001,6.0,844.6300000000001,140.7716666666667,0.0278566888040427,83.83973376469433,B,0.0002785668880404,0.8383973376469434,13.0,2.166666666666667,4.0,6.0,Uitgeschakeld,000553903,272.62,Standard Approved,YONGLI Nederland Wormer B.V.,350-Conveyor," 75,52",0 dagen,7.0,0.0,2026-04-02,
CILDFES40080PPAGF,"Cylinder, drive with guide",1,Critical,1.0,409.4,1.0,81.88,81.88,0.0162028747210614,93.1882048657844,B,0.0001620287472106,0.931882048657844,1.0,1.0,1.0,1.0,Uitgeschakeld,CILDFES40080PPAGF,272.88,Custom Approved,Festo B.V.,510-Cylinder," 136,44",0 dagen,8.0,1.0,2023-12-19,
000472688,"Air valve, soft-start/quick exhaust",2,Wear,38.0,9460.88,24.0,1892.176,78.84066666666666,0.0156014343542374,93.76038954032695,B,0.0001560143435423,0.9376038954032696,38.0,1.583333333333333,4.0,24.0,Uitgeschakeld,000472688,273.02,Standard Approved,Festo B.V.,500-Air supply," 136,51",0 dagen,10.0,10.0,2026-04-14,
BELTENDL-00000226,"Conveyor belt, welded",3,Wear,5.0,3077.19,3.0,615.438,205.146,0.0405954437900203,74.21606784728935,A,0.0004059544379002,0.7421606784728936,5.0,1.666666666666667,3.0,3.0,Uitgeschakeld,BELTENDL-00000226,273.62,Custom Approved,YONGLI Nederland Wormer B.V.,350-Conveyor," 75,80",0 dagen,7.0,1.0,2025-08-25,
BELTENDL-00000418,"Conveyor belt, welded",3,Wear,2.0,768.8299999999999,1.0,153.766,153.766,0.0304280805368677,81.71391406982858,B,0.0003042808053686,0.8171391406982857,2.0,2.0,2.0,1.0,Uitgeschakeld,BELTENDL-00000418,273.8,Custom Approved,YONGLI Nederland Wormer B.V.,350-Conveyor," 75,11",0 dagen,7.0,1.0,2024-06-06,
BANTWELMGC021206-,"Conveyor belt, welded",3,Wear,3.0,2273.64,2.0,454.728,227.364,0.0449920665373645,71.22016588602315,A,0.0004499206653736,0.7122016588602316,3.0,1.5,2.0,2.0,Uitgeschakeld,BANTWELMGC021206-,273.84,Standard Approved,YONGLI Nederland Wormer B.V.,350-Conveyor," 77,00",0 dagen,7.0,1.0,2026-03-12,
BELTRVS-00000007,"Transport belt endl., fastener (ss)",3,Wear,3.0,889.56,1.0,177.912,177.912,0.0352062267632325,78.68110992370873,A,0.0003520622676323,0.7868110992370873,3.0,3.0,3.0,1.0,Uitgeschakeld,BELTRVS-00000007,274.03,Custom approved,YONGLI Nederland Wormer B.V.,350-Conveyor," 74,06",0 dagen,7.0,1.0,2025-10-30,
CILDSMCMK2B40-20R,Double acting rotary clamp cylinder,1,Critical,2.0,504.22,1.0,100.844,100.844,0.0199555776547474,89.7210523491395,B,0.0001995557765474,0.897210523491395,2.0,2.0,2.0,1.0,Uitgeschakeld,CILDSMCMK2B40-20R,274.82,Custom approved,SMC Nederland B.V.,510-Cylinder," 137,41",21 dagen,8.0,1.0,2026-02-18,
CILDSMCMK2B40-20L,Clamb cylinder,1,Critical,2.0,472.35,1.0,94.47,94.47,0.0186942547007654,90.81747669295012,B,0.0001869425470076,0.9081747669295012,2.0,2.0,2.0,1.0,Uitgeschakeld,CILDSMCMK2B40-20L,274.82,Custom approved,SMC Nederland B.V.,510-Cylinder," 137,41",21 dagen,8.0,1.0,2024-08-29,
000724244,"Linear actuator, adjustment",1,Wear,9.0,3393.34,6.0,678.668,113.1113333333333,0.0223831065404521,87.68192874405432,B,0.0002238310654045,0.8768192874405432,9.0,1.5,4.0,6.0,Uitgeschakeld,000724244,274.9,Standard Approved,Linak Actuator-Systems B.V.,330-Linear motion," 137,45",0 dagen,10.0,0.0,2026-04-14,
BELTENDL-00000952,"Conveyor belt, welded",3,Wear,1.0,216.63,1.0,43.326,43.326,0.0085735924543808,97.64918523352458,C,8.573592454380895e-05,0.9764918523352458,1.0,1.0,1.0,1.0,Uitgeschakeld,BELTENDL-00000952,275.14,Standard Approved,YONGLI Nederland Wormer B.V.,350-Conveyor," 74,36",0 dagen,7.0,1.0,2022-08-02,
BELTENDL-00000921,"Transport belt endless, VLV welded",3,Wear,1.0,217.32,1.0,43.464,43.464,0.0086009006702029,97.62343695006,C,8.600900670202909e-05,0.9762343695006,1.0,1.0,1.0,1.0,Uitgeschakeld,BELTENDL-00000921,275.36,Custom approved,YONGLI Nederland Wormer B.V.,350-Conveyor," 74,42",0 dagen,7.0,1.0,2025-01-20,
BELTENDL-00000031,"Conveyor belt, welded",3,Wear,2.0,362.88,1.0,72.576,72.576,0.0143617468949164,94.64532005617396,B,0.0001436174689491,0.9464532005617398,2.0,2.0,2.0,1.0,Uitgeschakeld,BELTENDL-00000031,276.39,Custom Approved,YONGLI Nederland Wormer B.V.,350-Conveyor," 74,70",0 dagen,7.0,1.0,2021-12-13,
CILDFES50050PAGF,"Cylinder, drive with guide",1,Critical,3.0,860.03,3.0,172.006,57.33533333333333,0.011345838093433,96.48419908501118,C,0.0001134583809343,0.9648419908501118,3.0,1.0,1.0,3.0,Uitgeschakeld,CILDFES50050PAGF,276.48,Standard Approved,Festo B.V.,510-Cylinder," 138,24",21 dagen,8.0,1.0,2023-12-07,
000329856,"Conveyor belt, welded",3,Wear,1.0,204.33,1.0,40.866,40.866,0.0080867938245102,97.83123093090003,C,8.086793824510217e-05,0.9783123093090004,1.0,1.0,1.0,1.0,Uitgeschakeld,000329856,277.1,Custom Approved,YONGLI Nederland Wormer B.V.,350-Conveyor," 76,01",0 dagen,7.0,1.0,2024-07-18,
000408650,"Cylinder, drive with guide",1,Critical,1.0,555.16,1.0,111.032,111.032,0.0219716363706508,87.92523974923279,B,0.0002197163637065,0.8792523974923279,1.0,1.0,1.0,1.0,Uitgeschakeld,000408650,277.58,Custom Approved,Festo B.V.,510-Cylinder," 138,79",0 dagen,8.0,1.0,2026-03-26,
BELTENDL-00000306,"Transport belt endless, VLV welded",3,Wear,1.0,207.05,1.0,41.41,41.41,0.008194443602823,97.77432363677698,C,8.194443602823083e-05,0.9777432363677698,1.0,1.0,1.0,1.0,Uitgeschakeld,BELTENDL-00000306,277.69,Custom approved,YONGLI Nederland Wormer B.V.,350-Conveyor," 75,05",0 dagen,7.0,1.0,2024-08-09,
000719928,"Conveyor belt, welded",3,Wear,1.0,706.96,1.0,141.392,141.392,0.0279794438514938,83.61650146820075,B,0.0002797944385149,0.8361650146820075,1.0,1.0,1.0,1.0,Uitgeschakeld,000719928,278.09,Custom Approved,YONGLI Nederland Wormer B.V.,350-Conveyor," 77,04",0 dagen,7.0,0.0,2023-12-18,
000562225,"Cylinder, compact with guide",1,Critical,1.0,215.1,1.0,43.02,43.02,0.0085130394540799,97.66625445149832,C,8.513039454079907e-05,0.9766625445149832,1.0,1.0,1.0,1.0,Uitgeschakeld,000562225,278.26,Custom Approved,Festo B.V.,510-Cylinder," 139,13",0 dagen,8.0,0.0,2024-05-15,
000312047,"Photocell, through beam, receiver",2,Critical,1.0,219.41,1.0,43.882,43.882,0.0086836168601565,97.5976200002846,C,8.683616860156544e-05,0.975976200002846,1.0,1.0,1.0,1.0,Uitgeschakeld,000312047,278.8,Standard Approved,Sick B.V.,660-Sensor and lighting," 143,65",0 dagen,10.0,1.0,2023-09-06,
000629185,"Conveyor belt, welded",3,Wear,4.0,1158.82,3.0,231.764,77.25466666666667,0.0152875877579062,93.99173096396912,B,0.000152875877579,0.9399173096396912,4.0,1.333333333333333,2.0,3.0,Uitgeschakeld,000629185,278.94,Custom Approved,YONGLI Nederland Wormer B.V.,350-Conveyor," 77,27",0 dagen,7.0,0.0,2024-11-08,
000714714,"Conveyor belt, welded",3,Wear,1.0,211.83,1.0,42.366,42.366,0.0083836222573581,97.70836388220228,C,8.383622257358192e-05,0.977083638822023,1.0,1.0,1.0,1.0,Uitgeschakeld,000714714,279.13,Custom Approved,YONGLI Nederland Wormer B.V.,350-Conveyor," 78,48",0 dagen,7.0,0.0,2025-12-15,
BELTENDL-00000162,"Conveyor belt, welded",3,Wear,18.0,4146.61,14.0,829.3219999999999,59.2372857142857,0.0117222071231594,96.28785512842832,C,0.0001172220712315,0.9628785512842832,18.0,1.285714285714286,4.0,14.0,Uitgeschakeld,BELTENDL-00000162,279.61,Standard Approved,YONGLI Nederland Wormer B.V.,350-Conveyor," 75,57",0 dagen,7.0,1.0,2026-02-11,
000843814,"Conveyor belt, welded",3,Wear,1.0,0.0,1.0,0.0,0.0,0.0,100.0000000000002,C,0.0,1.000000000000002,1.0,1.0,1.0,1.0,Uitgeschakeld,000843814,280.94,Custom Approved,YONGLI Nederland Wormer B.V.,350-Conveyor," 75,93",0 dagen,7.0,0.0,2025-06-06,
000476143,"Motor, three-phase",1,Critical,10.0,2511.26,10.0,502.252,50.22519999999999,0.009938844936984,97.12310322363147,C,9.938844936984058e-05,0.9712310322363148,10.0,1.0,1.0,10.0,Uitgeschakeld,000476143,281.22,Standard Approved,SEW-Eurodrive B.V.,310-Electric motor," 145,49",0 dagen,10.0,0.0,2025-04-28,
BELTENDL-00000496,"Conveyor belt, welded",3,Wear,6.0,2151.92,1.0,430.384,430.384,0.0851668054952284,50.15646992176742,A,0.0008516680549522,0.5015646992176742,6.0,6.0,6.0,1.0,Uitgeschakeld,BELTENDL-00000496,281.32,Custom Approved,YONGLI Nederland Wormer B.V.,350-Conveyor," 77,93",0 dagen,7.0,1.0,2026-04-09,
BELTENDL-00000420,"Conveyor belt, welded",3,Wear,1.0,356.18,1.0,71.236,71.236,0.0140965801615722,94.88763544579749,B,0.0001409658016157,0.9488763544579748,1.0,1.0,1.0,1.0,Uitgeschakeld,BELTENDL-00000420,281.46,Custom Approved,YONGLI Nederland Wormer B.V.,350-Conveyor," 76,07",0 dagen,7.0,1.0,2024-06-06,
000434158,"Conveyor belt, welded",3,Wear,9.0,8841.779999999999,4.0,1768.356,442.0889999999999,0.0874830566995521,49.12187590321796,A,0.0008748305669955,0.4912187590321796,9.0,2.25,4.0,4.0,Uitgeschakeld,000434158,282.24,Custom Approved,YONGLI Nederland Wormer B.V.,350-Conveyor," 76,28",0 dagen,7.0,1.0,2025-04-08,
000249386,"Cylinder, drive with guide",1,Critical,2.0,499.64,2.0,99.928,49.964,0.0098871572125441,97.15280941741966,C,9.887157212544132e-05,0.9715280941741966,2.0,1.0,1.0,2.0,Uitgeschakeld,000249386,282.6,Standard Approved,Festo B.V.,510-Cylinder," 141,30",0 dagen,8.0,1.0,2024-10-03,
000589263,"Conveyor belt, welded",3,Wear,1.0,223.67,1.0,44.73399999999999,44.73399999999999,0.0088522154100141,97.5362668253016,C,8.852215410014193e-05,0.975362668253016,1.0,1.0,1.0,1.0,Uitgeschakeld,000589263,282.68,Custom Approved,YONGLI Nederland Wormer B.V.,350-Conveyor," 76,40",0 dagen,7.0,0.0,2023-08-18,
BELTENDL-00000016,"Conveyor belt, welded",3,Wear,51.0,25881.37,23.0,5176.273999999999,225.0553913043478,0.0445352260699048,71.62213768936864,A,0.000445352260699,0.7162213768936865,51.0,2.217391304347826,6.0,23.0,Uitgeschakeld,BELTENDL-00000016,283.31,Standard Approved,YONGLI Nederland Wormer B.V.,350-Conveyor," 78,48",0 dagen,7.0,1.0,2026-05-06,
KAV_KVP109H,VacuumpompMidi,Onbekend,Onbekend,6.0,2511.48,5.0,502.296,100.4592,0.0198794312674408,89.78075101263755,B,0.0001987943126744,0.8978075101263755,6.0,1.2,2.0,5.0,Uitgeschakeld,KAV_KVP109H,284.06,Standard approved,Astro Controls B.V.,560-Vacuum component," 142,03",0 dagen,10.0,1.0,2025-03-19,
BELTENDL-00000430,"Conveyor belt, welded",3,Wear,8.0,2314.59,2.0,462.918,231.459,0.0458024081590395,70.81157174827476,A,0.0004580240815903,0.7081157174827476,8.0,4.0,6.0,2.0,Uitgeschakeld,BELTENDL-00000430,285.83,Custom Approved,YONGLI Nederland Wormer B.V.,350-Conveyor," 77,25",0 dagen,7.0,1.0,2026-01-16,
000614259,"Conveyor belt, welded",3,Wear,1.0,25.02,1.0,5.004,5.004,0.0009902196519808,99.95016801252802,C,9.902196519808428e-06,0.9995016801252802,1.0,1.0,1.0,1.0,Uitgeschakeld,000614259,286.57,Custom Approved,YONGLI Nederland Wormer B.V.,350-Conveyor," 77,45",0 dagen,7.0,0.0,2024-09-10,
CILDFES40100PAGF,"Cylinder, drive with guide",1,Critical,1.0,516.76,1.0,103.352,103.352,0.0204518747944692,89.15639300059046,B,0.0002045187479446,0.8915639300059046,1.0,1.0,1.0,1.0,Uitgeschakeld,CILDFES40100PAGF,287.08,Custom Approved,Festo B.V.,510-Cylinder," 143,54",0 dagen,8.0,1.0,2025-07-09,
LEN_I5DAE137F1AV10000S,"Frequency inverter i55 0,37kW 3P+STO",1,Critical,5.0,1498.9,4.0,299.78,74.94500000000001,0.0148305379331943,94.3677760784903,B,0.0001483053793319,0.943677760784903,5.0,1.25,2.0,4.0,Uitgeschakeld,LEN_I5DAE137F1AV10000S,287.38,Custom Approved,Lenze B.V.,610-Motor control," 143,69",0 dagen,10.0,0.0,2025-04-09,
LEN_I55-1F.25-ETC,"Frequency inverter i55 0,25kW 1P+STO+ETC",1,Critical,1.0,254.1,1.0,50.82,50.82,0.0100565473048893,97.07319135114724,C,0.0001005654730488,0.9707319135114724,1.0,1.0,1.0,1.0,Geselecteerd,LEN_I55-1F.25-ETC,287.44,Custom approved,Lenze B.V.,610-Motor control," 143,72",3 dagen,10.0,1.0,2023-08-04,
000818082,"Conveyor belt, welded",3,Wear,1.0,266.24,1.0,53.248,53.248,0.0105370135948593,96.8983841243115,C,0.0001053701359485,0.9689838412431152,1.0,1.0,1.0,1.0,Uitgeschakeld,000818082,287.82,Custom Approved,YONGLI Nederland Wormer B.V.,350-Conveyor," 77,79",0 dagen,7.0,0.0,2025-11-25,
CON_C300-022-00042,"Frequency inverter  0,75kW 1PN FS2",1,Critical,46.0,11606.45,36.0,2321.29,64.48027777777777,0.0127597198682532,95.66844236026488,C,0.0001275971986825,0.9566844236026488,46.0,1.277777777777778,5.0,36.0,Uitgeschakeld,CON_C300-022-00042,288.0,Standard Approved,Nidec Netherlands B.V.,610-Motor control," 144,00",0 dagen,10.0,0.0,2026-04-23,
000675126,"Conveyor belt, welded",3,Wear,2.0,1030.66,1.0,206.132,206.132,0.0407905590132124,74.1347982012318,A,0.0004079055901321,0.741347982012318,2.0,2.0,2.0,1.0,Uitgeschakeld,000675126,288.9,Custom Approved,YONGLI Nederland Wormer B.V.,350-Conveyor," 81,23",0 dagen,7.0,0.0,2025-11-03,
BELTENDL-00000550,"Conveyor belt, welded",3,Wear,11.0,2593.57,1.0,518.7139999999999,518.7139999999999,0.1026460424775361,44.22009107010027,A,0.0010264604247753,0.4422009107010026,11.0,11.0,11.0,1.0,Uitgeschakeld,BELTENDL-00000550,289.34,Custom Approved,YONGLI Nederland Wormer B.V.,350-Conveyor," 78,20",0 dagen,7.0,1.0,2025-11-07,
BELTENDL-00000078,"Transport belt endless, VLV welded",3,Wear,3.0,1163.07,1.0,232.614,232.614,0.0460309660523325,70.53632927272035,A,0.0004603096605233,0.7053632927272036,3.0,3.0,3.0,1.0,Uitgeschakeld,BELTENDL-00000078,290.86,Custom approved,YONGLI Nederland Wormer B.V.,350-Conveyor," 79,79",0 dagen,7.0,1.0,2025-09-24,
BELTENDL-00000423,"Conveyor belt, welded",3,Wear,2.0,1304.43,1.0,260.886,260.886,0.0516255883546511,66.79182542771066,A,0.0005162558835465,0.6679182542771066,2.0,2.0,2.0,1.0,Uitgeschakeld,BELTENDL-00000423,291.08,Custom Approved,YONGLI Nederland Wormer B.V.,350-Conveyor," 78,67",0 dagen,7.0,1.0,2024-08-16,
000665430,"Conveyor belt, welded",3,Wear,1.0,0.0,1.0,0.0,0.0,0.0,100.0000000000002,C,0.0,1.000000000000002,1.0,1.0,1.0,1.0,Uitgeschakeld,000665430,291.15,Custom Approved,YONGLI Nederland Wormer B.V.,350-Conveyor," 78,69",0 dagen,7.0,0.0,2023-02-13,
000507651,"Conveyor belt, welded",3,Wear,6.0,1898.43,1.0,379.686,379.686,0.0751344002362107,53.84476371406986,A,0.0007513440023621,0.5384476371406985,6.0,6.0,6.0,1.0,Uitgeschakeld,000507651,291.34,Custom Approved,YONGLI Nederland Wormer B.V.,350-Conveyor," 78,74",0 dagen,7.0,0.0,2024-07-04,
BELTENDL-00000973,"Transport belt endless, VLV welded",3,Wear,1.0,460.14,1.0,92.028,92.028,0.0182110180120889,91.20504092081144,B,0.0001821101801208,0.9120504092081144,1.0,1.0,1.0,1.0,Uitgeschakeld,BELTENDL-00000973,292.08,Custom approved,YONGLI Nederland Wormer B.V.,350-Conveyor," 78,94",0 dagen,7.0,1.0,2022-06-17,
000416469,Photocell,2,Critical,1.0,239.1,1.0,47.82,47.82,0.0094628904391934,97.3262446455103,C,9.462890439193428e-05,0.9732624464551032,1.0,1.0,1.0,1.0,Uitgeschakeld,000416469,292.4,Custom approved,Sick B.V.,660-Sensor and lighting," 146,20",0 dagen,10.0,1.0,2025-08-13,
BELTENDL-00000167,"Conveyor belt, welded",3,Wear,4.0,1346.89,4.0,269.378,67.3445,0.0133265082639536,95.34348166089706,C,0.0001332650826395,0.9534348166089706,4.0,1.0,1.0,4.0,Uitgeschakeld,BELTENDL-00000167,292.42,Standard Approved,YONGLI Nederland Wormer B.V.,350-Conveyor," 79,03",0 dagen,7.0,1.0,2023-08-03,
BELTRVS-00000008,"Transport belt endl., fastener (ss)",3,Wear,1.0,216.19,1.0,43.238,43.238,0.0085561785196538,97.65774141204425,C,8.556178519653814e-05,0.9765774141204424,1.0,1.0,1.0,1.0,Uitgeschakeld,BELTRVS-00000008,292.82,Custom approved,YONGLI Nederland Wormer B.V.,350-Conveyor," 79,14",0 dagen,7.0,1.0,2022-10-07,
BELTENDL-00000468,"Transport belt endless, VLV welded",3,Wear,2.0,436.71,1.0,87.34200000000001,87.34200000000001,0.0172837259878718,92.23463333291618,B,0.0001728372598787,0.9223463333291616,2.0,2.0,2.0,1.0,Uitgeschakeld,BELTENDL-00000468,293.19,Custom approved,YONGLI Nederland Wormer B.V.,350-Conveyor," 79,24",0 dagen,7.0,1.0,2024-07-10,
SIE_6ES7211-1AE40,"Compact CPU, 6DI/4DO onboard",Onbekend,Onbekend,2.0,507.83,1.0,101.566,101.566,0.0200984510737582,89.50085892277573,B,0.0002009845107375,0.8950085892277573,2.0,2.0,2.0,1.0,Uitgeschakeld,SIE_6ES7211-1AE40,294.8,Custom approved,Solar Nederland B.V.,630-Automation," 147,40",21 dagen,10.0,1.0,2023-04-27,
000573618,"Conveyor belt, welded",3,Wear,1.0,226.95,1.0,45.39,45.39,0.0089820283779797,97.47395679856378,C,8.982028377979708e-05,0.9747395679856378,1.0,1.0,1.0,1.0,Uitgeschakeld,000573618,296.74,Custom Approved,YONGLI Nederland Wormer B.V.,350-Conveyor," 80,20",0 dagen,7.0,0.0,2023-08-07,
LEN_I550.25STO-PN,"Frequency inverter i55 0,25kW 1P+STO+PN",1,Critical,1.0,262.73,1.0,52.54600000000001,52.54600000000001,0.0103980978882864,96.9611411746692,C,0.0001039809788828,0.969611411746692,1.0,1.0,1.0,1.0,Geselecteerd,LEN_I550.25STO-PN,297.2,Custom approved,Lenze B.V.,610-Motor control," 148,60",2 dagen,10.0,1.0,2022-04-29,
000625136,"Conveyor belt, welded",3,Wear,1.0,494.58,1.0,98.916,98.916,0.0195740541757268,89.97768927690993,B,0.0001957405417572,0.8997768927690993,1.0,1.0,1.0,1.0,Uitgeschakeld,000625136,297.67,Custom Approved,YONGLI Nederland Wormer B.V.,350-Conveyor," 82,46",0 dagen,7.0,0.0,2025-03-03,
BELTENDL-00000731,"Conveyor belt, welded",3,Wear,11.0,7556.849999999999,7.0,1511.37,215.91,0.0427254846241374,72.80153721183015,A,0.0004272548462413,0.7280153721183015,11.0,1.571428571428571,3.0,7.0,Uitgeschakeld,BELTENDL-00000731,297.97,Custom Approved,YONGLI Nederland Wormer B.V.,350-Conveyor," 80,53",0 dagen,7.0,1.0,2025-10-20,
000365353,"Conveyor belt, fastener",3,Wear,1.0,1013.24,1.0,202.648,202.648,0.0401011255065175,74.61938031425161,A,0.0004010112550651,0.7461938031425162,1.0,1.0,1.0,1.0,Uitgeschakeld,000365353,298.96,Custom Approved,YONGLI Nederland Wormer B.V.,350-Conveyor," 80,80",0 dagen,7.0,1.0,2025-08-18,
000806219,"Conveyor belt, welded",3,Wear,1.0,266.64,1.0,53.328,53.328,0.0105528444446111,96.88784711071663,C,0.0001055284444461,0.9688784711071664,1.0,1.0,1.0,1.0,Uitgeschakeld,000806219,298.96,Custom Approved,YONGLI Nederland Wormer B.V.,350-Conveyor," 82,01",0 dagen,7.0,0.0,2025-12-16,
000545802,"Conveyor belt, welded",3,Wear,2.0,488.08,1.0,97.616,97.616,0.0193168028672585,90.13332671430445,B,0.0001931680286725,0.9013332671430444,2.0,2.0,2.0,1.0,Uitgeschakeld,000545802,299.0,Custom Approved,YONGLI Nederland Wormer B.V.,350-Conveyor," 80,81",0 dagen,7.0,0.0,2025-11-18,
000251322,"Conveyor belt, welded",3,Wear,4.0,1229.31,2.0,245.862,122.931,0.0243262773856229,86.46982098643612,B,0.0002432627738562,0.8646982098643612,4.0,2.0,3.0,2.0,Uitgeschakeld,000251322,299.82,Custom Approved,YONGLI Nederland Wormer B.V.,350-Conveyor," 81,03",0 dagen,7.0,1.0,2025-09-17,
000625447,"Cylinder, standard",1,Critical,3.0,865.55,3.0,173.11,57.70333333333333,0.0114186600022917,96.45012489592897,C,0.0001141866000229,0.9645012489592896,3.0,1.0,1.0,3.0,Uitgeschakeld,000625447,300.12,Custom Approved,Festo B.V.,510-Cylinder," 150,06",0 dagen,8.0,0.0,2026-04-23,
BELTENDL-00000744,"Conveyor belt, welded",3,Wear,1.0,2025.52,1.0,405.104,405.104,0.0801642569736305,52.1444673873959,A,0.0008016425697363,0.521444673873959,1.0,1.0,1.0,1.0,Uitgeschakeld,BELTENDL-00000744,300.26,Standard Approved,YONGLI Nederland Wormer B.V.,350-Conveyor," 84,43",0 dagen,7.0,1.0,2023-05-25,
CYLIWGUI-00000005,"Cylinder, drive with guide",1,Critical,2.0,472.82,2.0,94.564,47.282,0.0093564279746119,97.36379296734007,C,9.356427974611953e-05,0.9736379296734008,2.0,1.0,1.0,2.0,Uitgeschakeld,CYLIWGUI-00000005,301.38,Custom Approved,Festo B.V.,510-Cylinder," 150,69",0 dagen,8.0,1.0,2025-12-16,
000314095,"Conveyor belt, welded",3,Wear,2.0,950.85,1.0,190.17,190.17,0.0376319087164662,76.79610895687254,A,0.0003763190871646,0.7679610895687254,2.0,2.0,2.0,1.0,Uitgeschakeld,000314095,301.89,Custom Approved,YONGLI Nederland Wormer B.V.,350-Conveyor," 84,88",0 dagen,7.0,1.0,2026-05-05,
REX_NFE02.1-230-0,Mains filter 8A 230Vac,2,Critical,31.0,8125.6,29.0,1625.12,56.03862068965518,0.0110892373055149,96.59629168326592,C,0.0001108923730551,0.9659629168326592,31.0,1.068965517241379,2.0,29.0,Uitgeschakeld,REX_NFE02.1-230-0,302.88,Custom approved,Bosch Rexroth B.V.,610-Motor control," 155,68",15 dagen,10.0,1.0,2026-05-05,
000658524,"Conveyor belt, welded",3,Wear,1.0,249.85,1.0,49.97,49.97,0.0098883445262755,97.14292226020711,C,9.888344526275524e-05,0.9714292226020712,1.0,1.0,1.0,1.0,Uitgeschakeld,000658524,303.7,Custom Approved,Ammeraal Beltech B.V.,350-Conveyor," 82,08",0 dagen,7.0,0.0,2024-07-30,
000340432,"Conveyor belt, welded",3,Wear,2.0,412.95,1.0,82.59,82.59,0.0163433735126094,93.04191774519086,B,0.000163433735126,0.9304191774519086,2.0,2.0,2.0,1.0,Uitgeschakeld,000340432,303.92,Custom Approved,YONGLI Nederland Wormer B.V.,350-Conveyor," 82,14",0 dagen,7.0,1.0,2025-03-12,
000591180,"Conveyor belt, welded",3,Wear,1.0,244.58,1.0,48.916,48.916,0.0096797730807943,97.22130043548076,C,9.679773080794349e-05,0.9722130043548076,1.0,1.0,1.0,1.0,Uitgeschakeld,000591180,304.55,Custom Approved,YONGLI Nederland Wormer B.V.,350-Conveyor," 82,31",0 dagen,7.0,0.0,2022-11-03,
MOTBMOE6.3-10,"Load feeder 6,3-10A",2,Critical,1.0,236.3,1.0,47.26000000000001,47.26000000000001,0.0093520744909301,97.37314504183102,C,9.352074490930184e-05,0.9737314504183102,1.0,1.0,1.0,1.0,Uitgeschakeld,MOTBMOE6.3-10,305.34,Custom approved,Solar Nederland B.V.,"699-Electro part, Miscellaneous"," 152,67",21 dagen,10.0,1.0,2024-03-20,
BELTENDL-00000286,"Conveyor belt, welded",3,Wear,3.0,2798.39,1.0,559.678,559.678,0.1107522290929924,41.88788536629436,A,0.0011075222909299,0.4188788536629436,3.0,3.0,3.0,1.0,Uitgeschakeld,BELTENDL-00000286,310.36,Custom Approved,YONGLI Nederland Wormer B.V.,350-Conveyor," 85,98",0 dagen,7.0,1.0,2025-08-26,
000384953,"Conveyor belt, welded",3,Wear,3.0,797.22,1.0,159.444,159.444,0.0315516750980083,81.12580948990548,B,0.00031551675098,0.8112580948990548,3.0,3.0,3.0,1.0,Uitgeschakeld,000384953,311.54,Custom Approved,YONGLI Nederland Wormer B.V.,350-Conveyor," 85,46",0 dagen,7.0,1.0,2026-02-25,
000758933,"Transport belt endless, VLV welded",3,Wear,1.0,263.48,1.0,52.69600000000001,52.69600000000001,0.0104277807315712,96.95074307678092,C,0.0001042778073157,0.9695074307678092,1.0,1.0,1.0,1.0,Uitgeschakeld,000758933,312.47,Custom Approved,YONGLI Nederland Wormer B.V.,350-Conveyor," 84,45",0 dagen,7.0,0.0,2024-12-06,
000516540,"Conveyor belt, welded",3,Wear,1.0,246.95,1.0,49.39,49.39,0.0097735708655743,97.20189181368492,C,9.773570865574308e-05,0.9720189181368492,1.0,1.0,1.0,1.0,Uitgeschakeld,000516540,312.91,Custom Approved,YONGLI Nederland Wormer B.V.,350-Conveyor," 84,57",0 dagen,7.0,0.0,2023-02-06,
000240513,"Transport belt endless, VLV welded",3,Wear,1.0,467.2,1.0,93.44,93.44,0.0184904325102098,90.96615106300506,B,0.000184904325102,0.9096615106300504,1.0,1.0,1.0,1.0,Uitgeschakeld,000240513,316.21,Custom approved,YONGLI Nederland Wormer B.V.,350-Conveyor," 85,46",0 dagen,7.0,1.0,2022-09-06,
000518020,"Conveyor belt, welded",3,Wear,18.0,5959.719999999999,13.0,1191.944,91.688,0.0181437369006433,91.29587437897536,B,0.0001814373690064,0.9129587437897536,18.0,1.384615384615385,3.0,13.0,Uitgeschakeld,000518020,316.21,Standard Approved,YONGLI Nederland Wormer B.V.,350-Conveyor," 87,60",0 dagen,7.0,0.0,2026-01-09,
000563988,"Air valve, soft-start/quick exhaust",2,Wear,6.0,1861.52,5.0,372.304,74.46079999999999,0.0147347217150709,94.4416853292642,B,0.0001473472171507,0.944416853292642,6.0,1.2,2.0,5.0,Uitgeschakeld,000563988,316.36,Standard Approved,Festo B.V.,500-Air supply," 158,18",0 dagen,10.0,0.0,2026-04-14,
000621347,"Conveyor belt, welded",3,Wear,1.0,240.17,1.0,48.034,48.034,0.0095052379622797,97.29783595298969,C,9.505237962279736e-05,0.9729783595298968,1.0,1.0,1.0,1.0,Uitgeschakeld,000621347,316.46,Custom Approved,YONGLI Nederland Wormer B.V.,350-Conveyor," 85,53",0 dagen,7.0,0.0,2023-11-30,
000514181,"Conveyor belt, welded",3,Wear,2.0,1518.15,1.0,303.63,303.63,0.0600840113770869,61.27983174917308,A,0.0006008401137708,0.6127983174917307,2.0,2.0,2.0,1.0,Uitgeschakeld,000514181,317.76,Standard Approved,YONGLI Nederland Wormer B.V.,350-Conveyor," 85,88",0 dagen,7.0,0.0,2026-01-21,
BELTENDL-00000859,"Conveyor belt, welded",3,Wear,1.0,487.38,1.0,97.476,97.476,0.0192890988801927,90.19122488110204,B,0.0001928909888019,0.9019122488110204,1.0,1.0,1.0,1.0,Uitgeschakeld,BELTENDL-00000859,318.32,Custom Approved,YONGLI Nederland Wormer B.V.,350-Conveyor," 86,03",0 dagen,7.0,1.0,2021-09-01,
000557987,"Conveyor belt, welded",3,Wear,5.0,1685.74,1.0,337.148,337.148,0.0667167416518859,57.67524785669175,A,0.0006671674165188,0.5767524785669175,5.0,5.0,5.0,1.0,Uitgeschakeld,000557987,318.39,Custom Approved,YONGLI Nederland Wormer B.V.,350-Conveyor," 89,52",0 dagen,7.0,0.0,2026-03-25,
000492278,"Conveyor belt, welded",3,Wear,2.0,1015.52,1.0,203.104,203.104,0.0401913613501033,74.49902984095405,A,0.000401913613501,0.7449902984095405,2.0,2.0,2.0,1.0,Uitgeschakeld,000492278,318.72,Custom Approved,YONGLI Nederland Wormer B.V.,350-Conveyor," 86,14",0 dagen,7.0,0.0,2024-04-02,
000570296,"Photocell, retro-reflective",2,Critical,3.0,1345.0,1.0,269.0,269.0,0.0532312322907367,66.0587657489899,A,0.0005323123229073,0.660587657489899,3.0,3.0,3.0,1.0,Uitgeschakeld,000570296,319.6,Custom Approved,Sick B.V.,660-Sensor and lighting," 159,80",0 dagen,10.0,0.0,2024-07-01,
000562032,"Photocell, diffused-reflective",2,Critical,1.0,270.51,1.0,54.102,54.102,0.0107060079159607,96.81367799654409,C,0.0001070600791596,0.9681367799654408,1.0,1.0,1.0,1.0,Uitgeschakeld,000562032,319.6,Custom Approved,Sick B.V.,660-Sensor and lighting," 159,80",0 dagen,10.0,0.0,2022-06-30,
000255003,Fotocel,2,Critical,16.0,3475.54,14.0,695.108,49.65057142857142,0.0098251342047661,97.17249748763686,C,9.825134204766185e-05,0.9717249748763686,16.0,1.142857142857143,2.0,14.0,Uitgeschakeld,000255003,319.6,Standard Approved,Omron Electronics B.V.,660-Sensor and lighting," 78,00",0 dagen,10.0,1.0,2025-09-24,
000230067,"Conveyor belt, welded",3,Wear,5.0,1970.74,3.0,394.148,131.3826666666667,0.0259987407000363,85.1875946308915,B,0.0002599874070003,0.8518759463089149,5.0,1.666666666666667,3.0,3.0,Uitgeschakeld,000230067,320.46,Custom Approved,YONGLI Nederland Wormer B.V.,350-Conveyor," 86,61",0 dagen,7.0,1.0,2025-11-25,
000631917,"Safety sensor, other",1,Critical,5.0,1641.28,4.0,328.256,82.064,0.0162392856754907,93.10712363011956,B,0.0001623928567549,0.9310712363011956,5.0,1.25,2.0,4.0,Uitgeschakeld,000631917,321.02,Custom Approved,Omron Electronics B.V.,660-Sensor and lighting," 114,65",119 dagen,10.0,0.0,2026-05-21,
BANTWELMGC021501-,"Conveyor belt, welded",3,Wear,46.0,17766.28,20.0,3553.256,177.6628,0.0351569136662554,78.71626683737499,A,0.0003515691366625,0.7871626683737498,46.0,2.3,9.0,20.0,Uitgeschakeld,BANTWELMGC021501-,321.16,Standard Approved,YONGLI Nederland Wormer B.V.,350-Conveyor," 88,97",14 dagen,7.0,1.0,2026-04-15,
000286331,"Conveyor belt, welded",3,Wear,11.0,8459.76,1.0,1691.952,1691.952,0.3348129737426641,10.97393827514053,A,0.0033481297374266,0.1097393827514053,11.0,11.0,11.0,1.0,Uitgeschakeld,000286331,322.39,Custom Approved,YONGLI Nederland Wormer B.V.,350-Conveyor," 87,13",0 dagen,7.0,1.0,2024-10-18,
SIG_SCP 111,"Safety CPU CAN-BUS, Mini-USB",Onbekend,Onbekend,27.0,12225.92,20.0,2445.184,122.2592,0.0241933378248313,86.63969534447527,B,0.0002419333782483,0.8663969534447528,27.0,1.35,4.0,20.0,Uitgeschakeld,SIG_SCP 111,322.6,Standard Approved,Sigma Control B.V.,630-Automation," 132,27",0 dagen,10.0,0.0,2026-04-28,
000342205,"Photocell, diffused-reflective",2,Critical,2.0,3406.07,1.0,681.214,681.214,0.1348024560360667,33.83303483216548,A,0.0013480245603606,0.3383303483216548,2.0,2.0,2.0,1.0,Uitgeschakeld,000342205,323.0,Standard Approved,Sick B.V.,660-Sensor and lighting," 161,50",0 dagen,10.0,1.0,2024-09-16,
000621204,"Conveyor belt, welded",3,Wear,6.0,2905.15,5.0,581.03,116.206,0.0229954965783544,87.18224058354616,B,0.0002299549657835,0.8718224058354617,6.0,1.2,2.0,5.0,Uitgeschakeld,000621204,323.23,Custom Approved,YONGLI Nederland Wormer B.V.,350-Conveyor," 89,54",0 dagen,7.0,0.0,2026-05-05,
BELTENDL-00000822,"Conveyor belt, welded",3,Wear,1.0,242.49,1.0,48.498,48.498,0.0095970568908407,97.25016205343468,C,9.597056890840712e-05,0.9725016205343467,1.0,1.0,1.0,1.0,Uitgeschakeld,BELTENDL-00000822,323.35,Custom Approved,YONGLI Nederland Wormer B.V.,350-Conveyor," 87,39",0 dagen,7.0,1.0,2024-12-12,
000501189,"Conveyor belt, welded",3,Wear,1.0,242.93,1.0,48.586,48.586,0.0096144708255677,97.24056499654384,C,9.614470825567792e-05,0.9724056499654384,1.0,1.0,1.0,1.0,Uitgeschakeld,000501189,323.98,Custom Approved,YONGLI Nederland Wormer B.V.,350-Conveyor," 87,56",0 dagen,7.0,0.0,2023-06-26,
CILDNOR40050RA#B,Double acting cylinder,1,Critical,5.0,7698.68,5.0,1539.736,307.9472,0.0609383231839478,60.73596438709075,A,0.0006093832318394,0.6073596438709075,5.0,1.0,1.0,5.0,Uitgeschakeld,CILDNOR40050RA#B,324.84,Custom approved,Norgren B.V.,510-Cylinder," 162,42",25 dagen,8.0,1.0,2026-01-22,
BELTENDL-00000408,"Conveyor belt, welded",3,Wear,3.0,1191.05,1.0,238.21,238.21,0.0471383339924773,69.55952058810905,A,0.0004713833399247,0.6955952058810906,3.0,3.0,3.0,1.0,Uitgeschakeld,BELTENDL-00000408,326.64,Custom Approved,YONGLI Nederland Wormer B.V.,350-Conveyor," 89,60",0 dagen,7.0,1.0,2026-03-05,
RIETAMMHTD8MEGPA#,Toothed belt endless,3,Wear,4.0,1863.24,3.0,372.648,124.216,0.0245805604097626,86.2988850116126,B,0.0002458056040976,0.8629888501161259,4.0,1.333333333333333,2.0,3.0,Uitgeschakeld,RIETAMMHTD8MEGPA#,327.32,Custom Approved,Ammertech B.V.,360-Drive belt," 163,66",21 dagen,3.0,1.0,2026-04-27,
BELTRVS-00000011,"Transport belt endl., fastener (ss)",3,Wear,8.0,3138.47,1.0,627.694,627.694,0.124211617552051,37.57969217577164,A,0.0012421161755205,0.3757969217577164,8.0,8.0,8.0,1.0,Uitgeschakeld,BELTRVS-00000011,327.38,Custom approved,YONGLI Nederland Wormer B.V.,350-Conveyor," 92,06",0 dagen,7.0,1.0,2026-03-18,
000411087,"Safety sensor, switch magnet",1,Critical,20.0,10296.87,16.0,2059.374,128.710875,0.0254700315444943,85.64983065493894,B,0.0002547003154449,0.8564983065493894,20.0,1.25,2.0,16.0,Uitgeschakeld,000411087,327.4,Custom Approved,Omron Electronics B.V.,660-Sensor and lighting," 163,70",0 dagen,10.0,1.0,2026-01-16,
000475358,"Conveyor belt, fastener",3,Wear,1.0,272.13,1.0,54.426,54.426,0.0107701228574559,96.74923794480296,C,0.0001077012285745,0.9674923794480296,1.0,1.0,1.0,1.0,Uitgeschakeld,000475358,328.38,Custom Approved,YONGLI Nederland Wormer B.V.,350-Conveyor," 88,75",0 dagen,7.0,0.0,2022-03-24,
CILDNOR40080RA#B,Double acting cylinder,1,Critical,4.0,5129.889999999999,4.0,1025.978,256.4945,0.0507565736460831,67.456740543062,A,0.0005075657364608,0.67456740543062,4.0,1.0,1.0,4.0,Uitgeschakeld,CILDNOR40080RA#B,330.0,Custom approved,Norgren B.V.,510-Cylinder," 165,00",25 dagen,8.0,1.0,2024-03-28,
000500802,"Conveyor belt, welded",3,Wear,2.0,535.77,1.0,107.154,107.154,0.0212042359289279,88.61478923094924,B,0.0002120423592892,0.8861478923094924,2.0,2.0,2.0,1.0,Uitgeschakeld,000500802,331.23,Custom Approved,YONGLI Nederland Wormer B.V.,350-Conveyor," 89,52",0 dagen,7.0,0.0,2025-06-10,
000390595,"Conveyor belt, welded",3,Wear,1.0,253.19,1.0,50.638,50.638,0.0100205321217038,97.09323294308562,C,0.000100205321217,0.9709323294308564,1.0,1.0,1.0,1.0,Uitgeschakeld,000390595,331.3,Custom Approved,YONGLI Nederland Wormer B.V.,350-Conveyor," 90,88",0 dagen,7.0,1.0,2024-02-02,
000515200,"Conveyor belt, welded",3,Wear,1.0,300.33,1.0,60.066,60.066,0.0118861977649642,96.16996834054652,C,0.0001188619776496,0.9616996834054652,1.0,1.0,1.0,1.0,Uitgeschakeld,000515200,332.01,Custom Approved,YONGLI Nederland Wormer B.V.,350-Conveyor," 89,73",0 dagen,7.0,0.0,2021-11-24,
000781054,"Conveyor belt, welded",3,Wear,2.0,567.0799999999999,1.0,113.416,113.416,0.0224433956932572,87.61471069216029,B,0.0002244339569325,0.8761471069216029,2.0,2.0,2.0,1.0,Uitgeschakeld,000781054,332.59,Custom Approved,YONGLI Nederland Wormer B.V.,350-Conveyor," 91,24",0 dagen,7.0,0.0,2026-02-03,
000572532,"Conveyor belt, welded",3,Wear,1.0,267.82,1.0,53.564,53.564,0.0105995454513792,96.84559694735631,C,0.0001059954545137,0.9684559694735632,1.0,1.0,1.0,1.0,Uitgeschakeld,000572532,333.48,Custom Approved,YONGLI Nederland Wormer B.V.,350-Conveyor," 90,13",0 dagen,7.0,0.0,2022-06-08,
000583104,"Conveyor belt, welded",3,Wear,3.0,830.51,3.0,166.102,55.36733333333333,0.0109563991895365,96.662324534847,C,0.0001095639918953,0.96662324534847,3.0,1.0,1.0,3.0,Uitgeschakeld,000583104,333.59,Custom Approved,YONGLI Nederland Wormer B.V.,350-Conveyor," 90,16",0 dagen,7.0,0.0,2024-04-22,
BELTENDL-00000100,"Conveyor belt, welded",3,Wear,8.0,4423.76,2.0,884.7520000000001,442.376,0.087539849873037,49.03439284651841,A,0.0008753984987303,0.4903439284651841,8.0,4.0,7.0,2.0,Uitgeschakeld,BELTENDL-00000100,334.0,Custom Approved,YONGLI Nederland Wormer B.V.,350-Conveyor," 92,53",0 dagen,7.0,1.0,2026-04-02,
REX_NFD03.1-480-0,Mains filter 30A 400Vac,2,Critical,4.0,768.55,4.0,153.71,38.42749999999999,0.0076042497355103,98.02745211653696,C,7.60424973551036e-05,0.9802745211653696,4.0,1.0,1.0,4.0,Uitgeschakeld,REX_NFD03.1-480-0,334.04,Custom approved,Bosch Rexroth B.V.,610-Motor control," 171,70",21 dagen,10.0,1.0,2024-05-31,
000747738,"Vision, lighting MiniMatrix 9x14",1,Critical,1.0,1478.31,1.0,295.662,295.662,0.0585072587417985,62.7001018416899,A,0.0005850725874179,0.627001018416899,1.0,1.0,1.0,1.0,Uitgeschakeld,000747738,334.46,Custom Approved,Lumitronix  Led-Technik GmbH,660-Sensor and lighting," 167,23",0 dagen,5.0,1.0,2024-12-02,
000718651,"Conveyor belt, welded",3,Wear,1.0,251.91,1.0,50.382,50.382,0.0099698734024977,97.10320281648812,C,9.969873402497767e-05,0.9710320281648812,1.0,1.0,1.0,1.0,Uitgeschakeld,000718651,336.92,Custom Approved,YONGLI Nederland Wormer B.V.,350-Conveyor," 93,34",0 dagen,7.0,0.0,2024-12-20,
000545369,"Conveyor belt, welded, extra grip",3,Wear,1.0,690.96,1.0,138.192,138.192,0.0273462098614182,84.25293119413766,B,0.0002734620986141,0.8425293119413766,1.0,1.0,1.0,1.0,Uitgeschakeld,000545369,338.11,Custom Approved,Ammeraal Beltech B.V.,350-Conveyor," 91,38",0 dagen,7.0,0.0,2024-10-30,
000636771,"Conveyor belt, welded",3,Wear,5.0,1408.46,1.0,281.692,281.692,0.0557427966038744,64.53153694787225,A,0.0005574279660387,0.6453153694787226,5.0,5.0,5.0,1.0,Uitgeschakeld,000636771,338.22,Custom Approved,YONGLI Nederland Wormer B.V.,350-Conveyor," 92,78",0 dagen,7.0,0.0,2025-12-11,
000521899,"Conveyor belt, welded",3,Wear,5.0,1943.82,4.0,388.764,97.191,0.0192327014779516,90.21045758258,B,0.0001923270147795,0.9021045758258,5.0,1.25,2.0,4.0,Uitgeschakeld,000521899,338.85,Standard Approved,YONGLI Nederland Wormer B.V.,350-Conveyor," 93,87",0 dagen,7.0,0.0,2025-05-12,
000531291,"Motor, stepper",2,Critical,1.0,137.7,1.0,27.54,27.54,0.0054497700270888,98.65131623874116,C,5.449770027088811e-05,0.9865131623874116,1.0,1.0,1.0,1.0,Uitgeschakeld,000531291,340.0,Custom Approved,ATB Automation,310-Electric motor," 170,00",0 dagen,10.0,0.0,2021-10-01,
BELTENDL-00000716,"Conveyor belt, welded",3,Wear,2.0,1707.0,1.0,341.4,341.4,0.0675581513161989,57.20554431833986,A,0.0006755815131619,0.5720554431833986,2.0,2.0,2.0,1.0,Uitgeschakeld,BELTENDL-00000716,341.37,Custom Approved,YONGLI Nederland Wormer B.V.,350-Conveyor," 93,64",0 dagen,7.0,1.0,2025-10-15,
000276330,"Conveyor belt, welded",3,Wear,2.0,543.1,2.0,108.62,54.31,0.0107471681253156,96.7815200157314,C,0.0001074716812531,0.967815200157314,2.0,1.0,1.0,2.0,Uitgeschakeld,000276330,342.03,Custom Approved,YONGLI Nederland Wormer B.V.,350-Conveyor," 92,44",0 dagen,7.0,1.0,2026-02-19,
000355979,"Conveyor belt, welded",3,Wear,1.0,270.6,1.0,54.12,54.12,0.0107095698571549,96.8029719886281,C,0.0001070956985715,0.9680297198862812,1.0,1.0,1.0,1.0,Uitgeschakeld,000355979,342.03,Standard Approved,YONGLI Nederland Wormer B.V.,350-Conveyor," 92,44",0 dagen,7.0,1.0,2024-09-05,
CILDNORM6028180,Rotary vane actuator,Onbekend,Onbekend,2.0,2032.79,1.0,406.558,406.558,0.0804519826678712,52.06430313042226,A,0.0008045198266787,0.5206430313042226,2.0,2.0,2.0,1.0,Uitgeschakeld,CILDNORM6028180,342.52,Custom approved,Norgren B.V.,510-Cylinder," 171,26",25 dagen,8.0,1.0,2022-07-15,
000423291,"Conveyor belt, welded",3,Wear,3.0,859.46,1.0,171.892,171.892,0.0340149553194026,79.58092822716583,A,0.000340149553194,0.7958092822716583,3.0,3.0,3.0,1.0,Uitgeschakeld,000423291,342.99,Custom Approved,YONGLI Nederland Wormer B.V.,350-Conveyor," 94,09",0 dagen,7.0,1.0,2026-02-25,
BELTENDL-00000246,"Conveyor belt, welded",3,Wear,26.0,27070.86,4.0,5414.172,1353.543,0.267846698321564,16.70227591585038,A,0.0026784669832156,0.1670227591585038,26.0,6.5,8.0,4.0,Uitgeschakeld,BELTENDL-00000246,343.88,Custom Approved,YONGLI Nederland Wormer B.V.,350-Conveyor," 95,26",0 dagen,7.0,1.0,2026-04-16,
000190781,"ADN-16-50-I-P-A, Ultralight",Onbekend,Onbekend,50.0,124035.69,7.0,24807.138,3543.876857142857,0.7012822758079462,5.105068680550497,A,0.0070128227580794,0.0510506868055049,50.0,7.142857142857143,36.0,7.0,Uitgeschakeld,000190781,344.07,Custom Approved,BPA Construction,170-Purchase parts with machining," 92,99",0 dagen,2.0,100.0,2026-05-08,
CILDNOR80400PRA#A,Double acting cylinder,1,Critical,1.0,348.11,1.0,69.622,69.622,0.0137771927678277,95.15259734023876,C,0.0001377719276782,0.9515259734023878,1.0,1.0,1.0,1.0,Uitgeschakeld,CILDNOR80400PRA#A,344.78,Custom approved,Norgren B.V.,510-Cylinder," 172,39",25 dagen,8.0,1.0,2022-09-12,
000567253,"Conveyor belt, fastener",3,Wear,3.0,980.35,1.0,196.07,196.07,0.0387994338856682,75.80238607565481,A,0.0003879943388566,0.758023860756548,3.0,3.0,3.0,1.0,Uitgeschakeld,000567253,344.8,Standard Approved,YONGLI Nederland Wormer B.V.,350-Conveyor," 96,95",0 dagen,7.0,0.0,2026-04-17,
SCHVGUAFRS2-10M,Security switch,2,Critical,4.0,2082.42,4.0,416.484,104.121,0.0206040488377093,89.0333973242231,B,0.000206040488377,0.890333973242231,4.0,1.0,1.0,4.0,Uitgeschakeld,SCHVGUAFRS2-10M,345.18,Custom approved,Routeco B.V.,660-Sensor and lighting," 172,59",21 dagen,10.0,1.0,2025-09-24,
BELTENDL-00000409,"Conveyor belt, welded",3,Wear,6.0,1751.05,1.0,350.21,350.21,0.0693015236451261,56.5922354680659,A,0.0006930152364512,0.565922354680659,6.0,6.0,6.0,1.0,Uitgeschakeld,BELTENDL-00000409,345.4,Custom Approved,YONGLI Nederland Wormer B.V.,350-Conveyor," 93,35",0 dagen,7.0,1.0,2026-01-16,
BANTWELMGC021506-,"Conveyor belt, welded",3,Wear,1.0,273.44,1.0,54.688,54.688,0.0108219688903933,96.73846782194552,C,0.0001082196889039,0.9673846782194552,1.0,1.0,1.0,1.0,Uitgeschakeld,BANTWELMGC021506-,345.58,Standard Approved,YONGLI Nederland Wormer B.V.,350-Conveyor," 95,74",0 dagen,7.0,1.0,2022-12-23,
000694693,"Cylinder, drive with guide",1,Critical,1.0,305.62,1.0,61.124,61.124,0.012095560752933,96.0501260968917,C,0.0001209556075293,0.960501260968917,1.0,1.0,1.0,1.0,Uitgeschakeld,000694693,345.72,Custom Approved,Festo B.V.,510-Cylinder," 172,86",0 dagen,8.0,0.0,2024-05-24,
000850280,"Sensor, position",2,Critical,1.0,691.6,1.0,138.32,138.32,0.0273715392210212,84.19823600401611,B,0.0002737153922102,0.8419823600401611,1.0,1.0,1.0,1.0,Uitgeschakeld,000850280,345.8,Custom Approved,Balluff GmbH,660-Sensor and lighting," 172,90",0 dagen,10.0,0.0,2025-11-27,
BELTENDL-00000228,"Conveyor belt, welded",3,Wear,6.0,3816.02,2.0,763.204,381.602,0.0755135490877685,53.69428151374278,A,0.0007551354908776,0.5369428151374278,6.0,3.0,4.0,2.0,Uitgeschakeld,BELTENDL-00000228,345.81,Custom Approved,YONGLI Nederland Wormer B.V.,350-Conveyor," 97,23",0 dagen,7.0,1.0,2026-05-06,
DRUMDRIV-00000020,"Conveyor roller, drum",3,Wear,2.0,596.01,1.0,119.202,119.202,0.0235883619015628,86.97337587157332,B,0.0002358836190156,0.8697337587157332,2.0,2.0,2.0,1.0,Uitgeschakeld,DRUMDRIV-00000020,345.99,Custom Approved,YONGLI Nederland Wormer B.V.,350-Conveyor," 93,51",0 dagen,11.0,1.0,2025-11-10,
BELTENDL-00000108,"Conveyor belt, welded",3,Wear,2.0,2146.28,1.0,429.256,429.256,0.0849435905137267,50.41167964427454,A,0.0008494359051372,0.5041167964427454,2.0,2.0,2.0,1.0,Uitgeschakeld,BELTENDL-00000108,346.84,Custom Approved,YONGLI Nederland Wormer B.V.,350-Conveyor," 93,74",0 dagen,7.0,1.0,2022-09-27,
000393058,"Conveyor belt, welded",3,Wear,1.0,273.75,1.0,54.75,54.75,0.010834237798951,96.71681676028234,C,0.0001083423779895,0.9671681676028234,1.0,1.0,1.0,1.0,Uitgeschakeld,000393058,347.36,Custom Approved,Ammeraal Beltech B.V.,350-Conveyor," 93,88",0 dagen,7.0,1.0,2023-10-25,
BELTENDL-00000137,"Conveyor belt, welded",3,Wear,11.0,4464.05,7.0,892.8100000000001,127.5442857142857,0.0252391802981904,85.77648289198173,B,0.0002523918029819,0.8577648289198173,11.0,1.571428571428571,4.0,7.0,Uitgeschakeld,BELTENDL-00000137,348.47,Standard Approved,YONGLI Nederland Wormer B.V.,350-Conveyor," 96,53",0 dagen,7.0,1.0,2026-02-06,
000760013,"Conveyor belt, welded",3,Wear,1.0,581.57,1.0,116.314,116.314,0.0230168682255195,87.1592450869678,B,0.0002301686822551,0.8715924508696781,1.0,1.0,1.0,1.0,Uitgeschakeld,000760013,350.02,Custom Approved,YONGLI Nederland Wormer B.V.,350-Conveyor," 94,60",0 dagen,7.0,0.0,2025-03-03,
000299363,"Conveyor belt, welded",3,Wear,5.0,2927.58,4.0,585.516,146.379,0.0289662994479024,82.96271194160721,B,0.000289662994479,0.8296271194160721,5.0,1.25,2.0,4.0,Uitgeschakeld,000299363,350.43,Custom Approved Racupack,Ammeraal Beltech B.V.,350-Conveyor," 97,32",0 dagen,7.0,1.0,2024-07-05,
000299308,"Conveyor belt, welded, extra grip",3,Wear,3.0,1106.64,3.0,221.328,73.77600000000001,0.0145992096411947,94.52963810046826,B,0.0001459920964119,0.9452963810046826,3.0,1.0,1.0,3.0,Uitgeschakeld,000299308,350.43,Custom Approved Racupack,Ammeraal Beltech B.V.,350-Conveyor," 94,71",0 dagen,7.0,1.0,2024-02-05,
CILDFES25000PA125,"Cylinder, drive with guide",1,Critical,6.0,2136.41,4.0,427.282,106.8205,0.0211382410740247,88.6994511312802,B,0.0002113824107402,0.8869945113128019,6.0,1.5,3.0,4.0,Uitgeschakeld,CILDFES25000PA125,350.62,Custom Approved,Festo B.V.,510-Cylinder," 175,31",21 dagen,8.0,1.0,2026-02-11,
000499474,"Conveyor belt, welded",3,Wear,1.0,276.09,1.0,55.218,55.218,0.0109268482699996,96.68420237343284,C,0.0001092684826999,0.9668420237343286,1.0,1.0,1.0,1.0,Uitgeschakeld,000499474,350.65,Custom Approved,YONGLI Nederland Wormer B.V.,350-Conveyor," 94,77",0 dagen,7.0,0.0,2022-10-03,
LEN_I550.75STO-PN,"Frequency inverter i55 0,75kW 1P+STO+PN",1,Critical,1.0,616.51,1.0,123.302,123.302,0.0243996929513473,86.37239140683745,B,0.0002439969295134,0.8637239140683745,1.0,1.0,1.0,1.0,Uitgeschakeld,LEN_I550.75STO-PN,350.78,Custom approved,Lenze B.V.,610-Motor control," 175,39",3 dagen,10.0,1.0,2025-11-03,
000701995,"Conveyor belt, welded",3,Wear,1.0,296.09,1.0,59.218,59.218,0.0117183907575942,96.29957351918593,C,0.0001171839075759,0.9629957351918592,1.0,1.0,1.0,1.0,Uitgeschakeld,000701995,351.13,Custom Approved,YONGLI Nederland Wormer B.V.,350-Conveyor," 94,90",0 dagen,7.0,0.0,2024-05-31,
000485887,"Conveyor belt, welded",3,Wear,39.0,17891.21,25.0,3578.242,143.12968,0.0283233057389547,83.3633169401291,B,0.0002832330573895,0.833633169401291,39.0,1.56,5.0,25.0,Uitgeschakeld,000485887,351.39,Standard Approved,YONGLI Nederland Wormer B.V.,350-Conveyor," 97,34",0 dagen,7.0,0.0,2026-04-22,
000665604,"Conveyor belt, welded",3,Wear,1.0,296.62,1.0,59.324,59.324,0.0117393666335154,96.27613292130516,C,0.0001173936663351,0.9627613292130516,1.0,1.0,1.0,1.0,Uitgeschakeld,000665604,351.76,Custom Approved,YONGLI Nederland Wormer B.V.,350-Conveyor," 95,07",0 dagen,7.0,0.0,2024-03-29,
BELTENDL-00000606,"Conveyor belt, welded",3,Wear,4.0,1453.5,1.0,290.7,290.7,0.0575253502859374,63.51030497784444,A,0.0005752535028593,0.6351030497784445,4.0,4.0,4.0,1.0,Uitgeschakeld,BELTENDL-00000606,351.84,Custom Approved,YONGLI Nederland Wormer B.V.,350-Conveyor," 97,47",0 dagen,7.0,1.0,2025-12-09,
000561453,"Conveyor belt, welded",3,Wear,1.0,269.29,1.0,53.858,53.858,0.0106577238242174,96.83499740190491,C,0.0001065772382421,0.9683499740190492,1.0,1.0,1.0,1.0,Uitgeschakeld,000561453,352.06,Custom Approved,YONGLI Nederland Wormer B.V.,350-Conveyor," 95,15",0 dagen,7.0,0.0,2023-01-20,
BELTENDL-00000126,"Conveyor belt, welded",3,Wear,16.0,7203.53,4.0,1440.706,360.1765,0.0712737506957789,55.75356595894021,A,0.0007127375069577,0.5575356595894021,16.0,4.0,7.0,4.0,Uitgeschakeld,BELTENDL-00000126,352.21,Custom Approved,YONGLI Nederland Wormer B.V.,350-Conveyor," 95,19",0 dagen,7.0,1.0,2025-11-24,
000727741,"Transport belt endless, VLV welded",3,Wear,1.0,297.27,1.0,59.45399999999999,59.45399999999999,0.0117650917643623,96.26439355467164,C,0.0001176509176436,0.9626439355467163,1.0,1.0,1.0,1.0,Uitgeschakeld,000727741,352.54,Custom Approved,YONGLI Nederland Wormer B.V.,350-Conveyor," 95,28",0 dagen,7.0,0.0,2024-12-06,
000331627,"Motor, three-phase",1,Critical,3.0,1728.77,2.0,345.754,172.877,0.0342098726569728,79.51287259139616,A,0.0003420987265697,0.7951287259139617,3.0,1.5,2.0,2.0,Uitgeschakeld,000331627,352.66,Custom Approved,SEW-Eurodrive B.V.,310-Electric motor," 176,33",0 dagen,10.0,1.0,2022-03-25,
000331628,"Motor, three-phase",1,Critical,2.0,768.01,2.0,153.602,76.801,0.0151978136474381,94.06792899942306,B,0.0001519781364743,0.9406792899942306,2.0,1.0,1.0,2.0,Uitgeschakeld,000331628,352.66,Custom Approved,SEW-Eurodrive B.V.,310-Electric motor," 176,33",0 dagen,10.0,1.0,2023-08-03,
000427800,"Conveyor belt, welded",3,Wear,16.0,8015.25,1.0,1603.05,1603.05,0.3172205461846304,12.58289857636357,A,0.0031722054618463,0.1258289857636357,16.0,16.0,16.0,1.0,Uitgeschakeld,000427800,353.72,Custom Approved,YONGLI Nederland Wormer B.V.,350-Conveyor," 95,60",0 dagen,7.0,1.0,2024-09-18,
000671053,"Cylinder, drive with guide",1,Critical,2.0,649.42,1.0,129.884,129.884,0.0257021761146842,85.36840012283783,B,0.0002570217611468,0.8536840012283783,2.0,2.0,2.0,1.0,Uitgeschakeld,000671053,354.1,Custom Approved,Festo B.V.,510-Cylinder," 177,05",0 dagen,8.0,0.0,2025-09-03,
000583671,"Conveyor belt, welded",3,Wear,1.0,284.92,1.0,56.984,56.984,0.0112763142782726,96.51807373942466,C,0.0001127631427827,0.9651807373942466,1.0,1.0,1.0,1.0,Uitgeschakeld,000583671,354.79,Custom Approved,YONGLI Nederland Wormer B.V.,350-Conveyor," 95,89",0 dagen,7.0,0.0,2022-12-29,
000670019,"Conveyor belt, welded",3,Wear,2.0,1496.35,1.0,299.27,299.27,0.0592212300656088,61.8758275500531,A,0.000592212300656,0.618758275500531,2.0,2.0,2.0,1.0,Uitgeschakeld,000670019,354.9,Custom Approved,YONGLI Nederland Wormer B.V.,350-Conveyor," 95,92",0 dagen,7.0,0.0,2024-03-04,
BELTENDL-00000717,"Conveyor belt, welded",3,Wear,2.0,1776.38,1.0,355.276,355.276,0.0703040122056646,56.03638023098814,A,0.0007030401220566,0.5603638023098814,2.0,2.0,2.0,1.0,Uitgeschakeld,BELTENDL-00000717,355.06,Custom Approved,YONGLI Nederland Wormer B.V.,350-Conveyor," 97,40",0 dagen,7.0,1.0,2025-10-15,
000583446,"Conveyor belt, welded",3,Wear,3.0,885.86,3.0,177.172,59.05733333333333,0.0116865971343425,96.33466466446636,C,0.0001168659713434,0.9633466466446636,3.0,1.0,1.0,3.0,Uitgeschakeld,000583446,355.83,Custom Approved,YONGLI Nederland Wormer B.V.,350-Conveyor," 96,17",0 dagen,7.0,0.0,2024-04-22,
BELTENDL-00000920,"Conveyor belt, welded",3,Wear,12.0,8605.460000000001,4.0,1721.092,430.273,0.0851448401911976,50.24161476195862,A,0.0008514484019119,0.5024161476195862,12.0,3.0,8.0,4.0,Uitgeschakeld,BELTENDL-00000920,357.13,Custom Approved,YONGLI Nederland Wormer B.V.,350-Conveyor," 96,52",0 dagen,7.0,1.0,2026-02-11,
000230522,"Conveyor belt, welded",3,Wear,1.0,266.89,1.0,53.378,53.378,0.0105627387257061,96.86673706834374,C,0.000105627387257,0.9686673706834374,1.0,1.0,1.0,1.0,Uitgeschakeld,000230522,357.28,Custom Approved,YONGLI Nederland Wormer B.V.,350-Conveyor," 96,56",0 dagen,7.0,1.0,2023-03-14,
BELTENDL-00000573,"Conveyor belt, welded",3,Wear,1.0,335.85,1.0,67.17,67.17,0.0132919772229323,95.3834094385988,C,0.0001329197722293,0.953834094385988,1.0,1.0,1.0,1.0,Uitgeschakeld,BELTENDL-00000573,357.94,Custom Approved,YONGLI Nederland Wormer B.V.,350-Conveyor," 96,74",0 dagen,7.0,1.0,2026-02-19,
000508592,"Conveyor belt, welded",3,Wear,2.0,612.29,1.0,122.458,122.458,0.0242326774864648,86.61550200665044,B,0.0002423267748646,0.8661550200665045,2.0,2.0,2.0,1.0,Uitgeschakeld,000508592,358.28,Custom Approved,YONGLI Nederland Wormer B.V.,350-Conveyor," 100,74",0 dagen,7.0,0.0,2026-03-27,
BELTENDL-00000122,"Conveyor belt, welded",3,Wear,5.0,5049.4,3.0,1009.88,336.6266666666666,0.0666135772810027,57.8751528354,A,0.00066613577281,0.578751528354,5.0,1.666666666666667,3.0,3.0,Uitgeschakeld,BELTENDL-00000122,359.64,Custom Approved,YONGLI Nederland Wormer B.V.,350-Conveyor," 97,20",0 dagen,7.0,1.0,2024-07-22,
BELTENDL-00000424,"Conveyor belt, welded",3,Wear,5.0,5918.719999999999,2.0,1183.744,591.872,0.1171229588043976,39.62312427782857,A,0.0011712295880439,0.3962312427782857,5.0,2.5,4.0,2.0,Uitgeschakeld,BELTENDL-00000424,359.68,Custom Approved,YONGLI Nederland Wormer B.V.,350-Conveyor," 99,64",0 dagen,7.0,1.0,2025-03-19,
000305178,"Conveyor belt, welded",3,Wear,2.0,1977.86,1.0,395.572,395.572,0.0782780112256926,52.77265470045629,A,0.0007827801122569,0.5277265470045629,2.0,2.0,2.0,1.0,Uitgeschakeld,000305178,361.01,Custom Approved,YONGLI Nederland Wormer B.V.,350-Conveyor," 97,57",0 dagen,7.0,1.0,2025-12-12,
000806057,"Conveyor belt, welded",3,Wear,1.0,322.51,1.0,64.502,64.502,0.0127640183837067,95.64291862201294,C,0.000127640183837,0.9564291862201294,1.0,1.0,1.0,1.0,Uitgeschakeld,000806057,361.6,Custom Approved,YONGLI Nederland Wormer B.V.,350-Conveyor," 97,73",0 dagen,7.0,0.0,2025-12-16,
000842748,"Conveyor belt, welded",3,Wear,1.0,361.82,1.0,72.364,72.364,0.0143197951430738,94.73136222850624,B,0.0001431979514307,0.9473136222850624,1.0,1.0,1.0,1.0,Uitgeschakeld,000842748,361.82,Custom Approved,YONGLI Nederland Wormer B.V.,350-Conveyor," 100,23",0 dagen,7.0,0.0,2026-03-20,
000607734,"Conveyor belt, welded",3,Wear,2.0,596.8900000000001,2.0,119.378,59.68900000000001,0.0118115948855085,96.20543900846248,C,0.000118115948855,0.9620543900846248,2.0,1.0,1.0,2.0,Uitgeschakeld,000607734,362.56,Custom Approved,YONGLI Nederland Wormer B.V.,350-Conveyor," 97,99",0 dagen,7.0,0.0,2023-12-08,
BELTENDL-00000443,"Transport belt endless, VLV welded",3,Wear,1.0,309.51,1.0,61.902,61.902,0.0122495157667702,95.91640946125028,C,0.0001224951576677,0.9591640946125028,1.0,1.0,1.0,1.0,Uitgeschakeld,BELTENDL-00000443,363.09,Custom approved,YONGLI Nederland Wormer B.V.,350-Conveyor," 98,13",0 dagen,7.0,1.0,2023-10-10,
000512212,"Conveyor belt, welded",3,Wear,3.0,923.96,1.0,184.792,184.792,0.0365676798418952,77.38923952364041,A,0.0003656767984189,0.7738923952364042,3.0,3.0,3.0,1.0,Uitgeschakeld,000512212,363.42,Custom Approved,YONGLI Nederland Wormer B.V.,350-Conveyor," 99,69",0 dagen,7.0,0.0,2026-02-16,
BELTENDL-00000742,"Conveyor belt, welded",3,Wear,1.0,1597.98,1.0,319.596,319.596,0.0632434532163208,59.74818225625083,A,0.0006324345321632,0.5974818225625083,1.0,1.0,1.0,1.0,Uitgeschakeld,BELTENDL-00000742,364.68,Custom Approved,YONGLI Nederland Wormer B.V.,350-Conveyor," 98,56",0 dagen,7.0,1.0,2023-08-02,
000561585,"Conveyor belt, welded",3,Wear,1.0,651.04,1.0,130.208,130.208,0.0257662910561793,85.31695698502656,B,0.0002576629105617,0.8531695698502657,1.0,1.0,1.0,1.0,Uitgeschakeld,000561585,364.97,Custom Approved,Ammeraal Beltech B.V.,350-Conveyor," 105,35",0 dagen,7.0,0.0,2025-11-07,
000329962,"Conveyor belt, welded",3,Wear,2.0,615.72,1.0,123.144,123.144,0.0243684270230873,86.4211460705896,B,0.0002436842702308,0.8642114607058959,2.0,2.0,2.0,1.0,Uitgeschakeld,000329962,365.08,Custom Approved,YONGLI Nederland Wormer B.V.,350-Conveyor," 98,67",0 dagen,7.0,1.0,2023-11-02,
BELTENDL-00000211,"Conveyor belt, welded",3,Wear,3.0,1754.85,1.0,350.97,350.97,0.069451916717769,56.31478201645802,A,0.0006945191671776,0.5631478201645802,3.0,3.0,3.0,1.0,Uitgeschakeld,BELTENDL-00000211,366.08,Custom Approved,YONGLI Nederland Wormer B.V.,350-Conveyor," 98,94",0 dagen,7.0,1.0,2025-09-02,
000601901,"Conveyor belt, welded",3,Wear,1.0,309.94,1.0,61.988,61.988,0.0122665339302535,95.8551272524326,C,0.0001226653393025,0.958551272524326,1.0,1.0,1.0,1.0,Uitgeschakeld,000601901,367.56,Custom Approved,YONGLI Nederland Wormer B.V.,350-Conveyor," 99,34",0 dagen,7.0,0.0,2024-06-14,
000615283,"Conveyor belt,",3,Wear,1.0,656.63,1.0,131.326,131.326,0.025987527181462,85.21358215807295,B,0.0002598752718146,0.8521358215807295,1.0,1.0,1.0,1.0,Uitgeschakeld,000615283,368.11,Custom Approved,Lantech.com Coöperatie U.A.,350-Conveyor," 97,00",0 dagen,7.0,0.0,2025-09-17,
KEBA_D3-XC350/A,Memory Motion controller D3 4GB,3,Wear,19.0,6963.53,17.0,1392.706,81.92388235294118,0.0162115584077635,93.15579397131611,B,0.0001621155840776,0.9315579397131613,19.0,1.117647058823529,3.0,17.0,Uitgeschakeld,KEBA_D3-XC350/A,368.42,Standard Approved,ABI B.V.,630-Automation," 184,21",0 dagen,10.0,0.0,2026-03-17,
000243140,"Conveyor belt, welded",3,Wear,1.0,425.02,1.0,85.00399999999999,85.00399999999999,0.0168210694038728,92.6276433730921,B,0.0001682106940387,0.9262764337309212,1.0,1.0,1.0,1.0,Uitgeschakeld,000243140,368.52,Custom Approved,YONGLI Nederland Wormer B.V.,350-Conveyor," 99,60",0 dagen,7.0,1.0,2021-07-21,
000663677,"Conveyor belt, welded",3,Wear,1.0,310.85,1.0,62.17,62.17,0.012302549113439,95.81829222911551,C,0.0001230254911343,0.9581829222911552,1.0,1.0,1.0,1.0,Uitgeschakeld,000663677,368.63,Custom Approved,YONGLI Nederland Wormer B.V.,350-Conveyor," 99,63",0 dagen,7.0,0.0,2024-08-05,
000546063,"Conveyor belt, welded",3,Wear,1.0,290.6,1.0,58.12,58.12,0.0115011123447495,96.42722372483036,C,0.0001150111234474,0.9642722372483036,1.0,1.0,1.0,1.0,Uitgeschakeld,000546063,369.08,Custom Approved,YONGLI Nederland Wormer B.V.,350-Conveyor," 99,75",0 dagen,7.0,0.0,2022-04-20,
000551376,Transportband eindl. dmv VLV-las,3,Wear,3.0,1543.68,1.0,308.736,308.736,0.0610944153625015,60.6750260639068,A,0.000610944153625,0.606750260639068,3.0,3.0,3.0,1.0,Uitgeschakeld,000551376,369.97,Custom Approved,YONGLI Nederland Wormer B.V.,350-Conveyor," 99,99",0 dagen,7.0,0.0,2025-10-30,
LEN_I55-3F.75+STO,"Frequency inverter i55 0,75kW 3P+STO",1,Critical,2.0,654.66,2.0,130.932,65.466,0.012954780123217,95.51427693904344,C,0.0001295478012321,0.9551427693904344,2.0,1.0,1.0,2.0,Geselecteerd,LEN_I55-3F.75+STO,370.28,Custom approved,Lenze B.V.,610-Motor control," 185,14",3 dagen,10.0,1.0,2023-04-28,
000498617,"Conveyor belt, welded",3,Wear,9.0,6699.55,2.0,1339.91,669.955,0.1325744618191098,34.49870081979755,A,0.001325744618191,0.3449870081979755,9.0,4.5,8.0,2.0,Uitgeschakeld,000498617,370.37,Custom Approved,YONGLI Nederland Wormer B.V.,350-Conveyor," 103,66",0 dagen,7.0,0.0,2026-04-01,
000424701,"Conveyor belt, welded",3,Wear,1.0,297.83,1.0,59.566,59.566,0.0117872549540149,96.25262846290728,C,0.0001178725495401,0.9625262846290727,1.0,1.0,1.0,1.0,Uitgeschakeld,000424701,370.63,Custom Approved,YONGLI Nederland Wormer B.V.,350-Conveyor," 100,17",0 dagen,7.0,1.0,2025-10-02,
000309336,"Conveyor belt, welded",3,Wear,1.0,329.32,1.0,65.864,65.864,0.0130335386007326,95.46235353282782,C,0.0001303353860073,0.954623535328278,1.0,1.0,1.0,1.0,Uitgeschakeld,000309336,370.93,Custom Approved,YONGLI Nederland Wormer B.V.,350-Conveyor," 100,25",0 dagen,7.0,1.0,2024-11-28,
MOTOADJU-00000006,"Motor, three-phase geared",1,Critical,1.0,265.2,1.0,53.04,53.04,0.0104958533855043,96.91940353506958,C,0.000104958533855,0.9691940353506958,1.0,1.0,1.0,1.0,Uitgeschakeld,MOTOADJU-00000006,372.0,Standard Approved,Koppe B.V. Technisch Bureau,310-Electric motor," 186,00",0 dagen,10.0,1.0,2022-06-19,
000292073,"Conveyor belt, welded",3,Wear,3.0,722.2,1.0,144.44,144.44,0.0285825992270409,83.19254659293264,B,0.0002858259922704,0.8319254659293265,3.0,3.0,3.0,1.0,Uitgeschakeld,000292073,372.63,Custom Approved,YONGLI Nederland Wormer B.V.,350-Conveyor," 100,71",0 dagen,7.0,1.0,2024-06-20,
MOTOSTEP-00000001,"Motor, stepper",2,Critical,1.0,286.97,1.0,57.39400000000001,57.39400000000001,0.0113574473832511,96.47285324691777,C,0.0001135744738325,0.9647285324691774,1.0,1.0,1.0,1.0,Uitgeschakeld,MOTOSTEP-00000001,373.0,Custom Approved,Zilvertron B.V.,310-Electric motor," 186,50",0 dagen,10.0,1.0,2023-06-08,
000298700,"Cylinder, drive with guide",1,Critical,2.0,619.61,2.0,123.922,61.961,0.0122611910184622,95.87965299852507,C,0.0001226119101846,0.9587965299852508,2.0,1.0,1.0,2.0,Uitgeschakeld,000298700,374.76,Custom Approved Racupack,Festo B.V.,510-Cylinder," 187,38",0 dagen,8.0,1.0,2024-05-15,
000352791,"Motor, three-phase",1,Critical,1.0,278.83,1.0,55.766,55.766,0.0110352895908001,96.61837908272538,C,0.000110352895908,0.9661837908272538,1.0,1.0,1.0,1.0,Uitgeschakeld,000352791,375.78,Custom Approved,SEW-Eurodrive B.V.,310-Electric motor," 187,89",0 dagen,10.0,1.0,2022-03-25,
LEN_I55-1F.37-ETC,"Frequency inverter i55 0,37kW 1P+STO+ETC",1,Critical,26.0,8325.74,15.0,1665.148,111.0098666666667,0.0219672565022195,87.94720700573501,B,0.0002196725650221,0.8794720700573501,26.0,1.733333333333333,5.0,15.0,Uitgeschakeld,LEN_I55-1F.37-ETC,376.12,Custom approved,Lenze B.V.,610-Motor control," 188,06",3 dagen,10.0,1.0,2026-01-28,
000693867,Vacuum pump,1,Critical,2.0,2337.45,2.0,467.49,233.745,0.0462547746906998,70.30568447765887,A,0.0004625477469069,0.7030568447765887,2.0,1.0,1.0,2.0,Uitgeschakeld,000693867,377.74,Custom Approved,Astro Controls B.V.,560-Vacuum component," 188,87",0 dagen,10.0,0.0,2024-07-01,
POMVASTI-VP20-100,Vacuum pump,1,Critical,15.0,7134.5,9.0,1426.9,158.5444444444445,0.0313736659874648,81.22017875736785,B,0.0003137366598746,0.8122017875736784,15.0,1.666666666666667,4.0,9.0,Uitgeschakeld,POMVASTI-VP20-100,377.74,Standard Approved,Astro Controls B.V.,560-Vacuum component," 188,87",0 dagen,10.0,1.0,2026-03-17,
000713452,"Conveyor belt, welded",3,Wear,1.0,318.71,1.0,63.742,63.742,0.0126136253110637,95.70636422961908,C,0.0001261362531106,0.9570636422961908,1.0,1.0,1.0,1.0,Uitgeschakeld,000713452,377.96,Custom Approved,YONGLI Nederland Wormer B.V.,350-Conveyor," 102,15",0 dagen,7.0,0.0,2024-09-16,
BELTENDL-00000329,"Transport belt endless, VLV welded",3,Wear,1.0,284.21,1.0,56.842,56.842,0.011248214519963,96.54058194265907,C,0.0001124821451996,0.9654058194265908,1.0,1.0,1.0,1.0,Uitgeschakeld,BELTENDL-00000329,378.14,Custom approved,YONGLI Nederland Wormer B.V.,350-Conveyor," 102,20",0 dagen,7.0,1.0,2024-12-11,
000264554,"Conveyor belt, welded",3,Wear,2.0,551.4100000000001,2.0,110.282,55.14100000000001,0.0109116110771134,96.69511398450996,C,0.0001091161107711,0.9669511398450996,2.0,1.0,1.0,2.0,Uitgeschakeld,000264554,378.33,Standard Approved,YONGLI Nederland Wormer B.V.,350-Conveyor," 102,25",0 dagen,7.0,1.0,2022-03-25,
000367741,"Motor, three-phase geared",1,Critical,1.0,350.19,1.0,70.038,70.038,0.0138595131865376,95.09732816638046,C,0.0001385951318653,0.9509732816638046,1.0,1.0,1.0,1.0,Uitgeschakeld,000367741,378.58,Custom Approved,SEW-Eurodrive B.V.,310-Electric motor," 193,27",0 dagen,10.0,1.0,2025-11-25,
000515673,"Conveyor belt, welded",3,Wear,1.0,304.11,1.0,60.822,60.822,0.0120357992951196,96.0983889159306,C,0.0001203579929511,0.960983889159306,1.0,1.0,1.0,1.0,Uitgeschakeld,000515673,378.66,Custom Approved,YONGLI Nederland Wormer B.V.,350-Conveyor," 102,34",0 dagen,7.0,0.0,2024-02-12,
BELTENDL-00000661,"Conveyor belt, welded",3,Wear,2.0,1299.84,1.0,259.968,259.968,0.0514439293537481,66.89475484239875,A,0.0005144392935374,0.6689475484239875,2.0,2.0,2.0,1.0,Uitgeschakeld,BELTENDL-00000661,378.85,Custom Approved,YONGLI Nederland Wormer B.V.,350-Conveyor," 103,93",0 dagen,7.0,1.0,2026-02-23,
000339149,"Conveyor belt, welded",3,Wear,7.0,3028.8,6.0,605.76,100.96,0.0199785323868876,89.70109677148474,B,0.0001997853238688,0.8970109677148475,7.0,1.166666666666667,2.0,6.0,Uitgeschakeld,000339149,378.88,Custom Approved,YONGLI Nederland Wormer B.V.,350-Conveyor," 102,40",0 dagen,7.0,1.0,2025-08-08,
000226959,"Conveyor belt, welded",3,Wear,1.0,264.66,1.0,52.932,52.932,0.0104744817383393,96.92987801680792,C,0.0001047448173833,0.9692987801680792,1.0,1.0,1.0,1.0,Uitgeschakeld,000226959,378.88,Custom Approved,YONGLI Nederland Wormer B.V.,350-Conveyor," 102,40",0 dagen,7.0,1.0,2024-03-13,
BELTENDL-00000089,"Conveyor belt, welded",3,Wear,4.0,1214.0,1.0,242.8,242.8,0.0480466289969921,69.0374863045892,A,0.0004804662899699,0.6903748630458919,4.0,4.0,4.0,1.0,Uitgeschakeld,BELTENDL-00000089,379.14,Standard Approved,YONGLI Nederland Wormer B.V.,350-Conveyor," 102,47",0 dagen,7.0,1.0,2024-11-21,
MOTOADJU-00000013,"Motor, three-phase geared",1,Critical,2.0,0.0,1.0,0.0,0.0,0.0,100.0000000000002,C,0.0,1.000000000000002,2.0,2.0,2.0,1.0,Uitgeschakeld,MOTOADJU-00000013,379.6,Custom Approved,Koppe B.V. Technisch Bureau,310-Electric motor," 189,80",0 dagen,10.0,1.0,2022-02-23,
000459689,"Conveyor belt, welded",3,Wear,1.0,649.06,1.0,129.812,129.812,0.0256879283499075,85.39408805118774,B,0.000256879283499,0.8539408805118773,1.0,1.0,1.0,1.0,Uitgeschakeld,000459689,379.66,Custom Approved,YONGLI Nederland Wormer B.V.,350-Conveyor," 102,61",0 dagen,7.0,1.0,2026-03-27,
FOTOOMRE32T16WR,Photocell fiberglass,2,Critical,1.0,380.08,1.0,76.01599999999999,76.01599999999999,0.0150424734342477,94.18890518705707,B,0.0001504247343424,0.9418890518705708,1.0,1.0,1.0,1.0,Uitgeschakeld,FOTOOMRE32T16WR,380.08,Custom Approved,Omron Electronics B.V.,660-Sensor and lighting," 199,76",21 dagen,10.0,1.0,2026-01-09,
000634134,"Conveyor belt, welded",3,Wear,2.0,578.44,1.0,115.688,115.688,0.0228929918262109,87.29698179100538,B,0.0002289299182621,0.8729698179100538,2.0,2.0,2.0,1.0,Uitgeschakeld,000634134,381.1,Custom Approved,YONGLI Nederland Wormer B.V.,350-Conveyor," 104,55",0 dagen,7.0,0.0,2025-12-15,
000745046,"Conveyor belt, welded",3,Wear,1.0,284.98,1.0,56.996,56.996,0.0112786889057354,96.5067974251464,C,0.0001127868890573,0.9650679742514638,1.0,1.0,1.0,1.0,Uitgeschakeld,000745046,381.14,Custom Approved,YONGLI Nederland Wormer B.V.,350-Conveyor," 103,01",0 dagen,7.0,0.0,2025-04-22,
LINAERILAS3-1-250,"Linear actuator, adjustment",1,Wear,75.0,50163.28,36.0,10032.656,278.6848888888888,0.0551477325515338,64.97501885485516,A,0.0005514773255153,0.6497501885485516,75.0,2.083333333333333,6.0,36.0,Uitgeschakeld,LINAERILAS3-1-250,382.0,Custom Approved,Eriks B.V.,330-Linear motion," 191,00",105 dagen,10.0,1.0,2026-03-17,
000274700,"Conveyor belt, welded",3,Wear,1.0,338.3,1.0,67.66,67.66,0.0133889411776626,95.3301551526331,C,0.0001338894117766,0.953301551526331,1.0,1.0,1.0,1.0,Uitgeschakeld,000274700,382.7,Custom Approved,YONGLI Nederland Wormer B.V.,350-Conveyor," 103,43",0 dagen,7.0,1.0,2026-02-19,
ACTULINE-00000002,"Linear actuator, adjustment",1,Wear,4.0,2025.69,3.0,405.138,135.046,0.026723661694925,84.76724928655061,B,0.0002672366169492,0.847672492865506,4.0,1.333333333333333,2.0,3.0,Uitgeschakeld,ACTULINE-00000002,384.0,Custom Approved,Eriks B.V.,330-Linear motion," 192,00",0 dagen,10.0,1.0,2026-02-11,
CON_C300-024-00013,"Frequency inverter  0,37kW 3P FS2",1,Critical,9.0,2780.53,9.0,556.106,61.78955555555555,0.0122272646279522,95.95311596884956,C,0.0001222726462795,0.9595311596884958,9.0,1.0,1.0,9.0,Uitgeschakeld,CON_C300-024-00013,384.0,Standard Approved,Nidec Netherlands B.V.,610-Motor control," 192,00",0 dagen,10.0,0.0,2026-04-23,
000583921,"Conveyor belt, welded",3,Wear,6.0,2721.08,6.0,544.216,90.70266666666669,0.0179487536011992,91.5483391084628,B,0.0001794875360119,0.915483391084628,6.0,1.0,1.0,6.0,Uitgeschakeld,000583921,384.84,Standard Approved,YONGLI Nederland Wormer B.V.,350-Conveyor," 106,61",0 dagen,7.0,0.0,2026-04-22,
BANTWELMGC021401-,"Conveyor belt, welded",3,Wear,13.0,4795.39,9.0,959.078,106.5642222222222,0.0210875273865903,88.74166294880446,B,0.0002108752738659,0.8874166294880447,13.0,1.444444444444444,4.0,9.0,Uitgeschakeld,BANTWELMGC021401-,384.88,Custom Approved,YONGLI Nederland Wormer B.V.,350-Conveyor," 106,62",14 dagen,7.0,1.0,2025-11-03,
BELTENDL-00000977,"Conveyor belt, welded",3,Wear,1.0,614.64,1.0,122.928,122.928,0.0243256837287572,86.51847274966488,B,0.0002432568372875,0.8651847274966488,1.0,1.0,1.0,1.0,Uitgeschakeld,BELTENDL-00000977,385.62,Custom Approved,YONGLI Nederland Wormer B.V.,350-Conveyor," 104,22",0 dagen,7.0,1.0,2021-10-08,
000691460,"Photocell, retro-reflective",2,Critical,1.0,1157.7,1.0,231.54,231.54,0.0458184368944133,70.76576934011572,A,0.0004581843689441,0.7076576934011573,1.0,1.0,1.0,1.0,Uitgeschakeld,000691460,385.9,Custom Approved,Sick B.V.,660-Sensor and lighting," 192,95",0 dagen,10.0,0.0,2026-01-21,
SCHVBERSLKMVTU24R,Security switch,2,Critical,1.0,307.42,1.0,61.484,61.484,0.0121667995768165,95.9774729185066,C,0.0001216679957681,0.959774729185066,1.0,1.0,1.0,1.0,Uitgeschakeld,SCHVBERSLKMVTU24R,386.0,Custom approved,Bernstein AG,660-Sensor and lighting," 193,00",31 dagen,10.0,1.0,2024-07-10,
000331625,"Motor, three-phase geared",1,Critical,1.0,347.53,1.0,69.506,69.506,0.0137542380356875,95.19388291013516,C,0.0001375423803568,0.9519388291013516,1.0,1.0,1.0,1.0,Uitgeschakeld,000331625,386.18,Custom Approved,SEW-Eurodrive B.V.,310-Electric motor," 193,09",0 dagen,10.0,1.0,2021-09-29,
000242482,"Conveyor belt, welded",3,Wear,1.0,265.9,1.0,53.17999999999999,53.17999999999999,0.0105235573725701,96.90890768168408,C,0.0001052355737257,0.9690890768168408,1.0,1.0,1.0,1.0,Uitgeschakeld,000242482,386.25,Custom Approved,YONGLI Nederland Wormer B.V.,350-Conveyor," 104,39",0 dagen,7.0,1.0,2025-01-20,
000439924,"Motor, three-phase geared",1,Critical,1.0,364.62,1.0,72.924,72.924,0.0144306110913371,94.58770288695948,B,0.0001443061109133,0.9458770288695948,1.0,1.0,1.0,1.0,Uitgeschakeld,000439924,387.06,Custom Approved,SEW-Eurodrive B.V.,310-Electric motor," 193,53",0 dagen,10.0,1.0,2024-05-31,
LEN_I550.37STO-PN,"Frequency inverter i55 0,37kW 1P+STO+PN",1,Critical,14.0,3880.83,11.0,776.1659999999999,70.56054545454545,0.0139629174187806,95.01393177758248,C,0.0001396291741878,0.9501393177758248,14.0,1.272727272727273,3.0,11.0,Geselecteerd,LEN_I550.37STO-PN,388.04,Custom approved,Lenze B.V.,610-Motor control," 194,02",3 dagen,10.0,1.0,2025-12-30,
000370531,"Motor, stepper",2,Critical,6.0,3519.55,2.0,703.91,351.955,0.0696468340553392,56.17586485872395,A,0.0006964683405533,0.5617586485872395,6.0,3.0,5.0,2.0,Uitgeschakeld,000370531,388.52,Custom Approved,Beckhoff Automation B.V.,310-Electric motor," 194,26",0 dagen,10.0,1.0,2025-08-29,
000501712,"Motor, three-phase geared",1,Critical,1.0,305.8,1.0,61.16,61.16,0.0121026846353214,96.02592903881715,C,0.0001210268463532,0.9602592903881716,1.0,1.0,1.0,1.0,Uitgeschakeld,000501712,388.68,Custom Approved,SEW-Eurodrive B.V.,310-Electric motor," 194,34",0 dagen,10.0,0.0,2022-10-03,
000519066,"Conveyor belt, welded",3,Wear,1.0,309.08,1.0,61.816,61.816,0.0122324976032869,95.94088870422162,C,0.0001223249760328,0.9594088870422164,1.0,1.0,1.0,1.0,Uitgeschakeld,000519066,388.8,Custom Approved,YONGLI Nederland Wormer B.V.,350-Conveyor," 105,08",0 dagen,7.0,0.0,2021-11-17,
000607289,"Conveyor belt, welded, extra grip",3,Wear,3.0,939.03,2.0,187.806,93.903,0.0185820535531489,90.91056103410128,B,0.0001858205355314,0.9091056103410128,3.0,1.5,2.0,2.0,Uitgeschakeld,000607289,388.94,Custom Approved,Ammeraal Beltech B.V.,350-Conveyor," 105,12",0 dagen,7.0,0.0,2024-12-20,
000441991,"Conveyor belt, welded",3,Wear,1.0,290.88,1.0,58.176,58.176,0.0115121939395758,96.4157226124856,C,0.0001151219393957,0.964157226124856,1.0,1.0,1.0,1.0,Uitgeschakeld,000441991,388.99,Custom Approved,YONGLI Nederland Wormer B.V.,350-Conveyor," 105,13",0 dagen,7.0,1.0,2021-06-30,
000626139,"Cylinder, standard",1,Critical,1.0,309.89,1.0,61.97799999999999,61.97799999999999,0.0122645550740345,95.86739180750664,C,0.0001226455507403,0.9586739180750664,1.0,1.0,1.0,1.0,Uitgeschakeld,000626139,389.5,Standard Approved,Festo B.V.,510-Cylinder," 194,75",0 dagen,8.0,0.0,2024-12-20,
BECK_EL7047-0000,Beckhoff Stepper Drive 5A,1,Critical,26.0,16075.42,17.0,3215.084,189.1225882352941,0.0374246409880234,76.90864543913588,A,0.0003742464098802,0.7690864543913588,26.0,1.529411764705882,7.0,17.0,Uitgeschakeld,BECK_EL7047-0000,389.76,Custom approved,Beckhoff Automation B.V.,630-Automation," 199,06",21 dagen,10.0,1.0,2026-03-10,
BELTENDL-00001002,"Conveyor belt, welded",3,Wear,1.0,292.35,1.0,58.47000000000001,58.47000000000001,0.011570372312414,96.39264198551273,C,0.0001157037231241,0.9639264198551272,1.0,1.0,1.0,1.0,Uitgeschakeld,BELTENDL-00001002,389.87,Custom Approved,YONGLI Nederland Wormer B.V.,350-Conveyor," 105,37",0 dagen,7.0,1.0,2023-09-27,
000546287,"Conveyor belt, welded, extra grip",3,Wear,1.0,292.38,1.0,58.476,58.476,0.0115715596261454,96.36950005357416,C,0.0001157155962614,0.9636950005357416,1.0,1.0,1.0,1.0,Uitgeschakeld,000546287,391.35,Custom Approved,Ammeraal Beltech B.V.,350-Conveyor," 105,77",0 dagen,7.0,0.0,2022-07-01,
000546116,"Conveyor belt, welded",3,Wear,1.0,292.38,1.0,58.476,58.476,0.0115715596261454,96.38107161320028,C,0.0001157155962614,0.963810716132003,1.0,1.0,1.0,1.0,Uitgeschakeld,000546116,391.35,Custom Approved,Ammeraal Beltech B.V.,350-Conveyor," 105,77",0 dagen,7.0,0.0,2022-07-01,
000442487,"Cylinder, drive with guide",1,Critical,3.0,1329.72,3.0,265.944,88.64800000000001,0.0175421646100715,91.9567045600445,B,0.0001754216461007,0.919567045600445,3.0,1.0,1.0,3.0,Uitgeschakeld,000442487,391.66,Custom Approved,Festo B.V.,510-Cylinder," 195,83",0 dagen,8.0,1.0,2024-12-20,
000316298,"Cylinder, drive with guide",1,Critical,4.0,1114.54,3.0,222.908,74.30266666666667,0.0147034294020614,94.45638875866626,B,0.0001470342940206,0.9445638875866628,4.0,1.333333333333333,2.0,3.0,Uitgeschakeld,000316298,391.66,Custom Approved Racupack,Festo B.V.,510-Cylinder," 195,83",0 dagen,8.0,1.0,2025-04-17,
000816951,"Conveyor belt, welded",3,Wear,1.0,362.61,1.0,72.522,72.522,0.0143510610713338,94.67402605687484,B,0.0001435106107133,0.9467402605687484,1.0,1.0,1.0,1.0,Uitgeschakeld,000816951,392.02,Custom Approved,YONGLI Nederland Wormer B.V.,350-Conveyor," 105,95",0 dagen,7.0,0.0,2025-11-25,
BELTENDL-00000092,"Conveyor belt, welded",3,Wear,3.0,1000.14,1.0,200.028,200.028,0.039582665177143,75.13708234592296,A,0.0003958266517714,0.7513708234592297,3.0,3.0,3.0,1.0,Uitgeschakeld,BELTENDL-00000092,392.24,Standard Approved,YONGLI Nederland Wormer B.V.,350-Conveyor," 107,60",0 dagen,7.0,1.0,2026-05-08,
BELTENDL-00000928,"Conveyor belt, welded",3,Wear,4.0,2268.99,1.0,453.7979999999999,453.7979999999999,0.0898000994463634,48.41433625789058,A,0.0008980009944636,0.4841433625789058,4.0,4.0,4.0,1.0,Uitgeschakeld,BELTENDL-00000928,392.32,Custom Approved,YONGLI Nederland Wormer B.V.,350-Conveyor," 107,62",0 dagen,7.0,1.0,2025-12-03,
000639942,"Conveyor belt, welded",3,Wear,1.0,330.91,1.0,66.182,66.182,0.0130964662284964,95.44931999422708,C,0.0001309646622849,0.9544931999422708,1.0,1.0,1.0,1.0,Uitgeschakeld,000639942,392.42,Custom Approved,YONGLI Nederland Wormer B.V.,350-Conveyor," 106,06",0 dagen,7.0,0.0,2023-09-06,
BELTENDL-00000394,"Conveyor belt, welded",3,Wear,15.0,17926.18,6.0,3585.236,597.5393333333333,0.1182444425855712,39.03501691651315,A,0.0011824444258557,0.3903501691651315,15.0,2.5,7.0,6.0,Uitgeschakeld,BELTENDL-00000394,393.24,Standard Approved,YONGLI Nederland Wormer B.V.,350-Conveyor," 108,94",0 dagen,7.0,1.0,2026-05-01,
LEN_I55-1F.55-ETC,"Frequency inverter i55 0,55kW 1P+STO+ETC",1,Critical,5.0,1833.19,4.0,366.638,91.6595,0.0181380971604192,91.31401247613576,B,0.0001813809716041,0.9131401247613578,5.0,1.25,2.0,4.0,Uitgeschakeld,LEN_I55-1F.55-ETC,394.02,Custom approved,Lenze B.V.,610-Motor control," 197,01",3 dagen,10.0,1.0,2025-06-06,
LEN_I55-3F.37+STO,"Frequency inverter i55 0,37kW 3P+STO",1,Critical,2.0,596.56,2.0,119.312,59.65599999999999,0.0118050646599858,96.22905091875306,C,0.0001180506465998,0.9622905091875306,2.0,1.0,1.0,2.0,Uitgeschakeld,LEN_I55-3F.37+STO,394.02,Custom approved,Lenze B.V.,610-Motor control," 197,01",3 dagen,10.0,1.0,2023-10-13,
000473048,"Conveyor belt, welded",3,Wear,4.0,2301.36,1.0,460.272,460.272,0.0910812109625352,48.23391483366698,A,0.0009108121096253,0.4823391483366698,4.0,4.0,4.0,1.0,Uitgeschakeld,000473048,394.87,Custom Approved,YONGLI Nederland Wormer B.V.,350-Conveyor," 106,72",0 dagen,7.0,0.0,2025-07-16,
000417587,"Motor, three-phase",1,Critical,1.0,343.95,1.0,68.78999999999999,68.78999999999999,0.0136125519304081,95.28974295092895,C,0.000136125519304,0.9528974295092896,1.0,1.0,1.0,1.0,Uitgeschakeld,000417587,395.2,Standard Approved,SEW-Eurodrive B.V.,310-Electric motor," 197,60",0 dagen,10.0,1.0,2023-09-06,
000820051,"Cylinder, compact with guide",1,Critical,1.0,0.0,1.0,0.0,0.0,0.0,100.0000000000002,C,0.0,1.000000000000002,1.0,1.0,1.0,1.0,Uitgeschakeld,000820051,395.66,Custom Approved,Festo B.V.,510-Cylinder," 197,83",0 dagen,8.0,0.0,2025-02-28,
000476027,Intraloxband,3,Wear,1.0,543.96,1.0,108.792,108.792,0.0215283725775979,88.31633253369328,B,0.0002152837257759,0.8831633253369329,1.0,1.0,1.0,1.0,Uitgeschakeld,000476027,397.4,Custom Approved,"Intralox, L.L.C. Europe",300-Chain," 198,70",0 dagen,10.0,0.0,2025-03-28,
FOTOSICWL9L3P2432,Fotocel refl WL9L-3P2432 conM12,2,Critical,3.0,653.73,2.0,130.746,65.373,0.0129363767603804,95.5272133158038,C,0.0001293637676038,0.955272133158038,3.0,1.5,2.0,2.0,Uitgeschakeld,FOTOSICWL9L3P2432,397.8,Custom Approved,Sick B.V.,660-Sensor and lighting," 198,90",0 dagen,10.0,1.0,2024-08-05,
000672889,"Conveyor belt, welded",3,Wear,1.0,796.31,1.0,159.262,159.262,0.0315156599148227,81.15732514982031,B,0.0003151565991482,0.811573251498203,1.0,1.0,1.0,1.0,Uitgeschakeld,000672889,398.16,Custom Approved,YONGLI Nederland Wormer B.V.,350-Conveyor," 109,22",0 dagen,7.0,0.0,2025-12-04,
000718553,"Conveyor belt, welded",3,Wear,1.0,302.64,1.0,60.528,60.528,0.0119776209222814,96.11036653685288,C,0.0001197762092228,0.9611036653685288,1.0,1.0,1.0,1.0,Uitgeschakeld,000718553,398.79,Custom Approved,YONGLI Nederland Wormer B.V.,350-Conveyor," 107,78",0 dagen,7.0,0.0,2024-12-20,
AB_25A-A2P5N114,"Frequency inverter PFlex 523 0,4kW 1P",1,Critical,3.0,1632.12,3.0,326.424,108.808,0.0215315387475482,88.29480416111569,B,0.0002153153874754,0.8829480416111569,3.0,1.0,1.0,3.0,Uitgeschakeld,AB_25A-A2P5N114,399.0,Custom approved,Routeco B.V.,610-Motor control," 199,50",0 dagen,10.0,1.0,2025-09-17,
000698892,"Conveyor belt, welded",3,Wear,1.0,336.49,1.0,67.298,67.298,0.0133173065825353,95.37011746137586,C,0.0001331730658253,0.9537011746137586,1.0,1.0,1.0,1.0,Uitgeschakeld,000698892,399.05,Custom Approved,YONGLI Nederland Wormer B.V.,350-Conveyor," 107,85",0 dagen,7.0,0.0,2024-07-02,
000504165,"Conveyor belt, welded, toothed",3,Wear,2.0,2150.77,1.0,430.154,430.154,0.0851212918021917,50.32673605376081,A,0.0008512129180219,0.5032673605376081,2.0,2.0,2.0,1.0,Uitgeschakeld,000504165,399.12,Custom Approved,Ammertech B.V.,360-Drive belt," 105,71",0 dagen,7.0,0.0,2026-03-12,
BELTENDL-00000134,"Transport belt endless, VLV welded",3,Wear,2.0,1764.6,1.0,352.92,352.92,0.0698377936804714,56.10621802466861,A,0.0006983779368047,0.5610621802466861,2.0,2.0,2.0,1.0,Uitgeschakeld,BELTENDL-00000134,399.38,Custom approved,YONGLI Nederland Wormer B.V.,350-Conveyor," 107,94",0 dagen,7.0,1.0,2025-03-06,
000591496,"Conveyor belt, welded",3,Wear,2.0,720.25,1.0,144.05,144.05,0.0285054238345004,83.24958540843622,B,0.000285054238345,0.8324958540843621,2.0,2.0,2.0,1.0,Uitgeschakeld,000591496,399.45,Custom Approved,YONGLI Nederland Wormer B.V.,350-Conveyor," 112,32",0 dagen,7.0,0.0,2026-04-28,
BELTENDL-00000076,"Transport belt endless, VLV welded",3,Wear,1.0,298.68,1.0,59.736,59.736,0.0118208955097377,96.19362741357698,C,0.0001182089550973,0.9619362741357698,1.0,1.0,1.0,1.0,Uitgeschakeld,BELTENDL-00000076,399.53,Custom approved,YONGLI Nederland Wormer B.V.,350-Conveyor," 107,98",0 dagen,7.0,1.0,2023-05-03,
000611882,"Motor, three-phase geared",1,Critical,1.0,376.8,1.0,75.36,75.36,0.0149126604662822,94.24884355461644,B,0.0001491266046628,0.9424884355461643,1.0,1.0,1.0,1.0,Uitgeschakeld,000611882,400.02,Custom Approved,SEW-Eurodrive B.V.,310-Electric motor," 200,01",0 dagen,10.0,0.0,2024-09-05,
INT_89RB,Drive Control 54,3,Wear,11.0,3546.02,8.0,709.204,88.6505,0.0175426593241262,91.93916239543442,B,0.0001754265932412,0.9193916239543444,11.0,1.375,3.0,8.0,Uitgeschakeld,INT_89RB,400.34,Custom Approved,Interroll Foerdertechnik GmbH,610-Motor control," 200,17",21 dagen,10.0,1.0,2025-11-25,
000683330,"Sensor, position, Magnetostrictive",2,Critical,1.0,353.95,1.0,70.78999999999999,70.78999999999999,0.0140083231742054,94.98596251584571,B,0.000140083231742,0.9498596251584572,1.0,1.0,1.0,1.0,Uitgeschakeld,000683330,400.4,Custom Approved,Balluff GmbH,660-Sensor and lighting," 200,20",0 dagen,10.0,0.0,2023-10-26,
000289107,"Conveyor belt, fastener",3,Wear,1.0,335.13,1.0,67.026,67.026,0.0132634816933788,95.39667292029218,C,0.0001326348169337,0.9539667292029216,1.0,1.0,1.0,1.0,Uitgeschakeld,000289107,400.53,Standard Approved,YONGLI Nederland Wormer B.V.,350-Conveyor," 108,25",0 dagen,7.0,1.0,2022-03-25,
000331612,"Motor, three-phase geared",1,Critical,1.0,347.53,1.0,69.506,69.506,0.0137542380356875,95.18012867209949,C,0.0001375423803568,0.9518012867209948,1.0,1.0,1.0,1.0,Uitgeschakeld,000331612,400.8,Custom Approved,SEW-Eurodrive B.V.,310-Electric motor," 200,40",0 dagen,10.0,1.0,2021-09-29,
000331675,"Motor, three-phase geared",1,Critical,1.0,347.53,1.0,69.506,69.506,0.0137542380356875,95.20763714817086,C,0.0001375423803568,0.9520763714817086,1.0,1.0,1.0,1.0,Uitgeschakeld,000331675,400.8,Custom Approved,SEW-Eurodrive B.V.,310-Electric motor," 200,40",0 dagen,10.0,1.0,2021-08-05,
000331674,"Motor, three-phase geared",1,Critical,1.0,347.53,1.0,69.506,69.506,0.0137542380356875,95.22139138620656,C,0.0001375423803568,0.9522139138620656,1.0,1.0,1.0,1.0,Uitgeschakeld,000331674,400.8,Custom Approved,SEW-Eurodrive B.V.,310-Electric motor," 200,40",0 dagen,10.0,1.0,2021-08-05,
CYLIDA-00000003,"Cylinder, drive with guide",1,Critical,1.0,354.81,1.0,70.962,70.962,0.0140423595011719,94.95791262471282,B,0.0001404235950117,0.949579126247128,1.0,1.0,1.0,1.0,Uitgeschakeld,CYLIDA-00000003,401.36,Custom Approved,Festo B.V.,510-Cylinder," 200,68",0 dagen,8.0,1.0,2024-10-03,
MOTOADJU-00000016,"Motor, three-phase geared",1,Critical,1.0,355.37,1.0,71.074,71.074,0.0140645226908246,94.9157696362053,B,0.0001406452269082,0.9491576963620528,1.0,1.0,1.0,1.0,Uitgeschakeld,MOTOADJU-00000016,402.0,Standard Approved,Koppe B.V. Technisch Bureau,310-Electric motor," 201,00",0 dagen,10.0,1.0,2023-12-22,
MOTOADJU-00000005,"Motor, three-phase geared",1,Critical,2.0,610.37,2.0,122.074,61.037,0.0120783447038278,96.0742996065772,C,0.0001207834470382,0.960742996065772,2.0,1.0,1.0,2.0,Uitgeschakeld,MOTOADJU-00000005,402.0,Standard Approved,Koppe B.V. Technisch Bureau,310-Electric motor," 201,00",0 dagen,10.0,1.0,2023-11-02,
000574662,"Conveyor belt, welded",3,Wear,7.0,9936.11,1.0,1987.222,1987.222,0.3932426613206784,8.14476842934083,A,0.0039324266132067,0.0814476842934083,7.0,7.0,7.0,1.0,Uitgeschakeld,000574662,402.56,Custom Approved,Ammeraal Beltech B.V.,350-Conveyor," 111,81",0 dagen,7.0,0.0,2026-03-16,
000466406,"Conveyor belt, welded",3,Wear,23.0,8499.41,21.0,1699.882,80.94676190476191,0.0160182003202057,93.38142241373193,B,0.000160182003202,0.9338142241373192,23.0,1.095238095238095,3.0,21.0,Uitgeschakeld,000466406,402.75,Standard Approved,YONGLI Nederland Wormer B.V.,350-Conveyor," 111,57",0 dagen,7.0,0.0,2026-04-22,
000822076,"Conveyor belt, welded",3,Wear,1.0,305.77,1.0,61.154,61.154,0.01210149732159,96.03803053613876,C,0.0001210149732159,0.9603803053613876,1.0,1.0,1.0,1.0,Uitgeschakeld,000822076,402.89,Custom Approved,YONGLI Nederland Wormer B.V.,350-Conveyor," 108,89",0 dagen,7.0,0.0,2025-06-05,
000303011,"Cylinder, drive with guide",1,Critical,5.0,1159.22,5.0,231.844,46.3688,0.0091757188246941,97.41959733553446,C,9.175718824694106e-05,0.9741959733553448,5.0,1.0,1.0,5.0,Uitgeschakeld,000303011,402.94,Custom Approved Racupack,Festo B.V.,510-Cylinder," 201,47",0 dagen,8.0,1.0,2024-04-22,
000545133,"Conveyor belt, welded",3,Wear,1.0,317.78,1.0,63.556,63.556,0.0125768185853905,95.71894104820448,C,0.0001257681858539,0.9571894104820448,1.0,1.0,1.0,1.0,Uitgeschakeld,000545133,403.6,Custom Approved,YONGLI Nederland Wormer B.V.,350-Conveyor," 109,08",0 dagen,7.0,0.0,2022-04-15,
BELTENDL-00000490,"Conveyor belt, welded",3,Wear,1.0,290.13,1.0,58.026,58.026,0.011482511096291,96.43870623592665,C,0.0001148251109629,0.9643870623592664,1.0,1.0,1.0,1.0,Uitgeschakeld,BELTENDL-00000490,403.6,Custom Approved,YONGLI Nederland Wormer B.V.,350-Conveyor," 109,08",0 dagen,7.0,1.0,2025-01-16,
000349570,"Motor, three-phase geared",1,Critical,2.0,627.97,2.0,125.594,62.797,0.0124266233983695,95.76891660028186,C,0.0001242662339836,0.9576891660028186,2.0,1.0,1.0,2.0,Uitgeschakeld,000349570,403.78,Custom Approved,SEW-Eurodrive B.V.,310-Electric motor," 201,89",0 dagen,10.0,1.0,2024-12-20,
000470896,"Conveyor belt, welded",3,Wear,3.0,1000.17,1.0,200.034,200.034,0.0395838524908744,75.09749968074583,A,0.0003958385249087,0.7509749968074583,3.0,3.0,3.0,1.0,Uitgeschakeld,000470896,404.12,Custom Approved,YONGLI Nederland Wormer B.V.,350-Conveyor," 110,86",0 dagen,7.0,0.0,2026-02-25,
BELTENDL-00000202,"Conveyor belt, welded",3,Wear,5.0,1997.71,3.0,399.542,133.1806666666667,0.02635453904821,84.95220477827834,B,0.0002635453904821,0.8495220477827834,5.0,1.666666666666667,3.0,3.0,Uitgeschakeld,BELTENDL-00000202,404.12,Custom Approved,YONGLI Nederland Wormer B.V.,350-Conveyor," 111,95",0 dagen,7.0,1.0,2025-03-10,
000567173,"Conveyor belt, welded",3,Wear,1.0,309.44,1.0,61.888,61.888,0.0122467453680636,95.92865620661834,C,0.0001224674536806,0.9592865620661836,1.0,1.0,1.0,1.0,Uitgeschakeld,000567173,404.6,Custom Approved,YONGLI Nederland Wormer B.V.,350-Conveyor," 109,35",0 dagen,7.0,0.0,2022-10-27,
BALVOVETECNA24#C,Veerbalancer 2-4 kg,2,Critical,13.0,11623.3,4.0,2324.66,581.1650000000001,0.1150041974507287,40.20065714601234,A,0.0011500419745072,0.4020065714601234,13.0,3.25,6.0,4.0,Uitgeschakeld,BALVOVETECNA24#C,404.8,Custom approved,Manutan B.V.,700-General parts," 76,71",21 dagen,10.0,1.0,2026-04-16,
000794373,"Conveyor belt, welded",3,Wear,7.0,5072.88,2.0,1014.576,507.288,0.1003850013617222,44.72717851701297,A,0.0010038500136172,0.4472717851701297,7.0,3.5,6.0,2.0,Uitgeschakeld,000794373,405.26,Custom Approved,YONGLI Nederland Wormer B.V.,350-Conveyor," 112,27",0 dagen,7.0,0.0,2026-04-01,
MOTOADJU-00000014,"Motor, three-phase geared",1,Critical,2.0,0.0,1.0,0.0,0.0,0.0,100.0000000000002,C,0.0,1.000000000000002,2.0,2.0,2.0,1.0,Uitgeschakeld,MOTOADJU-00000014,405.6,Custom Approved,Koppe B.V. Technisch Bureau,310-Electric motor," 202,80",0 dagen,10.0,1.0,2022-02-23,
000549840,"Transport belt endless, VLV welded",3,Wear,2.0,636.15,1.0,127.23,127.23,0.0251769876741651,85.82685823897724,B,0.0002517698767416,0.8582685823897723,2.0,2.0,2.0,1.0,Uitgeschakeld,000549840,405.71,Custom Approved,YONGLI Nederland Wormer B.V.,350-Conveyor," 109,65",0 dagen,7.0,0.0,2022-10-28,
LEN_I550.55STO-PN,"Frequency inverter i55 0,55kW 1P+STO+PN",1,Critical,1.0,0.0,1.0,0.0,0.0,0.0,100.0000000000002,C,0.0,1.000000000000002,1.0,1.0,1.0,1.0,Uitgeschakeld,LEN_I550.55STO-PN,405.96,Custom approved,Lenze B.V.,610-Motor control," 202,98",3 dagen,10.0,1.0,2023-05-23,
000599850,Photocell,2,Critical,5.0,1815.68,2.0,363.136,181.568,0.035929696596894,77.93285925713806,A,0.0003592969659689,0.7793285925713807,5.0,2.5,4.0,2.0,Uitgeschakeld,000599850,406.3,Custom Approved,Sick B.V.,660-Sensor and lighting," 203,15",0 dagen,10.0,0.0,2025-12-10,
000340246,"Conveyor belt, welded",3,Wear,2.0,574.65,1.0,114.93,114.93,0.0227429945248118,87.45664370744672,B,0.0002274299452481,0.8745664370744671,2.0,2.0,2.0,1.0,Uitgeschakeld,000340246,406.56,Custom Approved,YONGLI Nederland Wormer B.V.,350-Conveyor," 109,88",0 dagen,7.0,1.0,2025-06-20,
000530758,"Conveyor belt, welded",3,Wear,1.0,305.61,1.0,61.122,61.122,0.0120951649816892,96.06222126187338,C,0.0001209516498168,0.9606222126187338,1.0,1.0,1.0,1.0,Uitgeschakeld,000530758,407.6,Custom Approved,YONGLI Nederland Wormer B.V.,350-Conveyor," 110,16",0 dagen,7.0,0.0,2024-07-16,
000743547,"Conveyor belt, welded",3,Wear,2.0,1035.76,1.0,207.152,207.152,0.040992402347549,73.93046571527965,A,0.0004099240234754,0.7393046571527965,2.0,2.0,2.0,1.0,Uitgeschakeld,000743547,407.74,Custom Approved,YONGLI Nederland Wormer B.V.,350-Conveyor," 110,20",0 dagen,0.0,0.0,2025-05-23,
000725629,"Conveyor belt, welded",3,Wear,1.0,363.79,1.0,72.75800000000001,72.75800000000001,0.0143977620781019,94.63095830927904,B,0.000143977620781,0.9463095830927906,1.0,1.0,1.0,1.0,Uitgeschakeld,000725629,407.89,Custom Approved,YONGLI Nederland Wormer B.V.,350-Conveyor," 111,89",0 dagen,7.0,0.0,2026-02-11,
000550172,"Conveyor belt, welded VLV",3,Wear,1.0,312.91,1.0,62.58200000000001,62.58200000000001,0.0123840779896613,95.78130067827152,C,0.0001238407798966,0.9578130067827152,1.0,1.0,1.0,1.0,Uitgeschakeld,000550172,409.11,Custom Approved,YONGLI Nederland Wormer B.V.,350-Conveyor," 110,57",0 dagen,7.0,0.0,2024-07-18,
000526980,"Motor, three-phase geared",1,Critical,1.0,385.51,1.0,77.102,77.102,0.0152573772196296,94.02224809303588,B,0.0001525737721962,0.9402224809303588,1.0,1.0,1.0,1.0,Uitgeschakeld,000526980,409.24,Custom Approved,SEW-Eurodrive B.V.,310-Electric motor," 204,62",0 dagen,10.0,0.0,2023-09-06,
LEN_I55AE175F1AV1100MS,"Frequency inverter US i55 0,75kW 3P+E-IP",1,Critical,1.0,361.77,1.0,72.354,72.354,0.0143178162868549,94.74568004479308,B,0.0001431781628685,0.9474568004479308,1.0,1.0,1.0,1.0,Uitgeschakeld,LEN_I55AE175F1AV1100MS,409.24,Custom Approved,Lenze B.V.,610-Motor control," 204,62",0 dagen,10.0,0.0,2023-01-20,
000589145,"Conveyor belt, welded",3,Wear,1.0,329.07,1.0,65.814,65.814,0.0130236443196377,95.47537717714746,C,0.0001302364431963,0.9547537717714746,1.0,1.0,1.0,1.0,Uitgeschakeld,000589145,409.74,Custom Approved,YONGLI Nederland Wormer B.V.,350-Conveyor," 110,74",0 dagen,7.0,0.0,2023-01-31,
BELTENDL-00000144,"Transport belt endless, VLV welded",3,Wear,1.0,308.01,1.0,61.602,61.602,0.0121901500802006,95.9653061189298,C,0.000121901500802,0.9596530611892978,1.0,1.0,1.0,1.0,Uitgeschakeld,BELTENDL-00000144,409.78,Custom approved,YONGLI Nederland Wormer B.V.,350-Conveyor," 110,75",0 dagen,7.0,1.0,2023-02-03,
CON_C300-024-00023,"Frequency inverter  0,75kW 3P FS2",1,Critical,17.0,6639.42,17.0,1327.884,78.11082352941176,0.0154570088911333,93.8690617988779,B,0.0001545700889113,0.938690617988779,17.0,1.0,1.0,17.0,Uitgeschakeld,CON_C300-024-00023,410.0,Standard Approved,Nidec Netherlands B.V.,610-Motor control," 205,00",0 dagen,10.0,0.0,2026-04-23,
000790953,"Motor, three-phase geared",1,Critical,1.0,410.1,1.0,82.02000000000001,82.02000000000001,0.0162305787081272,93.12335420882768,B,0.0001623057870812,0.9312335420882768,1.0,1.0,1.0,1.0,Uitgeschakeld,000790953,410.1,Custom Approved,SEW-Eurodrive B.V.,310-Electric motor," 205,05",0 dagen,10.0,0.0,2026-05-04,
000547108,"Conveyor belt, welded",3,Wear,1.0,615.22,1.0,123.044,123.044,0.0243486384608974,86.4454947090505,B,0.0002434863846089,0.864454947090505,1.0,1.0,1.0,1.0,Uitgeschakeld,000547108,410.22,Custom Approved,YONGLI Nederland Wormer B.V.,350-Conveyor," 110,87",0 dagen,7.0,0.0,2024-07-16,
000230681,"Conveyor belt, welded",3,Wear,1.0,309.6,1.0,61.92,61.92,0.0122530777079643,95.90415994548351,C,0.0001225307770796,0.9590415994548352,1.0,1.0,1.0,1.0,Uitgeschakeld,000230681,411.89,Custom Approved,YONGLI Nederland Wormer B.V.,350-Conveyor," 111,32",0 dagen,7.0,1.0,2024-04-22,
000662069,"Motor, three-phase geared",1,Critical,1.0,364.61,1.0,72.922,72.922,0.0144302153200933,94.60213310227957,B,0.0001443021532009,0.9460213310227956,1.0,1.0,1.0,1.0,Uitgeschakeld,000662069,412.46,Custom Approved,SEW-Eurodrive B.V.,310-Electric motor," 206,23",0 dagen,10.0,0.0,2024-01-11,
000466251,"Motor, three-phase geared",1,Critical,1.0,343.98,1.0,68.796,68.796,0.0136137392441395,95.27613039899856,C,0.0001361373924413,0.9527613039899856,1.0,1.0,1.0,1.0,Uitgeschakeld,000466251,412.46,Custom Approved,SEW-Eurodrive B.V.,310-Electric motor," 206,23",0 dagen,10.0,0.0,2023-09-06,
000391859,"Conveyor belt, welded",3,Wear,1.0,325.64,1.0,65.128,65.128,0.0128878947830152,95.57885156883827,C,0.0001288789478301,0.9557885156883827,1.0,1.0,1.0,1.0,Uitgeschakeld,000391859,412.67,Custom Approved,YONGLI Nederland Wormer B.V.,350-Conveyor," 111,53",0 dagen,7.0,1.0,2024-03-11,
000496173,"Conveyor belt, welded",3,Wear,4.0,1508.91,1.0,301.782,301.782,0.0597183187478182,61.51907117397764,A,0.0005971831874781,0.6151907117397764,4.0,4.0,4.0,1.0,Uitgeschakeld,000496173,412.7,Custom Approved,YONGLI Nederland Wormer B.V.,350-Conveyor," 113,21",0 dagen,7.0,0.0,2026-02-16,
000562463,"Photocell, diffused-reflective",2,Critical,2.0,641.26,2.0,128.252,64.126,0.0126896133898728,95.68113197365476,C,0.0001268961338987,0.9568113197365476,2.0,1.0,1.0,2.0,Uitgeschakeld,000562463,413.1,Standard Approved,Sick B.V.,660-Sensor and lighting," 206,55",0 dagen,10.0,0.0,2024-12-20,
BELTENDL-00000743,"Conveyor belt, welded",3,Wear,1.0,413.55,1.0,82.71000000000001,82.71000000000001,0.0163671197872373,92.97652174255042,B,0.0001636711978723,0.9297652174255042,1.0,1.0,1.0,1.0,Uitgeschakeld,BELTENDL-00000743,413.55,Custom Approved,YONGLI Nederland Wormer B.V.,350-Conveyor," 116,29",0 dagen,7.0,1.0,2026-04-09,
OMR_3G3M1-AB007,"Frequency inverter  1,1kW 1PN",1,Critical,1.0,1020.87,1.0,204.174,204.174,0.0404030989655349,74.41864039014268,A,0.0004040309896553,0.7441864039014269,1.0,1.0,1.0,1.0,Uitgeschakeld,OMR_3G3M1-AB007,413.6,Custom Approved,Omron Electronics B.V.,610-Motor control," 206,80",0 dagen,10.0,0.0,2025-04-09,
BELTENDL-00000168,"Conveyor belt, welded",3,Wear,3.0,1318.83,3.0,263.766,87.92199999999998,0.017398499648573,92.02652447805713,B,0.0001739849964857,0.9202652447805711,3.0,1.0,1.0,3.0,Uitgeschakeld,BELTENDL-00000168,413.89,Standard Approved,YONGLI Nederland Wormer B.V.,350-Conveyor," 111,86",0 dagen,7.0,1.0,2025-09-24,
000691111,"Conveyor belt, welded",3,Wear,1.0,349.25,1.0,69.85,69.85,0.0138223106896206,95.13882014747097,C,0.0001382231068962,0.9513882014747096,1.0,1.0,1.0,1.0,Uitgeschakeld,000691111,414.18,Custom Approved,YONGLI Nederland Wormer B.V.,350-Conveyor," 111,94",0 dagen,7.0,0.0,2024-04-22,
000304364,"Cylinder, semi-rotary",1,Critical,1.0,326.77,1.0,65.354,65.354,0.0129326169335643,95.54014593273736,C,0.0001293261693356,0.9554014593273736,1.0,1.0,1.0,1.0,Uitgeschakeld,000304364,414.86,Custom Approved,Festo B.V.,510-Cylinder," 207,43",0 dagen,8.0,1.0,2023-08-18,
000289035,"Transport belt endless, VLV welded",3,Wear,2.0,1307.56,2.0,261.512,130.756,0.0258747323769798,85.26539381545093,B,0.0002587473237697,0.8526539381545094,2.0,1.0,1.0,2.0,Uitgeschakeld,000289035,415.11,Custom approved,YONGLI Nederland Wormer B.V.,350-Conveyor," 112,19",0 dagen,7.0,1.0,2024-03-04,
000488896,"Conveyor belt, welded",3,Wear,6.0,2363.08,6.0,472.616,78.76933333333334,0.0155873185132087,93.79156527289408,B,0.000155873185132,0.9379156527289408,6.0,1.0,1.0,6.0,Uitgeschakeld,000488896,415.74,Custom Approved,YONGLI Nederland Wormer B.V.,350-Conveyor," 114,05",0 dagen,7.0,0.0,2025-01-17,
000236984,"Conveyor belt, welded",3,Wear,1.0,632.14,1.0,126.428,126.428,0.0250182834054024,85.9522429224959,B,0.000250182834054,0.8595224292249589,1.0,1.0,1.0,1.0,Uitgeschakeld,000236984,416.48,Custom Approved,YONGLI Nederland Wormer B.V.,350-Conveyor," 112,56",0 dagen,7.0,1.0,2023-07-27,
MOTOADJU-00000011,"Motor, three-phase geared",1,Critical,1.0,276.7,1.0,55.34,55.34,0.0109509903158712,96.67327552516286,C,0.0001095099031587,0.9667327552516286,1.0,1.0,1.0,1.0,Uitgeschakeld,MOTOADJU-00000011,416.8,Standard Approved,Koppe B.V. Technisch Bureau,310-Electric motor," 208,40",0 dagen,10.0,1.0,2023-03-24,
000331621,"Motor, three-phase geared",1,Critical,2.0,723.13,1.0,144.626,144.626,0.0286194059527141,83.13538060293607,B,0.0002861940595271,0.8313538060293607,2.0,2.0,2.0,1.0,Uitgeschakeld,000331621,417.34,Custom Approved,SEW-Eurodrive B.V.,310-Electric motor," 208,67",0 dagen,10.0,1.0,2023-09-07,
000498972,"Motor, three-phase geared",1,Critical,1.0,370.88,1.0,74.176,74.176,0.0146783638899542,94.50043849387214,B,0.0001467836388995,0.9450043849387214,1.0,1.0,1.0,1.0,Uitgeschakeld,000498972,417.34,Custom Approved,SEW-Eurodrive B.V.,310-Electric motor," 208,67",0 dagen,10.0,0.0,2024-08-27,
LEN_I55-1F.75-ETC,"Frequency inverter i55 0,75kW 1P+STO+ETC",1,Critical,15.0,5276.4,11.0,1055.28,95.93454545454546,0.018984067188837,90.53510461553304,B,0.0001898406718883,0.9053510461553302,15.0,1.363636363636364,4.0,11.0,Uitgeschakeld,LEN_I55-1F.75-ETC,417.9,Custom approved,Lenze B.V.,610-Motor control," 208,95",3 dagen,10.0,1.0,2025-11-27,
000371107,"Motor, three-phase",1,Critical,10.0,3627.08,10.0,725.4159999999999,72.54159999999999,0.014354939629523,94.6596749958035,B,0.0001435493962952,0.946596749958035,10.0,1.0,1.0,10.0,Uitgeschakeld,000371107,418.36,Standard Approved,SEW-Eurodrive B.V.,310-Electric motor," 216,44",0 dagen,10.0,1.0,2026-04-23,
LEN_I55-3F1.1-STO,"Frequency inverter i55 1,1kW 3P+STO",1,Critical,1.0,0.0,1.0,0.0,0.0,0.0,100.0000000000002,C,0.0,1.000000000000002,1.0,1.0,1.0,1.0,Geselecteerd,LEN_I55-3F1.1-STO,419.0,Custom approved,Lenze B.V.,610-Motor control," 209,50",3 dagen,10.0,1.0,2023-02-23,
000593308,"Conveyor belt, welded",3,Wear,1.0,336.52,1.0,67.304,67.304,0.0133184938962667,95.35680015479332,C,0.0001331849389626,0.9535680015479332,1.0,1.0,1.0,1.0,Uitgeschakeld,000593308,419.03,Custom Approved,YONGLI Nederland Wormer B.V.,350-Conveyor," 113,25",0 dagen,7.0,0.0,2023-01-27,
SENSDIST-00000001,Afstandsensor,Onbekend,Onbekend,14.0,5684.15,11.0,1136.83,103.3481818181818,0.0204511192311856,89.17684411982165,B,0.0002045111923118,0.8917684411982165,14.0,1.272727272727273,2.0,11.0,Uitgeschakeld,SENSDIST-00000001,420.4,Standard Approved,Sick B.V.,660-Sensor and lighting," 217,00",0 dagen,10.0,1.0,2026-04-14,
000731516,"Conveyor belt, welded",3,Wear,1.0,421.17,1.0,84.23400000000001,84.23400000000001,0.0166686974750108,92.76152215181466,B,0.0001666869747501,0.9276152215181466,1.0,1.0,1.0,1.0,Uitgeschakeld,000731516,421.17,Custom Approved,YONGLI Nederland Wormer B.V.,350-Conveyor," 115,54",0 dagen,7.0,0.0,2026-01-09,
PLC7SIE-6ES7322-1,S7-300 SM321 32 out,Onbekend,Onbekend,1.0,306.2,1.0,61.23999999999999,61.23999999999999,0.0121185154850733,96.0017131156467,C,0.0001211851548507,0.9600171311564668,1.0,1.0,1.0,1.0,Uitgeschakeld,PLC7SIE-6ES7322-1,422.96,Custom approved,Solar Nederland B.V.,630-Automation," 211,48",21 dagen,10.0,1.0,2021-11-22,
BELTENDL-00000944,"Conveyor belt, welded",3,Wear,1.0,754.86,1.0,150.972,150.972,0.0298751881092829,82.34691164783641,B,0.0002987518810928,0.8234691164783641,1.0,1.0,1.0,1.0,Uitgeschakeld,BELTENDL-00000944,423.17,Custom Approved,YONGLI Nederland Wormer B.V.,350-Conveyor," 127,98",0 dagen,7.0,1.0,2025-08-25,
000792010,"Conveyor belt, welded",3,Wear,1.0,377.75,1.0,75.55,75.55,0.0149502587344429,94.23393089415016,B,0.0001495025873444,0.9423393089415016,1.0,1.0,1.0,1.0,Uitgeschakeld,000792010,423.54,Custom Approved,YONGLI Nederland Wormer B.V.,350-Conveyor," 114,47",0 dagen,7.0,0.0,2025-09-24,
MOTOADJU-00000030,"Motor, three-phase geared",1,Critical,1.0,312.2,1.0,62.44,62.44,0.0123559782313516,95.79365665650286,C,0.0001235597823135,0.9579365665650288,1.0,1.0,1.0,1.0,Uitgeschakeld,MOTOADJU-00000030,425.4,Standard Approved,Koppe B.V. Technisch Bureau,310-Electric motor," 212,70",0 dagen,10.0,1.0,2026-04-06,
000425103,"Conveyor belt, welded",3,Wear,1.0,737.52,1.0,147.504,147.504,0.0291889207725384,82.73003948453653,B,0.0002918892077253,0.8273003948453653,1.0,1.0,1.0,1.0,Uitgeschakeld,000425103,425.87,Custom Approved,YONGLI Nederland Wormer B.V.,350-Conveyor," 115,10",0 dagen,7.0,1.0,2021-12-22,
BELTENDL-00000930,"Transport belt endless, VLV welded",3,Wear,8.0,6254.91,3.0,1250.982,416.994,0.0825171170180055,51.32965382821327,A,0.00082517117018,0.5132965382821327,8.0,2.666666666666667,4.0,3.0,Uitgeschakeld,BELTENDL-00000930,426.39,Custom approved,YONGLI Nederland Wormer B.V.,350-Conveyor," 115,24",0 dagen,7.0,1.0,2025-12-03,
000515361,Motorreductor,Onbekend,Onbekend,1.0,353.9,1.0,70.78,70.78,0.0140063443179864,94.99996886016368,B,0.0001400634431798,0.949999688601637,1.0,1.0,1.0,1.0,Uitgeschakeld,000515361,426.98,Custom Approved,SEW-Eurodrive B.V.,310-Electric motor," 213,49",0 dagen,10.0,0.0,2022-01-13,
000662549,"Conveyor belt, welded",3,Wear,1.0,355.15,1.0,71.03,71.03,0.014055815723461,94.92982545192876,B,0.0001405581572346,0.9492982545192876,1.0,1.0,1.0,1.0,Uitgeschakeld,000662549,427.5,Custom Approved,YONGLI Nederland Wormer B.V.,350-Conveyor," 115,54",0 dagen,7.0,0.0,2025-06-27,
000752800,"Conveyor belt, welded",3,Wear,1.0,360.58,1.0,72.116,72.116,0.014270719508843,94.75995076430192,B,0.0001427071950884,0.9475995076430194,1.0,1.0,1.0,1.0,Uitgeschakeld,000752800,427.61,Custom Approved,YONGLI Nederland Wormer B.V.,350-Conveyor," 115,57",0 dagen,7.0,0.0,2025-02-07,
BELTENDL-00000447,"Transport belt endless, VLV welded",3,Wear,1.0,350.57,1.0,70.114,70.114,0.0138745524938019,95.0695984541838,C,0.000138745524938,0.950695984541838,1.0,1.0,1.0,1.0,Uitgeschakeld,BELTENDL-00000447,427.91,Custom approved,YONGLI Nederland Wormer B.V.,350-Conveyor," 115,65",0 dagen,7.0,1.0,2023-10-10,
BANTWELMGC021001-,"Conveyor belt, welded",3,Wear,42.0,23826.29,18.0,4765.258,264.7365555555555,0.0523875579354175,66.48017186580316,A,0.0005238755793541,0.6648017186580315,42.0,2.333333333333333,9.0,18.0,Uitgeschakeld,BANTWELMGC021001-,428.17,Standard Approved,YONGLI Nederland Wormer B.V.,350-Conveyor," 118,61",14 dagen,7.0,1.0,2026-04-27,
000493851,"Conveyor belt, welded",3,Wear,2.0,705.5,2.0,141.1,70.55,0.0139608306249497,95.02789260820744,C,0.0001396083062494,0.9502789260820744,2.0,1.0,1.0,2.0,Uitgeschakeld,000493851,428.54,Custom Approved,YONGLI Nederland Wormer B.V.,350-Conveyor," 115,82",0 dagen,7.0,0.0,2024-11-08,
BELTENDL-00000517,"Conveyor belt, welded",3,Wear,3.0,1134.24,1.0,226.848,226.848,0.0448899575564648,71.30999052328663,A,0.0004488995755646,0.7130999052328663,3.0,3.0,3.0,1.0,Uitgeschakeld,BELTENDL-00000517,428.61,Custom Approved,YONGLI Nederland Wormer B.V.,350-Conveyor," 117,58",0 dagen,7.0,1.0,2025-12-30,
BELTENDL-00000082,"Conveyor belt, welded",3,Wear,7.0,3171.15,5.0,634.23,126.846,0.0251009995953561,85.87710139837729,B,0.0002510099959535,0.858771013983773,7.0,1.4,2.0,5.0,Uitgeschakeld,BELTENDL-00000082,428.87,Standard Approved,YONGLI Nederland Wormer B.V.,350-Conveyor," 118,81",5 dagen,7.0,1.0,2025-05-13,
000597981,"Conveyor belt, welded",3,Wear,1.0,345.82,1.0,69.164,69.164,0.0136865611529982,95.24883139385275,C,0.0001368656115299,0.9524883139385276,1.0,1.0,1.0,1.0,Uitgeschakeld,000597981,430.61,Custom Approved,YONGLI Nederland Wormer B.V.,350-Conveyor," 116,38",0 dagen,7.0,0.0,2023-08-18,
000302408,"Conveyor belt, welded",3,Wear,1.0,324.7,1.0,64.94,64.94,0.0128506922860983,95.59170226112438,C,0.0001285069228609,0.9559170226112438,1.0,1.0,1.0,1.0,Uitgeschakeld,000302408,431.94,Custom Approved,YONGLI Nederland Wormer B.V.,350-Conveyor," 116,74",0 dagen,7.0,1.0,2022-05-20,
000826648,"Conveyor belt, welded",3,Wear,1.0,385.57,1.0,77.114,77.114,0.0152597518470924,94.00699071581624,B,0.0001525975184709,0.9400699071581624,1.0,1.0,1.0,1.0,Uitgeschakeld,000826648,432.31,Custom Approved,YONGLI Nederland Wormer B.V.,350-Conveyor," 116,84",0 dagen,7.0,0.0,2025-09-24,
000609595,"Conveyor belt, welded",3,Wear,1.0,347.51,1.0,69.502,69.502,0.0137534464931999,95.23514483269976,C,0.0001375344649319,0.9523514483269976,1.0,1.0,1.0,1.0,Uitgeschakeld,000609595,432.72,Custom Approved,YONGLI Nederland Wormer B.V.,350-Conveyor," 116,95",0 dagen,7.0,0.0,2024-09-05,
000608386,"Conveyor roller, drive, PolyVee",3,Wear,2.0,1516.32,2.0,303.264,151.632,0.030005792619736,82.16747134052616,B,0.0003000579261973,0.8216747134052617,2.0,1.0,1.0,2.0,Uitgeschakeld,000608386,432.9,Custom Approved,Itoh Denki Europe,350-Conveyor," 117,00",0 dagen,8.0,0.0,2023-06-02,
BELTENDL-00000008,"Conveyor belt, welded",3,Wear,2.0,647.98,2.0,129.596,64.798,0.0128225925277887,95.617360506631,C,0.0001282259252778,0.95617360506631,2.0,1.0,1.0,2.0,Uitgeschakeld,BELTENDL-00000008,433.53,Custom Approved,YONGLI Nederland Wormer B.V.,350-Conveyor," 117,17",0 dagen,7.0,1.0,2022-07-27,
000331626,"Motor, three-phase",1,Critical,1.0,343.23,1.0,68.646,68.646,0.0135840564008547,95.3033270073298,C,0.0001358405640085,0.9530332700732982,1.0,1.0,1.0,1.0,Uitgeschakeld,000331626,434.08,Custom Approved,SEW-Eurodrive B.V.,310-Electric motor," 221,59",0 dagen,10.0,1.0,2022-03-25,
000682369,"Conveyor belt, welded, extra grip",3,Wear,1.0,408.81,1.0,81.762,81.762,0.0161795242176773,93.20438439000208,B,0.0001617952421767,0.9320438439000208,1.0,1.0,1.0,1.0,Uitgeschakeld,000682369,436.64,Custom Approved,Ammeraal Beltech B.V.,350-Conveyor," 118,01",0 dagen,7.0,0.0,2026-01-19,
000324341,"Cylinder, drive with guide",1,Critical,4.0,1361.42,3.0,272.284,90.76133333333333,0.0179603628910173,91.5303903548616,B,0.0001796036289101,0.915303903548616,4.0,1.333333333333333,2.0,3.0,Uitgeschakeld,000324341,436.72,Custom Approved Racupack,Festo B.V.,510-Cylinder," 218,36",0 dagen,8.0,1.0,2025-01-27,
000373474,"Cylinder, drive with guide",1,Critical,3.0,1642.56,3.0,328.512,109.504,0.0216692671403897,88.14368763971818,B,0.0002166926714038,0.8814368763971818,3.0,1.0,1.0,3.0,Uitgeschakeld,000373474,438.98,Custom Approved,Festo B.V.,510-Cylinder," 219,49",0 dagen,8.0,1.0,2026-03-26,
000686655,"Conveyor belt, welded",3,Wear,2.0,787.65,1.0,157.53,157.53,0.0311729220176942,81.31376638761735,B,0.0003117292201769,0.8131376638761735,2.0,2.0,2.0,1.0,Uitgeschakeld,000686655,439.23,Custom Approved,YONGLI Nederland Wormer B.V.,350-Conveyor," 120,49",0 dagen,7.0,0.0,2026-02-16,
000331609,"Motor, three-phase geared",1,Critical,6.0,2183.27,5.0,436.654,87.3308,0.0172815096689065,92.25191484258508,B,0.000172815096689,0.9225191484258508,6.0,1.2,2.0,5.0,Uitgeschakeld,000331609,439.52,Standard Approved,SEW-Eurodrive B.V.,310-Electric motor," 224,38",0 dagen,10.0,1.0,2025-01-17,
000607758,"Conveyor belt, welded",3,Wear,2.0,723.8399999999999,2.0,144.768,72.38399999999999,0.0143237528555118,94.71704243336316,B,0.0001432375285551,0.9471704243336316,2.0,1.0,1.0,2.0,Uitgeschakeld,000607758,439.67,Custom Approved,YONGLI Nederland Wormer B.V.,350-Conveyor," 118,83",0 dagen,7.0,0.0,2023-12-08,
000762203,"Conveyor belt, welded",3,Wear,1.0,333.73,1.0,66.74600000000001,66.74600000000001,0.0132080737192472,95.42310727320788,C,0.0001320807371924,0.9542310727320789,1.0,1.0,1.0,1.0,Uitgeschakeld,000762203,439.75,Custom Approved,YONGLI Nederland Wormer B.V.,350-Conveyor," 120,63",0 dagen,7.0,0.0,2025-12-15,
000331613,"Motor, three-phase geared",1,Critical,1.0,0.0,1.0,0.0,0.0,0.0,100.0000000000002,C,0.0,1.000000000000002,1.0,1.0,1.0,1.0,Uitgeschakeld,000331613,439.94,Custom Approved,SEW-Eurodrive B.V.,310-Electric motor," 219,97",0 dagen,10.0,1.0,2022-03-11,
BELTENDL-00000452,"Transport belt endless, VLV welded",3,Wear,1.0,331.41,1.0,66.28200000000001,66.28200000000001,0.0131162547906863,95.43622352799858,C,0.0001311625479068,0.9543622352799858,1.0,1.0,1.0,1.0,Uitgeschakeld,BELTENDL-00000452,440.9,Custom approved,YONGLI Nederland Wormer B.V.,350-Conveyor," 119,16",0 dagen,7.0,1.0,2023-10-10,
LEN_I5DAE215F1AV10000S,"Frequency inverter i55 1,5kW 3P+STO",1,Critical,2.0,390.14,2.0,78.02799999999999,39.014,0.0077203096527539,97.98922484913844,C,7.720309652753918e-05,0.9798922484913846,2.0,1.0,1.0,2.0,Uitgeschakeld,LEN_I5DAE215F1AV10000S,441.34,Custom Approved,Lenze B.V.,610-Motor control," 220,67",5 dagen,7.0,0.0,2025-07-08,
BANTWELMGC021406-,"Conveyor belt, welded",3,Wear,2.0,720.8900000000001,2.0,144.178,72.08900000000001,0.0142653765970517,94.774216140899,B,0.0001426537659705,0.94774216140899,2.0,1.0,1.0,2.0,Uitgeschakeld,BANTWELMGC021406-,441.56,Standard Approved,YONGLI Nederland Wormer B.V.,350-Conveyor," 121,13",0 dagen,7.0,1.0,2024-06-27,
000552128,"Conveyor belt, welded",3,Wear,1.0,371.19,1.0,74.238,74.238,0.0146906327985119,94.47107939146476,B,0.0001469063279851,0.9447107939146476,1.0,1.0,1.0,1.0,Uitgeschakeld,000552128,441.67,Custom Approved,YONGLI Nederland Wormer B.V.,350-Conveyor," 119,37",0 dagen,7.0,0.0,2026-04-08,
000784664,Encoder,3,Critical,1.0,839.8,1.0,167.96,167.96,0.0332368690540971,80.15288297670816,B,0.0003323686905409,0.8015288297670816,1.0,1.0,1.0,1.0,Uitgeschakeld,000784664,442.0,Custom Approved,Baumer SA-NV,660-Sensor and lighting," 221,00",0 dagen,10.0,0.0,2025-09-02,
CILRFESDSM-T#1,"Cylinder, semi-rotary",1,Critical,29.0,10758.81,24.0,2151.762,89.65674999999999,0.0177417817311617,91.81575181887985,B,0.0001774178173116,0.9181575181887984,29.0,1.208333333333333,3.0,24.0,Uitgeschakeld,CILRFESDSM-T#1,443.1,Standard Approved,Festo B.V.,510-Cylinder," 221,55",21 dagen,8.0,1.0,2025-12-15,
BELTENDL-00000474,"Transport belt endless, VLV welded",3,Wear,1.0,370.94,1.0,74.188,74.188,0.014680738517417,94.48576012998218,B,0.0001468073851741,0.944857601299822,1.0,1.0,1.0,1.0,Uitgeschakeld,BELTENDL-00000474,443.49,Custom approved,YONGLI Nederland Wormer B.V.,350-Conveyor," 119,86",0 dagen,7.0,1.0,2023-10-10,
000633912,"Reductor, servo",2,Critical,2.0,712.11,1.0,142.422,142.422,0.0281832660420494,83.41981318623834,B,0.0002818326604204,0.8341981318623835,2.0,2.0,2.0,1.0,Uitgeschakeld,000633912,443.52,Custom Approved,Apex Dynamics B.V.,370-Gear," 221,76",0 dagen,10.0,0.0,2025-06-27,
000623644,"Reductor, servo",2,Critical,1.0,376.48,1.0,75.296,75.296,0.0148999957864807,94.27865502355549,B,0.0001489999578648,0.9427865502355548,1.0,1.0,1.0,1.0,Uitgeschakeld,000623644,443.52,Custom Approved,Apex Dynamics B.V.,370-Gear," 221,76",0 dagen,10.0,0.0,2024-08-27,
000528110,"Reductor, servo",2,Critical,2.0,717.31,2.0,143.462,71.731,0.014194533544412,94.816911209339,B,0.0001419453354441,0.9481691120933902,2.0,1.0,1.0,2.0,Uitgeschakeld,000528110,443.52,Custom Approved,Apex Dynamics B.V.,370-Gear," 221,76",0 dagen,10.0,0.0,2024-01-11,
SIE_6ES7212-1AE40,"Compact CPU, 8DI/4DO onboard",Onbekend,Onbekend,3.0,1177.44,3.0,235.488,78.496,0.0155332297765564,93.8226436055845,B,0.0001553322977655,0.938226436055845,3.0,1.0,1.0,3.0,Uitgeschakeld,SIE_6ES7212-1AE40,443.98,Custom approved,Solar Nederland B.V.,630-Automation," 221,99",0 dagen,10.0,1.0,2024-08-27,
000291907,"Conveyor belt, welded",3,Wear,42.0,16811.04,11.0,3362.208,305.6552727272727,0.0604847837302377,60.97860181239911,A,0.0006048478373023,0.609786018123991,42.0,3.818181818181818,23.0,11.0,Uitgeschakeld,000291907,444.49,Custom Approved,YONGLI Nederland Wormer B.V.,350-Conveyor," 120,13",0 dagen,7.0,1.0,2025-12-17,
BELTENDL-00000454,"Transport belt endless, VLV welded",3,Wear,1.0,334.19,1.0,66.838,66.838,0.0132262791964619,95.40989919948863,C,0.0001322627919646,0.9540989919948863,1.0,1.0,1.0,1.0,Uitgeschakeld,BELTENDL-00000454,444.67,Custom approved,YONGLI Nederland Wormer B.V.,350-Conveyor," 120,18",0 dagen,7.0,1.0,2023-10-10,
000765683,"Conveyor belt, welded",3,Wear,1.0,396.66,1.0,79.33200000000001,79.33200000000001,0.0156986621564636,93.68220875690348,B,0.0001569866215646,0.9368220875690348,1.0,1.0,1.0,1.0,Uitgeschakeld,000765683,444.74,Custom Approved,YONGLI Nederland Wormer B.V.,350-Conveyor," 122,00",0 dagen,7.0,0.0,2025-07-01,
000317494,"Conveyor belt, welded",3,Wear,1.0,326.14,1.0,65.228,65.228,0.0129076833452051,95.56596367405524,C,0.000129076833452,0.9556596367405524,1.0,1.0,1.0,1.0,Uitgeschakeld,000317494,444.89,Custom Approved,YONGLI Nederland Wormer B.V.,350-Conveyor," 120,24",0 dagen,7.0,1.0,2024-05-07,
000702636,"Conveyor belt, welded",3,Wear,1.0,375.24,1.0,75.048,75.048,0.0148509201522498,94.3529455405571,B,0.0001485092015224,0.943529455405571,1.0,1.0,1.0,1.0,Uitgeschakeld,000702636,445.0,Custom Approved,YONGLI Nederland Wormer B.V.,350-Conveyor," 120,27",0 dagen,7.0,0.0,2025-01-10,
000650406,"Motor, three-phase geared",1,Critical,5.0,2052.51,4.0,410.5020000000001,102.6255,0.0203081108901598,89.31948710102577,B,0.0002030811089015,0.8931948710102577,5.0,1.25,2.0,4.0,Uitgeschakeld,000650406,445.44,Standard Approved,SEW-Eurodrive B.V.,310-Electric motor," 230,45",0 dagen,10.0,0.0,2026-03-10,
000702658,"Conveyor belt, welded",3,Wear,1.0,397.29,1.0,79.458,79.458,0.0157235957448229,93.65079243557086,B,0.0001572359574482,0.9365079243557086,1.0,1.0,1.0,1.0,Uitgeschakeld,000702658,445.44,Custom Approved,YONGLI Nederland Wormer B.V.,350-Conveyor," 122,20",0 dagen,7.0,0.0,2025-07-30,
000275879,"Conveyor belt, welded",3,Wear,2.0,1911.77,1.0,382.354,382.354,0.0756623590754363,53.61876796465501,A,0.0007566235907543,0.5361876796465501,2.0,2.0,2.0,1.0,Uitgeschakeld,000275879,447.04,CUSTOM MODIFICATION NEEDED,YONGLI Nederland Wormer B.V.,350-Conveyor," 122,63",0 dagen,7.0,1.0,2026-01-30,
000787505,"Conveyor belt, welded",3,Wear,1.0,448.37,1.0,89.674,89.674,0.0177451952581395,91.79801003714869,B,0.0001774519525813,0.9179801003714868,1.0,1.0,1.0,1.0,Uitgeschakeld,000787505,448.37,Custom Approved,YONGLI Nederland Wormer B.V.,350-Conveyor," 121,18",0 dagen,7.0,0.0,2026-05-22,
BELTENDL-00000289,"Transport belt endless, VLV welded",3,Wear,1.0,1008.54,1.0,201.708,201.708,0.0399151130219328,74.81945771729842,A,0.0003991511302193,0.7481945771729842,1.0,1.0,1.0,1.0,Uitgeschakeld,BELTENDL-00000289,449.52,Custom approved,YONGLI Nederland Wormer B.V.,350-Conveyor," 121,49",0 dagen,7.0,1.0,2024-05-16,
000653884,"Photocell, diffused-reflective",2,Critical,1.0,358.02,1.0,71.604,71.604,0.0141694020704309,94.83108061140943,B,0.0001416940207043,0.9483108061140944,1.0,1.0,1.0,1.0,Uitgeschakeld,000653884,450.0,Custom Approved,Keyence International Belgium,660-Sensor and lighting," 236,67",0 dagen,10.0,0.0,2024-12-20,
000331688,"Motor, three-phase geared",1,Critical,1.0,424.11,1.0,84.822,84.822,0.0167850542206872,92.67804476183544,B,0.0001678505422068,0.9267804476183544,1.0,1.0,1.0,1.0,Uitgeschakeld,000331688,450.24,Standard Approved,SEW-Eurodrive B.V.,310-Electric motor," 225,12",0 dagen,10.0,1.0,2024-09-05,
000342606,"Motor, three-phase geared",1,Critical,3.0,1048.88,3.0,209.776,69.92533333333334,0.013837218073137,95.1111653844536,C,0.0001383721807313,0.951111653844536,3.0,1.0,1.0,3.0,Uitgeschakeld,000342606,450.24,Custom Approved,SEW-Eurodrive B.V.,310-Electric motor," 225,12",0 dagen,10.0,1.0,2025-02-17,
000824154,"Motor, three-phase geared",1,Critical,1.0,450.48,1.0,90.096,90.096,0.0178287029905807,91.69140588646194,B,0.0001782870299058,0.9169140588646192,1.0,1.0,1.0,1.0,Uitgeschakeld,000824154,450.48,Standard Approved,SEW-Eurodrive B.V.,310-Electric motor," 233,06",0 dagen,10.0,0.0,2026-04-23,
000416499,"Motor, three-phase geared",1,Critical,1.0,409.53,1.0,81.90599999999999,81.90599999999999,0.0162080197472308,93.17200199106335,B,0.0001620801974723,0.9317200199106336,1.0,1.0,1.0,1.0,Uitgeschakeld,000416499,450.52,Custom Approved,SEW-Eurodrive B.V.,310-Electric motor," 225,26",0 dagen,10.0,1.0,2021-06-21,
000701235,"Conveyor belt, welded",3,Wear,1.0,379.92,1.0,75.98400000000001,75.98400000000001,0.015036141094347,94.21898063541572,B,0.0001503614109434,0.9421898063541572,1.0,1.0,1.0,1.0,Uitgeschakeld,000701235,450.55,Custom Approved,YONGLI Nederland Wormer B.V.,350-Conveyor," 121,77",0 dagen,7.0,0.0,2024-05-31,
000331663,"Motor, three-phase geared",1,Critical,6.0,3297.86,5.0,659.572,131.9144,0.0261039630813872,85.10949577211548,B,0.0002610396308138,0.8510949577211548,6.0,1.2,2.0,5.0,Uitgeschakeld,000331663,450.78,Standard Approved,SEW-Eurodrive B.V.,310-Electric motor," 230,12",0 dagen,10.0,10.0,2025-10-31,
000564194,"Conveyor belt, welded",3,Wear,1.0,380.24,1.0,76.048,76.048,0.0150488057741485,94.17386271362282,B,0.0001504880577414,0.9417386271362282,1.0,1.0,1.0,1.0,Uitgeschakeld,000564194,450.92,Custom Approved,YONGLI Nederland Wormer B.V.,350-Conveyor," 121,87",0 dagen,7.0,0.0,2021-12-10,
000517677,"Motor, three-phase geared",1,Critical,1.0,323.27,1.0,64.654,64.654,0.0127940969982353,95.63015460362924,C,0.0001279409699823,0.9563015460362924,1.0,1.0,1.0,1.0,Uitgeschakeld,000517677,452.6,Custom Approved,SEW-Eurodrive B.V.,310-Electric motor," 226,30",0 dagen,10.0,0.0,2021-11-17,
000363800,"Conveyor belt, welded",3,Wear,1.0,355.5,1.0,71.1,71.1,0.0140696677169939,94.90170511351448,B,0.0001406966771699,0.9490170511351448,1.0,1.0,1.0,1.0,Uitgeschakeld,000363800,452.63,Custom Approved,YONGLI Nederland Wormer B.V.,350-Conveyor," 122,33",0 dagen,7.0,1.0,2024-10-29,
000472712,Air supply unit,1,Critical,8.0,5897.76,4.0,1179.552,294.888,0.058354095270449,62.75845593696035,A,0.0005835409527044,0.6275845593696036,8.0,2.0,5.0,4.0,Uitgeschakeld,000472712,453.0,Standard Approved,Festo B.V.,500-Air supply," 226,50",0 dagen,10.0,0.0,2026-02-23,
000340793,"Cylinder, drive with guide",1,Critical,2.0,697.4300000000001,1.0,139.486,139.486,0.027602273856155,84.03357816642257,B,0.0002760227385615,0.8403357816642257,2.0,2.0,2.0,1.0,Uitgeschakeld,000340793,453.16,Custom Approved,Festo B.V.,510-Cylinder," 226,58",0 dagen,8.0,1.0,2026-01-16,
000703025,"Motor, three-phase geared",1,Critical,1.0,397.53,1.0,79.506,79.506,0.015733094254674,93.61934425465311,B,0.0001573309425467,0.9361934425465313,1.0,1.0,1.0,1.0,Uitgeschakeld,000703025,453.56,Custom Approved,SEW-Eurodrive B.V.,310-Electric motor," 226,78",0 dagen,10.0,0.0,2024-08-16,
000664784,"Conveyor belt, welded",3,Wear,1.0,382.86,1.0,76.572,76.572,0.0151524978400234,94.12860468880965,B,0.0001515249784002,0.9412860468880964,1.0,1.0,1.0,1.0,Uitgeschakeld,000664784,454.03,Custom Approved,YONGLI Nederland Wormer B.V.,350-Conveyor," 122,71",0 dagen,7.0,0.0,2024-08-05,
BELTENDL-00000746,"Conveyor belt, welded",3,Wear,1.0,309.62,1.0,61.924,61.924,0.0122538692504519,95.89190686777556,C,0.0001225386925045,0.9589190686777554,1.0,1.0,1.0,1.0,Uitgeschakeld,BELTENDL-00000746,455.22,Custom Approved,YONGLI Nederland Wormer B.V.,350-Conveyor," 123,03",0 dagen,7.0,1.0,2023-11-20,
000803805,"Conveyor belt, welded",3,Wear,1.0,406.07,1.0,81.214,81.214,0.0160710828968769,93.31722945743228,B,0.0001607108289687,0.9331722945743228,1.0,1.0,1.0,1.0,Uitgeschakeld,000803805,455.29,Custom Approved,YONGLI Nederland Wormer B.V.,350-Conveyor," 123,05",0 dagen,7.0,0.0,2025-09-19,
BELTENDL-00001001,"Conveyor belt, welded",3,Wear,2.0,714.5899999999999,2.0,142.918,71.45899999999999,0.0141407086552556,94.8735388656359,B,0.0001414070865525,0.948735388656359,2.0,1.0,1.0,2.0,Uitgeschakeld,BELTENDL-00001001,455.7,Custom Approved,YONGLI Nederland Wormer B.V.,350-Conveyor," 123,16",0 dagen,7.0,1.0,2025-04-21,
000718744,"Conveyor belt, welded",3,Wear,5.0,1774.36,5.0,354.872,70.9744,0.0140448132828835,94.94387026521164,B,0.0001404481328288,0.9494387026521164,5.0,1.0,1.0,5.0,Uitgeschakeld,000718744,455.91,Standard Approved,YONGLI Nederland Wormer B.V.,350-Conveyor," 126,30",0 dagen,7.0,0.0,2026-04-22,
000343177,"Cylinder, drive with guide",1,Critical,2.0,794.63,2.0,158.926,79.463,0.0157245851729324,93.63506883982603,B,0.0001572458517293,0.9363506883982604,2.0,1.0,1.0,2.0,Uitgeschakeld,000343177,456.22,Custom Approved,Festo B.V.,510-Cylinder," 228,11",0 dagen,8.0,1.0,2024-01-11,
BELTRVS-00000031,"Conveyor belt, fastener",3,Wear,1.0,359.83,1.0,71.966,71.966,0.0142410366655582,94.8027166757946,B,0.0001424103666555,0.948027166757946,1.0,1.0,1.0,1.0,Uitgeschakeld,BELTRVS-00000031,457.03,Standard Approved,YONGLI Nederland Wormer B.V.,350-Conveyor," 123,52",0 dagen,7.0,1.0,2022-08-02,
000587838,"Conveyor belt, welded",3,Wear,1.0,339.57,1.0,67.914,67.914,0.0134392041256248,95.31676621145544,C,0.0001343920412562,0.9531676621145544,1.0,1.0,1.0,1.0,Uitgeschakeld,000587838,457.1,Custom Approved,YONGLI Nederland Wormer B.V.,350-Conveyor," 123,54",0 dagen,7.0,0.0,2023-10-24,
BELTENDL-00000348,"Conveyor belt, welded",3,Wear,1.0,660.96,1.0,132.192,132.192,0.0261588961300263,85.05725629638839,B,0.0002615889613002,0.8505725629638838,1.0,1.0,1.0,1.0,Uitgeschakeld,BELTENDL-00000348,457.21,Custom Approved,YONGLI Nederland Wormer B.V.,350-Conveyor," 123,57",0 dagen,7.0,1.0,2021-10-08,
000705097,Valve terminal multi-pin,2,Wear,1.0,385.42,1.0,77.084,77.084,0.0152538152784355,94.0375019083143,B,0.0001525381527843,0.940375019083143,1.0,1.0,1.0,1.0,Uitgeschakeld,000705097,458.94,Custom Approved,Festo B.V.,550-Valves," 229,47",0 dagen,10.0,0.0,2024-08-16,
000636522,"Conveyor belt, welded",3,Wear,1.0,387.16,1.0,77.432,77.432,0.0153226794748562,93.94585540409186,B,0.0001532267947485,0.9394585540409186,1.0,1.0,1.0,1.0,Uitgeschakeld,000636522,459.13,Custom Approved,YONGLI Nederland Wormer B.V.,350-Conveyor," 124,09",0 dagen,7.0,0.0,2023-09-06,
000331652,"Motor, three-phase geared",1,Critical,24.0,10702.52,21.0,2140.504,101.9287619047619,0.0201702364388832,89.40021469124932,B,0.0002017023643888,0.8940021469124932,24.0,1.142857142857143,3.0,21.0,Uitgeschakeld,000331652,459.7,Standard Approved,SEW-Eurodrive B.V.,310-Electric motor," 237,82",0 dagen,10.0,1.0,2025-12-15,
000685079,"Conveyor belt, welded",3,Wear,2.0,824.86,1.0,164.972,164.972,0.032645586815864,80.58103739775807,B,0.0003264558681586,0.8058103739775807,2.0,2.0,2.0,1.0,Uitgeschakeld,000685079,459.98,Custom Approved,YONGLI Nederland Wormer B.V.,350-Conveyor," 126,18",0 dagen,7.0,0.0,2026-02-16,
000331630,"Motor, three-phase geared",1,Critical,3.0,1241.23,2.0,248.246,124.123,0.024562157046926,86.32344716865951,B,0.0002456215704692,0.8632344716865952,3.0,1.5,2.0,2.0,Uitgeschakeld,000331630,461.12,Standard Approved,SEW-Eurodrive B.V.,310-Electric motor," 238,56",0 dagen,10.0,1.0,2026-02-20,
000331631,"Motor, three-phase geared",1,Critical,2.0,424.11,2.0,84.822,42.411,0.0083925271103436,97.69998025994494,C,8.392527110343631e-05,0.9769998025994494,2.0,1.0,1.0,2.0,Uitgeschakeld,000331631,461.12,Standard Approved,SEW-Eurodrive B.V.,310-Electric motor," 238,56",0 dagen,10.0,1.0,2024-09-16,
000782617,"Conveyor belt, welded",3,Wear,1.0,383.48,1.0,76.696,76.696,0.0151770356571388,94.0831060350802,B,0.0001517703565713,0.940831060350802,1.0,1.0,1.0,1.0,Uitgeschakeld,000782617,461.58,Custom Approved,YONGLI Nederland Wormer B.V.,350-Conveyor," 124,75",0 dagen,7.0,0.0,2025-05-15,
000743752,"Motor, three-phase geared",1,Critical,1.0,434.95,1.0,86.99,86.99,0.0172140702489635,92.3553110694552,B,0.0001721407024896,0.923553110694552,1.0,1.0,1.0,1.0,Uitgeschakeld,000743752,461.74,Custom Approved,SEW-Eurodrive B.V.,310-Electric motor," 230,87",0 dagen,10.0,0.0,2025-04-28,
000508594,"Conveyor belt, welded",3,Wear,1.0,350.46,1.0,70.092,70.092,0.0138701990101201,95.08346865319392,C,0.0001387019901012,0.9508346865319393,1.0,1.0,1.0,1.0,Uitgeschakeld,000508594,461.76,Custom Approved,YONGLI Nederland Wormer B.V.,350-Conveyor," 129,84",0 dagen,7.0,0.0,2021-11-23,
BELTENDL-00000039,"Conveyor belt, welded",3,Wear,67.0,42149.81,28.0,8429.962,301.0700714285714,0.0595774383197137,61.63823276459352,A,0.0005957743831971,0.6163823276459351,67.0,2.392857142857143,15.0,28.0,Uitgeschakeld,BELTENDL-00000039,462.06,Standard Approved,YONGLI Nederland Wormer B.V.,350-Conveyor," 128,00",10 dagen,7.0,1.0,2026-03-19,
000226321,"Conveyor belt, welded",3,Wear,10.0,6758.48,6.0,1351.696,225.2826666666667,0.0445802005963195,71.4885056493526,A,0.0004458020059631,0.7148850564935261,10.0,1.666666666666667,3.0,6.0,Uitgeschakeld,000226321,462.06,Custom Approved,YONGLI Nederland Wormer B.V.,350-Conveyor," 124,88",0 dagen,7.0,1.0,2026-03-11,
BELTENDL-00000665,"Conveyor belt, welded",3,Wear,8.0,4386.21,1.0,877.242,877.242,0.1735935787256152,28.25946307175197,A,0.0017359357872561,0.2825946307175197,8.0,8.0,8.0,1.0,Uitgeschakeld,BELTENDL-00000665,462.21,Custom Approved,YONGLI Nederland Wormer B.V.,350-Conveyor," 124,92",0 dagen,7.0,1.0,2024-03-06,
000713441,"Conveyor belt, welded",3,Wear,1.0,389.81,1.0,77.962,77.962,0.0154275588544625,93.88448935773236,B,0.0001542755885446,0.9388448935773236,1.0,1.0,1.0,1.0,Uitgeschakeld,000713441,462.28,Custom Approved,YONGLI Nederland Wormer B.V.,350-Conveyor," 124,94",0 dagen,7.0,0.0,2024-09-16,
000581662,"Conveyor roller, drive, PolyVee",3,Wear,2.0,1404.0,2.0,280.8,140.4,0.0277831413145704,83.86751690600892,B,0.0002778314131457,0.8386751690600891,2.0,1.0,1.0,2.0,Uitgeschakeld,000581662,462.5,Custom Approved,Itoh Denki Europe,350-Conveyor," 125,00",0 dagen,10.0,0.0,2025-02-17,
000484528,"Conveyor belt, welded",3,Wear,3.0,2402.23,1.0,480.4460000000001,480.4460000000001,0.0950733554987186,46.27960012566086,A,0.0009507335549871,0.4627960012566086,3.0,3.0,3.0,1.0,Uitgeschakeld,000484528,463.61,Custom Approved,YONGLI Nederland Wormer B.V.,350-Conveyor," 125,30",0 dagen,7.0,0.0,2026-04-23,
000331610,"Motor, three-phase geared",1,Critical,7.0,2622.79,6.0,524.558,87.42633333333333,0.0173004143419853,92.2173496069283,B,0.0001730041434198,0.922173496069283,7.0,1.166666666666667,2.0,6.0,Uitgeschakeld,000331610,464.34,Standard Approved,SEW-Eurodrive B.V.,310-Electric motor," 232,17",0 dagen,10.0,1.0,2026-04-23,
000618268,"Motor, three-phase geared",1,Critical,1.0,380.0,1.0,76.0,76.0,0.0150393072642973,94.20394449432136,B,0.0001503930726429,0.9420394449432136,1.0,1.0,1.0,1.0,Uitgeschakeld,000618268,464.72,Custom Approved,SEW-Eurodrive B.V.,310-Electric motor," 237,24",0 dagen,10.0,0.0,2025-08-13,
000365254,"Motor, three-phase geared",1,Critical,3.0,823.85,3.0,164.77,54.92333333333334,0.0108685379734135,96.7059825224834,C,0.0001086853797341,0.967059825224834,3.0,1.0,1.0,3.0,Uitgeschakeld,000365254,464.72,Custom Approved,SEW-Eurodrive B.V.,310-Electric motor," 237,24",0 dagen,10.0,1.0,2025-11-25,
000579120,"Conveyor belt, welded",3,Wear,16.0,7240.25,16.0,1448.05,90.503125,0.0179092671743962,91.5662483756372,B,0.0001790926717439,0.915662483756372,16.0,1.0,1.0,16.0,Uitgeschakeld,000579120,465.65,Standard Approved,YONGLI Nederland Wormer B.V.,350-Conveyor," 129,00",0 dagen,7.0,0.0,2026-04-22,
000331668,"Motor, three-phase geared",1,Critical,4.0,2124.91,4.0,424.982,106.2455,0.0210244568414329,88.7626874056459,B,0.0002102445684143,0.887626874056459,4.0,1.0,1.0,4.0,Uitgeschakeld,000331668,465.9,Standard Approved,SEW-Eurodrive B.V.,310-Electric motor," 241,04",0 dagen,10.0,1.0,2024-07-01,
000331669,"Motor, three-phase geared",1,Critical,3.0,1265.23,3.0,253.046,84.34866666666666,0.0166913883596552,92.72816655138745,B,0.0001669138835965,0.9272816655138744,3.0,1.0,1.0,3.0,Uitgeschakeld,000331669,465.9,Standard Approved,SEW-Eurodrive B.V.,310-Electric motor," 241,04",0 dagen,10.0,1.0,2024-04-22,
000492005,Load cell,2,Critical,49.0,18576.15,39.0,3715.23,95.2623076923077,0.0188510410011928,90.64853141450196,B,0.0001885104100119,0.9064853141450198,49.0,1.256410256410256,3.0,39.0,Uitgeschakeld,000492005,466.0,Standard Approved,Penko Engineering B.V.,660-Sensor and lighting," 233,00",0 dagen,10.0,0.0,2026-04-22,
000763251,"Linear actuator, adjustment",1,Wear,1.0,419.63,1.0,83.926,83.926,0.016607748703466,92.82809602004754,B,0.0001660774870346,0.9282809602004752,1.0,1.0,1.0,1.0,Uitgeschakeld,000763251,466.26,Custom Approved,Linak Actuator-Systems B.V.,330-Linear motion," 233,13",0 dagen,7.0,0.0,2025-09-24,
000288954,"Cylinder, drive with guide",1,Critical,1.0,400.01,1.0,80.002,80.002,0.0158312455231357,93.52462551018884,B,0.0001583124552313,0.9352462551018884,1.0,1.0,1.0,1.0,Uitgeschakeld,000288954,466.36,Custom Approved,Festo B.V.,510-Cylinder," 233,18",0 dagen,8.0,0.0,2023-02-10,
BELTENDL-00000327,"Transport belt endless, VLV welded",3,Wear,1.0,368.7,1.0,73.74,73.74,0.0145920857588064,94.54423018622708,B,0.000145920857588,0.9454423018622706,1.0,1.0,1.0,1.0,Uitgeschakeld,BELTENDL-00000327,467.17,Custom approved,YONGLI Nederland Wormer B.V.,350-Conveyor," 126,26",0 dagen,7.0,1.0,2022-05-20,
000344026,"Motor, three-phase geared",1,Critical,2.0,718.46,1.0,143.692,143.692,0.0284345807818607,83.33499363439014,B,0.0002843458078186,0.8333499363439014,2.0,2.0,2.0,1.0,Uitgeschakeld,000344026,467.5,Custom Approved,SEW-Eurodrive B.V.,310-Electric motor," 233,75",0 dagen,10.0,1.0,2026-04-28,
LEN_I55-3F1.5-STO,"Frequency inverter i55 1,5kW 3P+STO",1,Critical,1.0,413.47,1.0,82.694,82.694,0.0163639536172869,92.9928856961677,B,0.0001636395361728,0.929928856961677,1.0,1.0,1.0,1.0,Uitgeschakeld,LEN_I55-3F1.5-STO,467.72,Custom approved,Lenze B.V.,610-Motor control," 233,86",3 dagen,10.0,1.0,2023-01-20,
MOTOADJU-00000021,"Motor, three-phase geared",1,Critical,1.0,281.12,1.0,56.224,56.224,0.0111259212056296,96.57411075896736,C,0.0001112592120562,0.9657411075896736,1.0,1.0,1.0,1.0,Uitgeschakeld,MOTOADJU-00000021,468.0,Standard Approved,Koppe B.V. Technisch Bureau,310-Electric motor," 234,00",0 dagen,10.0,1.0,2024-02-02,
000421101,Toothed belt AT10,3,Wear,2.0,709.58,2.0,141.916,70.958,0.0140415679586843,94.9719541926715,B,0.0001404156795868,0.949719541926715,2.0,1.0,1.0,2.0,Uitgeschakeld,000421101,468.0,Custom approved Racupack,Ammertech B.V.,360-Drive belt," 234,00",0 dagen,3.0,1.0,2023-04-12,
000652648,"Motor, three-phase geared",1,Critical,1.0,0.0,1.0,0.0,0.0,0.0,100.0000000000002,C,0.0,1.000000000000002,1.0,1.0,1.0,1.0,Uitgeschakeld,000652648,468.54,Standard Approved,SEW-Eurodrive B.V.,310-Electric motor," 234,27",0 dagen,10.0,0.0,2023-03-03,
000259977,"Conveyor belt, welded",3,Wear,6.0,3486.71,1.0,697.342,697.342,0.1379939553460482,33.28725975674348,A,0.0013799395534604,0.3328725975674348,6.0,6.0,6.0,1.0,Uitgeschakeld,000259977,468.76,Custom Approved,YONGLI Nederland Wormer B.V.,350-Conveyor," 131,80",0 dagen,7.0,1.0,2026-05-04,
000609627,"Conveyor belt, welded",3,Wear,1.0,376.77,1.0,75.354,75.354,0.0149114731525508,94.263755027769,B,0.0001491147315255,0.94263755027769,1.0,1.0,1.0,1.0,Uitgeschakeld,000609627,469.16,Custom Approved,YONGLI Nederland Wormer B.V.,350-Conveyor," 126,80",0 dagen,7.0,0.0,2023-05-10,
000763200,"Linear actuator, adjustment",1,Wear,1.0,845.78,1.0,169.156,169.156,0.0334735402578879,79.98623043405627,A,0.0003347354025788,0.7998623043405626,1.0,1.0,1.0,1.0,Uitgeschakeld,000763200,469.88,Standard Approved,Linak Actuator-Systems B.V.,330-Linear motion," 234,94",0 dagen,7.0,0.0,2025-09-24,
000476509,"Conveyor belt, welded",3,Wear,6.0,4351.16,4.0,870.232,217.558,0.0430516001290264,72.67297959219503,A,0.0004305160012902,0.7267297959219503,6.0,1.5,2.0,4.0,Uitgeschakeld,000476509,470.05,Standard Approved,YONGLI Nederland Wormer B.V.,350-Conveyor," 130,22",0 dagen,7.0,0.0,2026-01-27,
000728626,"Conveyor belt, welded",3,Wear,1.0,397.14,1.0,79.428,79.428,0.0157176591761659,93.66651009474704,B,0.0001571765917616,0.9366651009474702,1.0,1.0,1.0,1.0,Uitgeschakeld,000728626,470.97,Custom Approved,YONGLI Nederland Wormer B.V.,350-Conveyor," 127,29",0 dagen,7.0,0.0,2025-01-17,
000304995,"Conveyor belt, welded",3,Wear,3.0,5855.74,1.0,1171.148,1171.148,0.2317533503153597,20.61751340267633,A,0.0023175335031535,0.2061751340267633,3.0,3.0,3.0,1.0,Uitgeschakeld,000304995,471.31,Custom Approved,YONGLI Nederland Wormer B.V.,350-Conveyor," 127,38",0 dagen,7.0,1.0,2026-03-03,
000331677,"Motor, three-phase geared",1,Critical,1.0,373.41,1.0,74.682,74.682,0.0147784940146349,94.41217607124692,B,0.0001477849401463,0.9441217607124692,1.0,1.0,1.0,1.0,Uitgeschakeld,000331677,472.24,Custom Approved,SEW-Eurodrive B.V.,310-Electric motor," 236,12",0 dagen,10.0,1.0,2022-03-25,
000642925,"Conveyor belt, welded",3,Wear,1.0,392.78,1.0,78.556,78.556,0.0155451029138703,93.80711037580797,B,0.0001554510291387,0.9380711037580794,1.0,1.0,1.0,1.0,Uitgeschakeld,000642925,472.79,Custom Approved,YONGLI Nederland Wormer B.V.,350-Conveyor," 127,78",0 dagen,7.0,0.0,2023-08-21,
000691443,"Conveyor belt, welded",3,Wear,5.0,3489.68,2.0,697.936,348.968,0.0690557497027279,56.66129121776863,A,0.0006905574970272,0.5666129121776863,5.0,2.5,4.0,2.0,Uitgeschakeld,000691443,473.71,Custom Approved,YONGLI Nederland Wormer B.V.,350-Conveyor," 128,03",0 dagen,7.0,0.0,2026-02-16,
000537874,"Motor, three-phase geared",1,Critical,3.0,820.86,3.0,164.172,54.724,0.0108290927727817,96.72764585305512,C,0.0001082909277278,0.9672764585305512,3.0,1.0,1.0,3.0,Uitgeschakeld,000537874,473.8,Standard Approved,Lenze B.V.,310-Electric motor," 236,91",0 dagen,10.0,0.0,2026-02-27,
000292662,"Toothed belt endless, magazine",3,Wear,6.0,9519.11,5.0,1903.822,380.7644,0.0753478000908662,53.76962931383365,A,0.0007534780009086,0.5376962931383364,6.0,1.2,2.0,5.0,Uitgeschakeld,000292662,474.28,Custom Approved,Forbo Siegling Nederland B.V.,360-Drive belt," 237,14",0 dagen,3.0,2.0,2026-04-01,
000331664,"Motor, three-phase geared",1,Critical,8.0,3338.7,7.0,667.74,95.39142857142858,0.0188765921666577,90.6296803735008,B,0.0001887659216665,0.906296803735008,8.0,1.142857142857143,2.0,7.0,Uitgeschakeld,000331664,474.48,Standard Approved,SEW-Eurodrive B.V.,310-Electric motor," 245,47",0 dagen,10.0,1.0,2026-01-26,
000447500,"Motor, three-phase geared",1,Critical,3.0,1423.44,3.0,284.688,94.896,0.0187785539756942,90.74260073133613,B,0.0001877855397569,0.9074260073133612,3.0,1.0,1.0,3.0,Uitgeschakeld,000447500,474.48,Custom Approved,SEW-Eurodrive B.V.,310-Electric motor," 245,47",0 dagen,10.0,1.0,2026-04-23,
000331670,"Motor, three-phase geared",1,Critical,13.0,5262.54,12.0,1052.508,87.709,0.0173563500111086,92.1134204081165,B,0.000173563500111,0.921134204081165,13.0,1.083333333333333,2.0,12.0,Uitgeschakeld,000331670,474.48,Standard Approved,SEW-Eurodrive B.V.,310-Electric motor," 245,47",0 dagen,10.0,1.0,2026-04-23,
000622070,"Motor, three-phase geared",1,Critical,1.0,437.76,1.0,87.55199999999999,87.55199999999999,0.0173252819684705,92.14808996907314,B,0.0001732528196847,0.9214808996907314,1.0,1.0,1.0,1.0,Uitgeschakeld,000622070,474.48,Custom Approved,SEW-Eurodrive B.V.,310-Electric motor," 237,24",0 dagen,10.0,0.0,2023-12-14,
000702455,"Motor, three-phase geared",1,Critical,2.0,868.46,2.0,173.692,86.846,0.0171855747194101,92.37249664417465,B,0.0001718557471941,0.9237249664417464,2.0,1.0,1.0,2.0,Uitgeschakeld,000702455,474.48,Standard Approved,SEW-Eurodrive B.V.,310-Electric motor," 245,47",0 dagen,10.0,0.0,2026-04-23,
000331636,"Motor, three-phase geared",1,Critical,18.0,7059.71,17.0,1411.942,83.05541176470588,0.0164354718091072,92.92731504207596,B,0.000164354718091,0.9292731504207598,18.0,1.058823529411765,2.0,17.0,Uitgeschakeld,000331636,474.48,Standard Approved,SEW-Eurodrive B.V.,310-Electric motor," 245,47",0 dagen,10.0,1.0,2026-04-23,
000384859,"Motor, three-phase geared",1,Critical,2.0,823.81,2.0,164.762,82.381,0.0163020154176326,93.09088434444406,B,0.0001630201541763,0.9309088434444408,2.0,1.0,1.0,2.0,Uitgeschakeld,000384859,474.48,Custom Approved,SEW-Eurodrive B.V.,310-Electric motor," 237,24",0 dagen,10.0,1.0,2025-05-25,
000331658,"Motor, three-phase geared",1,Critical,7.0,2502.94,7.0,500.588,71.51257142857143,0.0141513096707144,94.85939815698065,B,0.0001415130967071,0.9485939815698065,7.0,1.0,1.0,7.0,Uitgeschakeld,000331658,474.48,Standard Approved,SEW-Eurodrive B.V.,310-Electric motor," 245,47",0 dagen,10.0,1.0,2026-02-11,
000331637,"Motor, three-phase geared",1,Critical,4.0,1203.16,4.0,240.632,60.158,0.0119044032421789,96.14617868939035,C,0.0001190440324217,0.9614617868939036,4.0,1.0,1.0,4.0,Uitgeschakeld,000331637,474.48,Standard Approved,SEW-Eurodrive B.V.,310-Electric motor," 237,24",0 dagen,10.0,1.0,2025-09-24,
000652451,"Conveyor belt, welded",3,Wear,1.0,400.55,1.0,80.11,80.11,0.0158526171703008,93.50879426466572,B,0.000158526171703,0.9350879426466572,1.0,1.0,1.0,1.0,Uitgeschakeld,000652451,475.01,Custom Approved,YONGLI Nederland Wormer B.V.,350-Conveyor," 128,38",0 dagen,7.0,0.0,2024-12-02,
000622876,"Conveyor belt, welded",3,Wear,1.0,381.83,1.0,76.366,76.366,0.0151117334019122,94.14371642221153,B,0.0001511173340191,0.9414371642221152,1.0,1.0,1.0,1.0,Uitgeschakeld,000622876,475.45,Custom Approved,YONGLI Nederland Wormer B.V.,350-Conveyor," 128,50",0 dagen,7.0,0.0,2023-05-05,
000780409,"Conveyor belt, welded",3,Wear,1.0,395.15,1.0,79.03,79.03,0.0156389006986502,93.71353919587622,B,0.0001563890069865,0.9371353919587622,1.0,1.0,1.0,1.0,Uitgeschakeld,000780409,475.71,Custom Approved,YONGLI Nederland Wormer B.V.,350-Conveyor," 128,57",0 dagen,0.0,0.0,2025-05-15,
000800738,"Motor, three-phase geared",1,Critical,2.0,952.44,2.0,190.488,95.244,0.0188474181721149,90.66737883267407,B,0.0001884741817211,0.906673788326741,2.0,1.0,1.0,2.0,Uitgeschakeld,000800738,476.22,Standard Approved,SEW-Eurodrive B.V.,310-Electric motor," 246,36",0 dagen,10.0,0.0,2026-05-04,
000466530,"Conveyor belt, fastener",3,Wear,2.0,1165.52,1.0,233.104,233.104,0.0461279300070628,70.44421074532782,A,0.0004612793000706,0.7044421074532783,2.0,2.0,2.0,1.0,Uitgeschakeld,000466530,476.6,Custom Approved,YONGLI Nederland Wormer B.V.,350-Conveyor," 128,81",0 dagen,7.0,0.0,2024-05-07,
BELTENDL-00000698,"Conveyor belt, welded",3,Wear,2.0,866.6800000000001,1.0,173.336,173.336,0.0343007021574243,79.41012107588216,A,0.0003430070215742,0.7941012107588216,2.0,2.0,2.0,1.0,Uitgeschakeld,BELTENDL-00000698,476.71,Custom Approved,YONGLI Nederland Wormer B.V.,350-Conveyor," 128,84",0 dagen,7.0,1.0,2025-12-05,
000374879,"Motor, three-phase geared",1,Critical,1.0,397.96,1.0,79.592,79.592,0.0157501124181573,93.60361116039844,B,0.0001575011241815,0.9360361116039844,1.0,1.0,1.0,1.0,Uitgeschakeld,000374879,477.2,Custom Approved,SEW-Eurodrive B.V.,310-Electric motor," 238,60",0 dagen,10.0,1.0,2023-01-27,
000311097,Air supply unit,1,Critical,1.0,395.15,1.0,79.03,79.03,0.0156389006986502,93.72917809657488,B,0.0001563890069865,0.9372917809657488,1.0,1.0,1.0,1.0,Geselecteerd,000311097,477.72,Custom Approved,Festo B.V.,500-Air supply," 238,86",0 dagen,10.0,1.0,2021-09-29,
000466200,"Conveyor belt, welded",3,Wear,1.0,322.51,1.0,64.502,64.502,0.0127640183837067,95.65568264039663,C,0.000127640183837,0.9565568264039664,1.0,1.0,1.0,1.0,Uitgeschakeld,000466200,477.9,Custom Approved,YONGLI Nederland Wormer B.V.,350-Conveyor," 129,16",0 dagen,7.0,0.0,2025-01-14,
000505329,"Motor, three-phase geared",1,Critical,1.0,430.47,1.0,86.09400000000001,86.09400000000001,0.0170367647317423,92.492332219084,B,0.0001703676473174,0.92492332219084,1.0,1.0,1.0,1.0,Uitgeschakeld,000505329,478.3,Standard Approved,SEW-Eurodrive B.V.,310-Electric motor," 239,15",0 dagen,10.0,0.0,2025-09-24,
000521578,"Motor, three-phase geared",1,Critical,10.0,4185.9,9.0,837.18,93.02,0.0184073205490123,91.09511431011012,B,0.0001840732054901,0.9109511431011011,10.0,1.111111111111111,2.0,9.0,Uitgeschakeld,000521578,478.7,Standard Approved,SEW-Eurodrive B.V.,310-Electric motor," 247,65",0 dagen,10.0,0.0,2026-04-23,
000501521,"Motor, three-phase geared",1,Critical,3.0,1305.15,3.0,261.03,87.01,0.0172180279614015,92.32087936701608,B,0.000172180279614,0.923208793670161,3.0,1.0,1.0,3.0,Uitgeschakeld,000501521,478.7,Standard Approved,SEW-Eurodrive B.V.,310-Electric motor," 247,65",0 dagen,10.0,0.0,2026-02-11,
RIETMEG16AT5-3155,Toothed belt endless,3,Wear,8.0,2796.05,8.0,559.21,69.90125,0.0138324523277429,95.12499783678132,C,0.0001383245232774,0.9512499783678132,8.0,1.0,1.0,8.0,Uitgeschakeld,RIETMEG16AT5-3155,480.06,Standard Approved,Eriks B.V.,360-Drive belt," 240,03",0 dagen,3.0,9.0,2025-12-08,
000565366,"Conveyor belt, welded",3,Wear,2.0,1138.81,1.0,227.762,227.762,0.0450708250148802,71.17517381948579,A,0.0004507082501488,0.7117517381948579,2.0,2.0,2.0,1.0,Uitgeschakeld,000565366,480.3,Custom Approved,YONGLI Nederland Wormer B.V.,350-Conveyor," 129,81",0 dagen,7.0,0.0,2022-12-09,
000237291,"Conveyor belt, welded",3,Wear,1.0,324.32,1.0,64.864,64.864,0.012835652978834,95.60453791410322,C,0.0001283565297883,0.9560453791410322,1.0,1.0,1.0,1.0,Uitgeschakeld,000237291,480.6,Custom Approved,YONGLI Nederland Wormer B.V.,350-Conveyor," 129,89",0 dagen,7.0,1.0,2024-05-24,
MOTOADJU-00000031,"Motor, three-phase geared",1,Critical,5.0,2130.68,3.0,426.136,142.0453333333333,0.0281087291244676,83.53233913012228,B,0.0002810872912446,0.8353233913012228,5.0,1.666666666666667,3.0,3.0,Uitgeschakeld,MOTOADJU-00000031,480.8,Standard Approved,Koppe B.V. Technisch Bureau,310-Electric motor," 240,40",0 dagen,10.0,1.0,2025-10-03,
MOTOADJU-00000022,"Motor, three-phase geared",1,Critical,1.0,425.03,1.0,85.006,85.006,0.0168214651751166,92.61082230368824,B,0.0001682146517511,0.9261082230368824,1.0,1.0,1.0,1.0,Uitgeschakeld,MOTOADJU-00000022,480.8,Standard Approved,Koppe B.V. Technisch Bureau,310-Electric motor," 240,40",0 dagen,10.0,1.0,2023-11-02,
000371068,"Motor, three-phase geared",1,Critical,1.0,417.81,1.0,83.562,83.562,0.0165357183370949,92.89440954995624,B,0.0001653571833709,0.9289440954995624,1.0,1.0,1.0,1.0,Uitgeschakeld,000371068,481.84,Custom Approved,SEW-Eurodrive B.V.,310-Electric motor," 240,92",0 dagen,10.0,1.0,2021-09-29,
000576369,"Conveyor belt, welded",3,Wear,1.0,406.72,1.0,81.34400000000001,81.34400000000001,0.0160968080277237,93.2850797719849,B,0.0001609680802772,0.9328507977198488,1.0,1.0,1.0,1.0,Uitgeschakeld,000576369,482.33,Custom Approved,YONGLI Nederland Wormer B.V.,350-Conveyor," 132,32",0 dagen,7.0,0.0,2024-05-31,
000674071,"Cylinder, compact with guide",1,Critical,1.0,402.68,1.0,80.536,80.536,0.0159369164452296,93.42936337180684,B,0.0001593691644522,0.9342936337180684,1.0,1.0,1.0,1.0,Uitgeschakeld,000674071,484.88,Custom Approved,Festo B.V.,510-Cylinder," 242,44",0 dagen,10.0,0.0,2023-12-14,
000463929,"Conveyor belt, welded",3,Wear,1.0,362.55,1.0,72.51,72.51,0.014348686443871,94.6883747433187,B,0.0001434868644387,0.946883747433187,1.0,1.0,1.0,1.0,Uitgeschakeld,000463929,484.93,Custom Approved,YONGLI Nederland Wormer B.V.,350-Conveyor," 131,06",0 dagen,7.0,0.0,2022-03-25,
000487961,"Motor, three-phase geared",1,Critical,3.0,945.55,3.0,189.11,63.03666666666666,0.0124740499857512,95.7564899768835,C,0.0001247404998575,0.957564899768835,3.0,1.0,1.0,3.0,Uitgeschakeld,000487961,485.4,Standard Approved,Koppe B.V. Technisch Bureau,310-Electric motor," 242,70",0 dagen,10.0,0.0,2023-09-13,
000418423,"Conveyor belt, welded",3,Wear,1.0,410.04,1.0,82.00800000000001,82.00800000000001,0.0162282040806644,93.13958241290835,B,0.0001622820408066,0.9313958241290836,1.0,1.0,1.0,1.0,Uitgeschakeld,000418423,486.26,Custom Approved,YONGLI Nederland Wormer B.V.,350-Conveyor," 131,42",0 dagen,7.0,1.0,2023-10-25,
000622945,"Conveyor belt, welded",3,Wear,1.0,390.81,1.0,78.162,78.162,0.0154671359788422,93.85360478998676,B,0.0001546713597884,0.9385360478998676,1.0,1.0,1.0,1.0,Uitgeschakeld,000622945,486.62,Custom Approved,YONGLI Nederland Wormer B.V.,350-Conveyor," 131,52",0 dagen,7.0,0.0,2023-05-05,
000704319,"Conveyor belt, welded",3,Wear,2.0,921.9,1.0,184.38,184.38,0.036486150965673,77.46226033581851,A,0.0003648615096567,0.7746226033581851,2.0,2.0,2.0,1.0,Uitgeschakeld,000704319,487.29,Custom Approved,YONGLI Nederland Wormer B.V.,350-Conveyor," 133,68",0 dagen,7.0,0.0,2026-02-23,
000416344,"Cylinder, drive with guide",1,Critical,1.0,387.7,1.0,77.53999999999999,77.53999999999999,0.0153440511220212,93.930532724617,B,0.0001534405112202,0.93930532724617,1.0,1.0,1.0,1.0,Uitgeschakeld,000416344,487.3,Custom Approved,Festo B.V.,510-Cylinder," 243,65",0 dagen,8.0,1.0,2025-06-05,
000387459,"Cylinder, drive with guide",1,Critical,3.0,1056.16,3.0,211.232,70.41066666666666,0.0139332585616318,95.04182586676906,C,0.0001393325856163,0.9504182586676906,3.0,1.0,1.0,3.0,Uitgeschakeld,000387459,487.3,Custom Approved,Festo B.V.,510-Cylinder," 243,65",0 dagen,8.0,1.0,2024-04-22,
000803775,"Conveyor belt, welded",3,Wear,1.0,435.04,1.0,87.00800000000001,87.00800000000001,0.0172176321901577,92.33809699920626,B,0.0001721763219015,0.9233809699920624,1.0,1.0,1.0,1.0,Uitgeschakeld,000803775,487.77,Custom Approved,YONGLI Nederland Wormer B.V.,350-Conveyor," 131,83",0 dagen,7.0,0.0,2025-09-19,
000266191,"Linear actuator, adjustment",1,Wear,13.0,11285.4,4.0,2257.08,564.27,0.111660919868751,41.33133838704431,A,0.0011166091986875,0.4133133838704431,13.0,3.25,6.0,4.0,Uitgeschakeld,000266191,488.0,Custom Approved,Eriks B.V.,330-Linear motion," 251,50",0 dagen,10.0,5.0,2026-02-11,
000480825,"Pump, hydraulic height adjustment",Onbekend,Onbekend,8.0,3830.76,2.0,766.152,383.076,0.0758052324944471,53.54310560557958,A,0.0007580523249444,0.5354310560557958,8.0,4.0,7.0,2.0,Uitgeschakeld,000480825,488.0,Custom Approved,Ergoswiss Benelux B.V.,330-Linear motion," 244,00",0 dagen,10.0,0.0,2025-08-08,
000271457,Linear guide,Onbekend,Onbekend,1.0,0.0,1.0,0.0,0.0,0.0,100.0000000000002,C,0.0,1.000000000000002,1.0,1.0,1.0,1.0,Uitgeschakeld,000271457,489.4,Custom Approved,Festo B.V.,520-Cylinder mounting," 244,70",0 dagen,10.0,1.0,2025-08-29,
LEN_I55-3F.37-ETC,"Frequency inverter i55 0,37kW 3P+STO+ETC",1,Critical,7.0,3253.48,6.0,650.696,108.4493333333333,0.0214605637711606,88.33779309746444,B,0.0002146056377116,0.8833779309746445,7.0,1.166666666666667,2.0,6.0,Geselecteerd,LEN_I55-3F.37-ETC,489.54,Custom approved,Lenze B.V.,610-Motor control," 244,77",3 dagen,10.0,1.0,2024-07-03,
000581668,Toothed belt endless,3,Wear,1.0,756.17,1.0,151.234,151.234,0.0299270341422203,82.19739837466838,B,0.0002992703414222,0.8219739837466838,1.0,1.0,1.0,1.0,Uitgeschakeld,000581668,489.68,Custom Approved,Ammertech B.V.,360-Drive belt," 244,84",0 dagen,3.0,0.0,2023-01-06,
CON_C300-024-00041,"Frequency inverter  1,5kW 3P FS2",1,Critical,15.0,7065.65,15.0,1413.13,94.20866666666666,0.0186425405915759,90.85480834321628,B,0.0001864254059157,0.908548083432163,15.0,1.0,1.0,15.0,Uitgeschakeld,CON_C300-024-00041,490.0,Standard Approved,Nidec Netherlands B.V.,610-Motor control," 245,00",0 dagen,10.0,0.0,2026-04-23,
000454474,"Conveyor belt, welded",3,Wear,40.0,23758.97,23.0,4751.794,206.5997391304348,0.0408831178619248,74.0123002731654,A,0.0004088311786192,0.7401230027316539,40.0,1.739130434782609,9.0,23.0,Uitgeschakeld,000454474,490.07,Standard Approved,YONGLI Nederland Wormer B.V.,350-Conveyor," 136,83",0 dagen,7.0,1.0,2026-04-22,
000493928,"Conveyor belt, welded",3,Wear,1.0,416.15,1.0,83.22999999999999,83.22999999999999,0.0164700203106246,92.91087957026689,B,0.0001647002031062,0.9291087957026688,1.0,1.0,1.0,1.0,Uitgeschakeld,000493928,490.22,Custom Approved,YONGLI Nederland Wormer B.V.,350-Conveyor," 132,49",0 dagen,7.0,0.0,2026-02-16,
000250440,"Conveyor belt, welded",3,Wear,1.0,478.86,1.0,95.772,95.772,0.0189519017804774,90.5540565173135,B,0.0001895190178047,0.905540565173135,1.0,1.0,1.0,1.0,Uitgeschakeld,000250440,490.88,Custom Approved,YONGLI Nederland Wormer B.V.,350-Conveyor," 132,67",0 dagen,7.0,1.0,2026-03-27,
000331650,"Motor, three-phase geared",1,Critical,9.0,4244.64,8.0,848.9280000000001,106.116,0.0209988306533971,88.80468783735141,B,0.0002099883065339,0.888046878373514,9.0,1.125,2.0,8.0,Uitgeschakeld,000331650,490.94,Standard Approved,SEW-Eurodrive B.V.,310-Electric motor," 245,47",0 dagen,10.0,1.0,2026-04-14,
000585083,"Motor, three-phase geared",1,Critical,5.0,2628.76,5.0,525.7520000000001,105.1504,0.0208077522968917,88.95080468085939,B,0.0002080775229689,0.889508046808594,5.0,1.0,1.0,5.0,Uitgeschakeld,000585083,490.94,Custom Approved,SEW-Eurodrive B.V.,310-Electric motor," 245,47",0 dagen,10.0,0.0,2026-04-14,
000647873,"Motor, three-phase geared",1,Critical,1.0,464.72,1.0,92.944,92.944,0.018392281241748,91.11350659135188,B,0.0001839228124174,0.9111350659135188,1.0,1.0,1.0,1.0,Uitgeschakeld,000647873,490.94,Standard Approved,SEW-Eurodrive B.V.,310-Electric motor," 245,47",0 dagen,10.0,0.0,2026-03-09,
000331635,"Motor, three-phase geared",1,Critical,12.0,4247.78,10.0,849.5559999999999,84.95559999999999,0.0168114917397729,92.64445486483189,B,0.0001681149173977,0.9264445486483188,12.0,1.2,2.0,10.0,Uitgeschakeld,000331635,490.94,Standard Approved,SEW-Eurodrive B.V.,310-Electric motor," 245,47",0 dagen,10.0,1.0,2025-01-17,
AB_2080-LC20-20QB,Micro820 Controller 12i/7q,3,Wear,4.0,2039.68,4.0,407.936,101.984,0.0201811672637118,89.35987001565788,B,0.0002018116726371,0.8935987001565787,4.0,1.0,1.0,4.0,Geselecteerd,AB_2080-LC20-20QB,491.54,Custom approved,Routeco B.V.,630-Automation," 245,77",0 dagen,10.0,1.0,2025-09-17,
MOTOADJU-00000015,"Motor, three-phase geared",1,Critical,3.0,1163.35,3.0,232.67,77.55666666666666,0.0153473492157196,93.91518867349498,B,0.0001534734921571,0.9391518867349498,3.0,1.0,1.0,3.0,Uitgeschakeld,MOTOADJU-00000015,492.0,Standard Approved,Koppe B.V. Technisch Bureau,310-Electric motor," 246,00",0 dagen,10.0,1.0,2023-12-11,
000779042,"Conveyor belt, welded",3,Wear,1.0,438.97,1.0,87.79400000000001,87.79400000000001,0.01737317028897,92.09606405810538,B,0.0001737317028897,0.920960640581054,1.0,1.0,1.0,1.0,Uitgeschakeld,000779042,492.17,Custom Approved,YONGLI Nederland Wormer B.V.,350-Conveyor," 135,02",0 dagen,7.0,0.0,2026-01-09,
000252287,"Conveyor belt, welded",3,Wear,1.0,480.35,1.0,96.07,96.07,0.0190108716958032,90.45911682455758,B,0.000190108716958,0.9045911682455758,1.0,1.0,1.0,1.0,Uitgeschakeld,000252287,492.4,Custom Approved,YONGLI Nederland Wormer B.V.,350-Conveyor," 133,08",0 dagen,7.0,1.0,2026-03-27,
000448031,"Conveyor belt, welded",3,Wear,1.0,878.66,1.0,175.732,175.732,0.0347748361074935,78.99593311196881,A,0.0003477483610749,0.7899593311196881,1.0,1.0,1.0,1.0,Uitgeschakeld,000448031,492.59,Custom Approved,YONGLI Nederland Wormer B.V.,350-Conveyor," 148,98",0 dagen,7.0,1.0,2025-09-17,
000699366,"Conveyor belt, welded",3,Wear,1.0,0.0,1.0,0.0,0.0,0.0,100.0000000000002,C,0.0,1.000000000000002,1.0,1.0,1.0,1.0,Uitgeschakeld,000699366,493.06,Custom Approved,YONGLI Nederland Wormer B.V.,350-Conveyor," 133,26",0 dagen,7.0,0.0,2024-05-31,
000528308,"Motor, three-phase geared",1,Critical,1.0,383.3,1.0,76.66,76.66,0.0151699117747504,94.1134521909696,B,0.0001516991177475,0.941134521909696,1.0,1.0,1.0,1.0,Uitgeschakeld,000528308,493.44,Custom Approved,Lenze B.V.,310-Electric motor," 246,72",16 dagen,10.0,1.0,2022-09-02,
BANTWELMGC020701-,"Conveyor belt, welded",3,Wear,142.0,94414.83,28.0,18882.966,674.3916428571429,0.1334524096500377,34.10024684062417,A,0.0013345240965003,0.3410024684062418,142.0,5.071428571428571,57.0,28.0,Uitgeschakeld,BANTWELMGC020701-,493.81,Standard Approved,YONGLI Nederland Wormer B.V.,350-Conveyor," 136,80",14 dagen,7.0,1.0,2026-05-04,
000331687,"Motor, three-phase geared",1,Critical,1.0,465.38,1.0,93.076,93.076,0.0184184021438387,91.0214608858682,B,0.0001841840214383,0.910214608858682,1.0,1.0,1.0,1.0,Uitgeschakeld,000331687,494.04,Standard Approved,SEW-Eurodrive B.V.,310-Electric motor," 247,02",0 dagen,10.0,1.0,2024-09-05,
000331681,"Motor, three-phase geared",1,Critical,2.0,871.63,2.0,174.326,87.163,0.017248304461552,92.28643579143969,B,0.0001724830446155,0.9228643579143968,2.0,1.0,1.0,2.0,Uitgeschakeld,000331681,494.04,Standard Approved,SEW-Eurodrive B.V.,310-Electric motor," 247,02",0 dagen,10.0,1.0,2024-09-05,
000569695,"Motor, three-phase geared",1,Critical,1.0,787.96,1.0,157.592,157.592,0.031185190926252,81.28259346559965,B,0.0003118519092625,0.8128259346559965,1.0,1.0,1.0,1.0,Uitgeschakeld,000569695,495.2,Custom Approved,SEW-Eurodrive B.V.,310-Electric motor," 247,60",0 dagen,10.0,0.0,2023-11-30,
000414683,"Motor, three-phase geared",1,Critical,1.0,495.2,1.0,99.04,99.04,0.0195985919928422,89.91895326238921,B,0.0001959859199284,0.8991895326238921,1.0,1.0,1.0,1.0,Uitgeschakeld,000414683,495.2,Custom Approved,SEW-Eurodrive B.V.,310-Electric motor," 245,47",0 dagen,10.0,0.0,2026-02-23,
000394952,"Motor, three-phase geared",1,Critical,1.0,412.99,1.0,82.598,82.598,0.0163449565975846,93.00923065276528,B,0.0001634495659758,0.9300923065276528,1.0,1.0,1.0,1.0,Uitgeschakeld,000394952,495.2,Custom Approved,SEW-Eurodrive B.V.,310-Electric motor," 247,60",0 dagen,10.0,1.0,2022-10-03,
000313197,"Conveyor belt, welded",3,Wear,2.0,803.6,2.0,160.72,80.36,0.0159020885757754,93.46119762757291,B,0.0001590208857577,0.9346119762757292,2.0,1.0,1.0,2.0,Uitgeschakeld,000313197,495.43,Standard Approved,YONGLI Nederland Wormer B.V.,350-Conveyor," 133,90",0 dagen,7.0,1.0,2024-02-12,
000331623,"Motor, three-phase geared",1,Critical,29.0,12527.99,23.0,2505.598,108.9390434782609,0.0215574703677396,88.27327262236815,B,0.0002155747036773,0.8827327262236815,29.0,1.260869565217391,3.0,23.0,Uitgeschakeld,000331623,495.84,Standard Approved,SEW-Eurodrive B.V.,310-Electric motor," 256,52",0 dagen,10.0,1.0,2026-05-04,
000875173,"Motor, three-phase geared",1,Critical,1.0,557.82,1.0,111.564,111.564,0.0220769115215009,87.81518676877333,B,0.000220769115215,0.8781518676877333,1.0,1.0,1.0,1.0,Uitgeschakeld,000875173,496.8,Custom Approved,SEW-Eurodrive B.V.,310-Electric motor," 248,40",0 dagen,10.0,0.0,2025-12-12,
000665970,"Motor, three-phase geared",1,Critical,1.0,439.33,1.0,87.866,87.866,0.0173874180537467,92.07869088781642,B,0.0001738741805374,0.9207869088781642,1.0,1.0,1.0,1.0,Uitgeschakeld,000665970,496.98,Custom Approved,SEW-Eurodrive B.V.,310-Electric motor," 248,49",0 dagen,10.0,0.0,2024-03-29,
000331662,"Motor, three-phase geared",1,Critical,10.0,5730.21,10.0,1146.042,114.6042,0.0226785233891972,87.5020098173866,B,0.0002267852338919,0.875020098173866,10.0,1.0,1.0,10.0,Uitgeschakeld,000331662,497.02,Standard Approved,SEW-Eurodrive B.V.,310-Electric motor," 261,58",0 dagen,10.0,10.0,2026-04-22,
000431361,"Motor, three-phase geared",1,Critical,3.0,1150.69,2.0,230.138,115.069,0.0227705006262557,87.41113864222314,B,0.0002277050062625,0.8741113864222313,3.0,1.5,2.0,2.0,Uitgeschakeld,000431361,497.08,Custom Approved,SEW-Eurodrive B.V.,310-Electric motor," 248,54",0 dagen,10.0,1.0,2024-11-26,
000319569,Transportband eindl. dmv VLV-las,3,Wear,1.0,1868.9,1.0,373.78,373.78,0.0739656877532772,54.51546441966557,A,0.0007396568775327,0.5451546441966557,1.0,1.0,1.0,1.0,Uitgeschakeld,000319569,497.21,Custom approved,YONGLI Nederland Wormer B.V.,350-Conveyor," 134,38",0 dagen,7.0,1.0,2024-02-09,
000609869,"Conveyor belt, welded",3,Wear,1.0,399.95,1.0,79.99,79.99,0.0158288708956729,93.54045438108452,B,0.0001582887089567,0.9354045438108451,1.0,1.0,1.0,1.0,Uitgeschakeld,000609869,498.02,Custom Approved,YONGLI Nederland Wormer B.V.,350-Conveyor," 134,60",0 dagen,7.0,0.0,2023-05-10,
000425187,"Conveyor belt, welded",3,Wear,1.0,866.74,1.0,173.348,173.348,0.0343030767848871,79.37582037372474,A,0.0003430307678488,0.7937582037372474,1.0,1.0,1.0,1.0,Uitgeschakeld,000425187,500.21,Custom Approved,YONGLI Nederland Wormer B.V.,350-Conveyor," 135,19",0 dagen,7.0,1.0,2021-12-22,
000638491,"Conveyor belt, welded",3,Wear,2.0,844.9,1.0,168.98,168.98,0.0334387123884338,80.0196691464447,B,0.0003343871238843,0.8001966914644469,2.0,2.0,2.0,1.0,Uitgeschakeld,000638491,500.98,Custom Approved,YONGLI Nederland Wormer B.V.,350-Conveyor," 137,43",0 dagen,7.0,0.0,2025-07-01,
LEN_I55-3F.37-PN,"Frequency inverter i55 0,37kW 3P+STO+PN",1,Critical,2.0,1061.28,1.0,212.256,212.256,0.0420024105617197,73.35112574240429,A,0.0004200241056171,0.733511257424043,2.0,2.0,2.0,1.0,Geselecteerd,LEN_I55-3F.37-PN,501.48,Custom approved,Lenze B.V.,610-Motor control," 250,74",3 dagen,10.0,1.0,2023-09-29,
000678679,"Conveyor belt, welded",3,Wear,2.0,1003.08,1.0,200.616,200.616,0.0396990219228195,74.97865947051459,A,0.0003969902192281,0.7497865947051459,2.0,2.0,2.0,1.0,Uitgeschakeld,000678679,501.54,Custom Approved,YONGLI Nederland Wormer B.V.,350-Conveyor," 141,02",0 dagen,7.0,0.0,2026-03-18,
BELTENDL-00000635,"Conveyor belt, welded",3,Wear,1.0,436.43,1.0,87.286,87.286,0.0172726443930455,92.26918748697813,B,0.0001727264439304,0.9226918748697812,1.0,1.0,1.0,1.0,Uitgeschakeld,BELTENDL-00000635,501.54,Custom Approved,YONGLI Nederland Wormer B.V.,350-Conveyor," 135,55",0 dagen,7.0,1.0,2021-12-08,
000331665,"Motor, three-phase geared",1,Critical,2.0,938.1,2.0,187.62,93.81,0.0185636501903123,90.9291246842916,B,0.0001856365019031,0.909291246842916,2.0,1.0,1.0,2.0,Uitgeschakeld,000331665,502.46,Standard Approved,SEW-Eurodrive B.V.,310-Electric motor," 256,50",0 dagen,10.0,1.0,2025-11-25,
BELTENDL-00000088,"Conveyor belt, welded",3,Wear,1.0,0.0,1.0,0.0,0.0,0.0,100.0000000000002,C,0.0,1.000000000000002,1.0,1.0,1.0,1.0,Uitgeschakeld,BELTENDL-00000088,503.54,Custom Approved,YONGLI Nederland Wormer B.V.,350-Conveyor," 136,09",0 dagen,7.0,1.0,2025-02-14,
000353279,"Conveyor belt, welded",3,Wear,25.0,13968.81,4.0,2793.762,698.4404999999999,0.1382113327017038,33.01115420304917,A,0.001382113327017,0.3301115420304916,25.0,6.25,14.0,4.0,Uitgeschakeld,000353279,503.83,Custom Approved,YONGLI Nederland Wormer B.V.,350-Conveyor," 139,57",0 dagen,7.0,1.0,2026-04-28,
000240116,"Conveyor belt, welded",3,Wear,39.0,21571.19,15.0,4314.237999999999,287.6158666666666,0.0569150446432524,63.91099286141869,A,0.0005691504464325,0.6391099286141869,39.0,2.6,12.0,15.0,Uitgeschakeld,000240116,503.83,Standard Approved,YONGLI Nederland Wormer B.V.,350-Conveyor," 139,57",0 dagen,7.0,1.0,2026-04-27,
MOTOADJU-00000035,"Motor, three-phase geared",1,Critical,2.0,1008.0,1.0,201.6,201.6,0.0398937413747677,74.85935145867319,A,0.0003989374137476,0.7485935145867318,2.0,2.0,2.0,1.0,Uitgeschakeld,MOTOADJU-00000035,504.0,Standard Approved,Koppe B.V. Technisch Bureau,310-Electric motor," 252,00",0 dagen,10.0,1.0,2026-02-19,
000764014,"Conveyor belt, welded",3,Wear,1.0,449.63,1.0,89.926,89.926,0.0177950624348579,91.70920094889678,B,0.0001779506243485,0.917092009488968,1.0,1.0,1.0,1.0,Uitgeschakeld,000764014,504.13,Custom Approved,YONGLI Nederland Wormer B.V.,350-Conveyor," 138,29",0 dagen,7.0,0.0,2026-02-11,
000448492,"Motor, three-phase geared",1,Critical,6.0,2514.24,4.0,502.848,125.712,0.024876597300123,86.02702825249509,B,0.0002487659730012,0.8602702825249509,6.0,1.5,3.0,4.0,Uitgeschakeld,000448492,504.4,Standard Approved,SEW-Eurodrive B.V.,310-Electric motor," 260,95",0 dagen,10.0,1.0,2026-04-23,
000560720,"Motor, three-phase geared",1,Critical,1.0,465.38,1.0,93.076,93.076,0.0184184021438387,91.03987928801205,B,0.0001841840214383,0.9103987928801204,1.0,1.0,1.0,1.0,Uitgeschakeld,000560720,504.4,Custom Approved,SEW-Eurodrive B.V.,310-Electric motor," 252,20",0 dagen,10.0,0.0,2025-05-25,
000560630,"Motor, three-phase geared",1,Critical,1.0,453.96,1.0,90.792,90.792,0.0179664313834222,91.51242999197058,B,0.0001796643138342,0.9151242999197058,1.0,1.0,1.0,1.0,Uitgeschakeld,000560630,504.4,Standard Approved,SEW-Eurodrive B.V.,310-Electric motor," 260,95",0 dagen,10.0,0.0,2025-09-24,
MOTOGEAR-00000035,Gear motor,Onbekend,Onbekend,2.0,920.8,1.0,184.16,184.16,0.0364426161288553,77.60806167049094,A,0.0003644261612885,0.7760806167049094,2.0,2.0,2.0,1.0,Uitgeschakeld,MOTOGEAR-00000035,504.76,Custom approved,SEW-Eurodrive B.V.,310-Electric motor," 253,82",0 dagen,10.0,1.0,2022-11-18,
000291895,"Conveyor belt, welded",3,Wear,12.0,5921.42,1.0,1184.284,1184.284,0.2343527758446204,20.38576005236098,A,0.0023435277584462,0.2038576005236097,12.0,12.0,12.0,1.0,Uitgeschakeld,000291895,507.46,Custom Approved,YONGLI Nederland Wormer B.V.,350-Conveyor," 137,15",0 dagen,7.0,1.0,2025-05-08,
000319106,"Cylinder, drive with guide",1,Critical,1.0,426.57,1.0,85.314,85.314,0.0168824139466614,92.57715628668213,B,0.0001688241394666,0.925771562866821,1.0,1.0,1.0,1.0,Uitgeschakeld,000319106,507.94,Custom Approved Racupack,Festo B.V.,510-Cylinder," 253,97",0 dagen,8.0,1.0,2024-06-28,
000442310,"Motor, three-phase geared",1,Critical,1.0,455.59,1.0,91.118,91.118,0.0180309420961611,91.42244888937282,B,0.0001803094209616,0.914224488893728,1.0,1.0,1.0,1.0,Uitgeschakeld,000442310,508.08,Standard Approved,SEW-Eurodrive B.V.,310-Electric motor," 254,04",0 dagen,10.0,1.0,2026-02-11,
000576650,"Conveyor belt, welded",3,Wear,2.0,842.2,1.0,168.44,168.44,0.0333318541526085,80.08639657392015,B,0.000333318541526,0.8008639657392016,2.0,2.0,2.0,1.0,Uitgeschakeld,000576650,508.34,Custom Approved,YONGLI Nederland Wormer B.V.,350-Conveyor," 139,45",0 dagen,7.0,0.0,2025-10-02,
000620552,"Reductor, servo",2,Critical,7.0,3368.62,6.0,673.7239999999999,112.2873333333333,0.0222200487880076,87.77099297283472,B,0.00022220048788,0.8777099297283472,7.0,1.166666666666667,2.0,6.0,Uitgeschakeld,000620552,510.04,Custom Approved,Apex Dynamics B.V.,370-Gear," 242,88",0 dagen,10.0,0.0,2026-05-05,
000427263,"Reductor, servo",2,Critical,2.0,773.14,2.0,154.628,77.314,0.0152993289714722,93.96115473306334,B,0.0001529932897147,0.9396115473306332,2.0,1.0,1.0,2.0,Uitgeschakeld,000427263,510.04,Custom Approved,Apex Dynamics B.V.,370-Gear," 242,88",0 dagen,10.0,1.0,2026-03-09,
000291878,"Conveyor belt, welded",3,Wear,24.0,16702.06,3.0,3340.412,1113.470666666667,0.2203398353392374,21.51211722870696,A,0.0022033983533923,0.2151211722870696,24.0,8.0,21.0,3.0,Uitgeschakeld,000291878,510.05,Standard Approved,YONGLI Nederland Wormer B.V.,350-Conveyor," 137,85",0 dagen,7.0,1.0,2025-06-05,
000731955,"Conveyor belt, welded",3,Wear,2.0,762.94,2.0,152.588,76.29400000000001,0.0150974856371355,94.15881390784868,B,0.0001509748563713,0.9415881390784868,2.0,1.0,1.0,2.0,Uitgeschakeld,000731955,510.19,Standard Approved,YONGLI Nederland Wormer B.V.,350-Conveyor," 141,34",0 dagen,7.0,0.0,2025-12-15,
DFM-25-160-B-PPV-,DFM cylinder,1,Critical,1.0,251.7,1.0,50.34,50.34,0.009961562206378,97.11316437869448,C,9.961562206378023e-05,0.9711316437869448,1.0,1.0,1.0,1.0,Uitgeschakeld,DFM-25-160-B-PPV-,511.1,Custom approved Racupack,Festo B.V.,510-Cylinder," 255,55",0 dagen,8.0,1.0,2022-12-28,
000746603,"Conveyor belt, welded",3,Wear,1.0,383.46,1.0,76.692,76.692,0.0151762441146512,94.09828227919486,B,0.0001517624411465,0.9409828227919486,1.0,1.0,1.0,1.0,Uitgeschakeld,000746603,512.86,Custom Approved,YONGLI Nederland Wormer B.V.,350-Conveyor," 138,61",0 dagen,7.0,0.0,2025-04-22,
000331666,"Motor, three-phase geared",1,Critical,2.0,859.72,2.0,171.944,85.97200000000001,0.0170126226858707,92.5263634010244,B,0.0001701262268587,0.925263634010244,2.0,1.0,1.0,2.0,Uitgeschakeld,000331666,513.0,Standard Approved,SEW-Eurodrive B.V.,310-Electric motor," 265,40",0 dagen,10.0,1.0,2023-09-06,
000271367,"Cylinder, rodless",1,Critical,6.0,2488.63,6.0,497.726,82.95433333333334,0.0164154698408545,92.96015462276318,B,0.0001641546984085,0.9296015462276318,6.0,1.0,1.0,6.0,Uitgeschakeld,000271367,513.72,Custom Approved,Festo B.V.,510-Cylinder," 256,86",0 dagen,8.0,1.0,2025-04-10,
000785864,"Motor, three-phase geared",1,Critical,1.0,514.82,1.0,102.964,102.964,0.0203750951731725,89.27886721836146,B,0.0002037509517317,0.8927886721836146,1.0,1.0,1.0,1.0,Uitgeschakeld,000785864,514.82,Custom Approved,SEW-Eurodrive B.V.,310-Electric motor," 257,41",0 dagen,10.0,0.0,2026-05-04,
LEN_I55-3F.55-PN,"Frequency inverter i55 0,55kW 3P+STO+PN",1,Critical,1.0,368.56,1.0,73.712,73.712,0.0145865449613932,94.55881673118846,B,0.0001458654496139,0.9455881673118846,1.0,1.0,1.0,1.0,Geselecteerd,LEN_I55-3F.55-PN,514.86,Custom approved,Lenze B.V.,610-Motor control," 257,43",3 dagen,10.0,1.0,2023-02-17,
000610204,"Conveyor roller, drive, PolyVee",3,Wear,6.0,2916.12,2.0,583.2239999999999,291.612,0.057705821973109,63.27983817946591,A,0.000577058219731,0.6327983817946591,6.0,3.0,4.0,2.0,Uitgeschakeld,000610204,516.15,Custom Approved,Itoh Denki Europe,350-Conveyor," 139,50",0 dagen,8.0,0.0,2025-03-20,
000621328,"Conveyor roller, drive, PolyVee",3,Wear,1.0,435.24,1.0,87.048,87.048,0.0172255476150336,92.3036613390547,B,0.0001722554761503,0.923036613390547,1.0,1.0,1.0,1.0,Uitgeschakeld,000621328,516.15,Custom Approved,Itoh Denki Europe,350-Conveyor," 139,50",0 dagen,8.0,0.0,2024-08-27,
000792252,"Conveyor belt, welded",3,Wear,1.0,460.42,1.0,92.084,92.084,0.0182220996069152,91.18682990279936,B,0.0001822209960691,0.9118682990279936,1.0,1.0,1.0,1.0,Uitgeschakeld,000792252,516.22,Custom Approved,YONGLI Nederland Wormer B.V.,350-Conveyor," 139,52",0 dagen,7.0,0.0,2025-09-24,
000315641,"Conveyor belt, welded",3,Wear,11.0,6957.66,8.0,1391.532,173.9415,0.0344205219014839,79.3071956189065,A,0.0003442052190148,0.793071956189065,11.0,1.375,3.0,8.0,Uitgeschakeld,000315641,517.19,Custom Approved Racupack,Ammeraal Beltech B.V.,350-Conveyor," 139,78",0 dagen,7.0,1.0,2025-10-03,
VERLFESMSB6-1/2,Air supply unit,1,Critical,1.0,517.24,1.0,103.448,103.448,0.0204708718141715,89.135941125796,B,0.0002047087181417,0.8913594112579599,1.0,1.0,1.0,1.0,Uitgeschakeld,VERLFESMSB6-1/2,517.24,Custom approved,Festo B.V.,500-Air supply," 301,05",21 dagen,10.0,1.0,2025-11-12,
000838134,"Conveyor belt, welded",3,Wear,1.0,478.67,1.0,95.734,95.734,0.0189443821268453,90.57300089944032,B,0.0001894438212684,0.9057300089944034,1.0,1.0,1.0,1.0,Uitgeschakeld,000838134,517.48,Custom Approved,YONGLI Nederland Wormer B.V.,350-Conveyor," 139,86",0 dagen,7.0,0.0,2025-11-25,
000491420,"Motor, three-phase geared",1,Critical,1.0,391.49,1.0,78.298,78.298,0.0154940484234204,93.83813765400792,B,0.0001549404842342,0.9383813765400792,1.0,1.0,1.0,1.0,Uitgeschakeld,000491420,517.48,Standard Approved,SEW-Eurodrive B.V.,310-Electric motor," 258,74",0 dagen,10.0,0.0,2023-06-26,
000531844,"Reductor, servo",2,Critical,1.0,448.88,1.0,89.776,89.776,0.0177653795915731,91.76251133543629,B,0.0001776537959157,0.9176251133543628,1.0,1.0,1.0,1.0,Uitgeschakeld,000531844,517.86,Custom Approved,Apex Dynamics B.V.,370-Gear," 258,93",0 dagen,10.0,0.0,2022-09-02,
000425202,"Conveyor belt, welded",3,Wear,1.0,518.0,1.0,103.6,103.6,0.0205009504287001,89.09498170438542,B,0.000205009504287,0.8909498170438542,1.0,1.0,1.0,1.0,Uitgeschakeld,000425202,518.0,Custom Approved,YONGLI Nederland Wormer B.V.,350-Conveyor," 151,84",0 dagen,7.0,1.0,2025-11-21,
000824972,"Motor, three-phase",1,Critical,1.0,480.26,1.0,96.052,96.052,0.0190073097546091,90.497133422923,B,0.000190073097546,0.9049713342292302,1.0,1.0,1.0,1.0,Uitgeschakeld,000824972,519.2,Custom Approved,SEW-Eurodrive B.V.,310-Electric motor," 265,04",0 dagen,10.0,0.0,2025-11-25,
000607718,"Conveyor belt, welded",3,Wear,2.0,854.88,2.0,170.976,85.488,0.0169168460448717,92.56027387273544,B,0.0001691684604487,0.9256027387273544,2.0,1.0,1.0,2.0,Uitgeschakeld,000607718,519.26,Custom Approved,YONGLI Nederland Wormer B.V.,350-Conveyor," 140,34",0 dagen,7.0,0.0,2023-12-08,
MOTOADJU-00000007,"Motor, three-phase geared",1,Critical,1.0,457.74,1.0,91.548,91.548,0.0181160329135775,91.33212850904935,B,0.0001811603291357,0.9133212850904936,1.0,1.0,1.0,1.0,Uitgeschakeld,MOTOADJU-00000007,519.8,Standard Approved,Koppe B.V. Technisch Bureau,310-Electric motor," 259,90",0 dagen,10.0,1.0,2023-12-22,
BELTENDL-00000422,"Conveyor belt, welded",3,Wear,1.0,357.94,1.0,71.588,71.588,0.0141662359004805,94.84524684730992,B,0.0001416623590048,0.9484524684730992,1.0,1.0,1.0,1.0,Uitgeschakeld,BELTENDL-00000422,519.97,Custom Approved,YONGLI Nederland Wormer B.V.,350-Conveyor," 142,64",0 dagen,7.0,1.0,2024-06-06,
BELTENDL-00000448,"Transport belt endless, VLV welded",3,Wear,1.0,452.19,1.0,90.438,90.438,0.01789637987327,91.60204865503736,B,0.0001789637987327,0.9160204865503736,1.0,1.0,1.0,1.0,Uitgeschakeld,BELTENDL-00000448,521.15,Custom approved,YONGLI Nederland Wormer B.V.,350-Conveyor," 140,85",0 dagen,7.0,1.0,2023-10-10,
VENVMAC57D36611JA,Vacuum valve 3/2 NC,2,Wear,36.0,30901.73,19.0,6180.346,325.2813684210526,0.0643685058820437,58.98454227457791,A,0.0006436850588204,0.5898454227457791,36.0,1.894736842105263,6.0,19.0,Uitgeschakeld,VENVMAC57D36611JA,521.58,Standard Approved,Astro Controls B.V.,560-Vacuum component," 260,79",5 dagen,10.0,1.0,2026-04-24,
000737898,"Conveyor belt, welded",3,Wear,1.0,433.56,1.0,86.712,86.712,0.0171590580460757,92.40682821648906,B,0.0001715905804607,0.9240682821648908,1.0,1.0,1.0,1.0,Uitgeschakeld,000737898,521.85,Custom Approved,YONGLI Nederland Wormer B.V.,350-Conveyor," 141,04",0 dagen,7.0,0.0,2025-05-25,
000563684,"Motor, three-phase geared",1,Critical,1.0,465.38,1.0,93.076,93.076,0.0184184021438387,91.05829769015588,B,0.0001841840214383,0.9105829769015588,1.0,1.0,1.0,1.0,Uitgeschakeld,000563684,521.9,Custom Approved,SEW-Eurodrive B.V.,310-Electric motor," 260,95",0 dagen,10.0,0.0,2024-05-31,
000364275,"Motor, three-phase geared",1,Critical,16.0,6972.36,13.0,1394.472,107.2670769230769,0.0212266122261733,88.59358499502031,B,0.0002122661222617,0.8859358499502031,16.0,1.230769230769231,3.0,13.0,Uitgeschakeld,000364275,521.92,Standard Approved,SEW-Eurodrive B.V.,310-Electric motor," 270,02",0 dagen,10.0,1.0,2026-04-23,
000364412,"Motor, three-phase geared",1,Critical,13.0,5888.88,12.0,1177.776,98.148,0.0194220780181086,90.0946719348084,B,0.000194220780181,0.900946719348084,13.0,1.083333333333333,2.0,12.0,Uitgeschakeld,000364412,521.92,Standard Approved,SEW-Eurodrive B.V.,310-Electric motor," 270,02",0 dagen,10.0,1.0,2026-04-23,
000546743,"Conveyor belt, welded",3,Wear,1.0,419.49,1.0,83.898,83.898,0.0166022079060529,92.8446982279536,B,0.0001660220790605,0.928446982279536,1.0,1.0,1.0,1.0,Uitgeschakeld,000546743,522.33,Custom Approved,YONGLI Nederland Wormer B.V.,350-Conveyor," 141,17",0 dagen,7.0,0.0,2022-07-01,
000574626,"Motor, three-phase geared",1,Critical,3.0,1509.34,2.0,301.868,150.934,0.0298676684556507,82.37677931629206,B,0.0002986766845565,0.8237677931629206,3.0,1.5,2.0,2.0,Uitgeschakeld,000574626,523.18,Custom Approved,SEW-Eurodrive B.V.,310-Electric motor," 270,66",0 dagen,10.0,0.0,2025-06-26,
000515511,"Motor, three-phase geared",1,Critical,1.0,430.01,1.0,86.002,86.002,0.0170185592545276,92.50935077833851,B,0.0001701855925452,0.9250935077833852,1.0,1.0,1.0,1.0,Uitgeschakeld,000515511,523.18,Custom Approved,SEW-Eurodrive B.V.,310-Electric motor," 261,59",0 dagen,10.0,0.0,2025-12-15,
000478881,"Motor, three-phase geared",1,Critical,1.0,472.22,1.0,94.444,94.444,0.018689109674596,90.83616580262472,B,0.0001868910967459,0.9083616580262472,1.0,1.0,1.0,1.0,Uitgeschakeld,000478881,524.68,Custom Approved,SEW-Eurodrive B.V.,310-Electric motor," 262,34",0 dagen,10.0,0.0,2025-09-24,
000439641,"Cylinder, rodless",1,Critical,1.0,407.72,1.0,81.54400000000001,81.54400000000001,0.0161363851521034,93.26898296395716,B,0.000161363851521,0.9326898296395716,1.0,1.0,1.0,1.0,Uitgeschakeld,000439641,526.06,Custom Approved,Festo B.V.,510-Cylinder," 263,03",0 dagen,8.0,1.0,2022-01-06,
000715834,"Conveyor belt, welded",3,Wear,1.0,399.38,1.0,79.876,79.876,0.0158063119347765,93.55626069301928,B,0.0001580631193477,0.9355626069301928,1.0,1.0,1.0,1.0,Uitgeschakeld,000715834,526.25,Custom Approved,YONGLI Nederland Wormer B.V.,350-Conveyor," 142,23",0 dagen,7.0,0.0,2024-12-20,
000619464,"Motor, three-phase geared",1,Critical,2.0,892.64,1.0,178.528,178.528,0.0353281243063221,78.6459036969455,A,0.0003532812430632,0.786459036969455,2.0,2.0,2.0,1.0,Uitgeschakeld,000619464,526.44,Custom Approved,SEW-Eurodrive B.V.,310-Electric motor," 253,07",0 dagen,10.0,0.0,2025-12-18,
000427637,"Motor, three-phase geared",1,Critical,1.0,563.11,1.0,112.622,112.622,0.0222862745094697,87.72653018437406,B,0.0002228627450946,0.8772653018437405,1.0,1.0,1.0,1.0,Uitgeschakeld,000427637,526.44,Custom Approved,SEW-Eurodrive B.V.,310-Electric motor," 260,95",0 dagen,10.0,1.0,2023-02-13,
000469736,"Motor, three-phase geared",1,Critical,2.0,812.52,2.0,162.504,81.252,0.016078602550509,93.3011583745354,B,0.000160786025505,0.933011583745354,2.0,1.0,1.0,2.0,Uitgeschakeld,000469736,526.44,Standard Approved,SEW-Eurodrive B.V.,310-Electric motor," 260,95",0 dagen,10.0,0.0,2023-04-21,
000550646,Transportband eindl. dmv VLV-las,3,Wear,3.0,1325.81,1.0,265.162,265.162,0.0524717472738897,66.37535767851563,A,0.0005247174727388,0.6637535767851563,3.0,3.0,3.0,1.0,Uitgeschakeld,000550646,526.55,Custom Approved,YONGLI Nederland Wormer B.V.,350-Conveyor," 144,44",0 dagen,7.0,0.0,2026-02-16,
000287244,"Cylinder, drive with guide",1,Critical,8.0,2788.17,6.0,557.634,92.939,0.0183912918136386,91.13189788316552,B,0.0001839129181363,0.9113189788316552,8.0,1.333333333333333,2.0,6.0,Uitgeschakeld,000287244,526.74,Custom Approved Racupack,Festo B.V.,510-Cylinder," 263,37",0 dagen,8.0,1.0,2025-11-19,
000239395,"Motor, three-phase geared",1,Critical,10.0,4839.89,9.0,967.978,107.5531111111111,0.0212832142793567,88.50865073156898,B,0.0002128321427935,0.8850865073156897,10.0,1.111111111111111,2.0,9.0,Uitgeschakeld,000239395,527.28,Standard Approved,Lenze B.V.,310-Electric motor," 263,63",16 dagen,10.0,1.0,2026-04-23,
000307636,"Conveyor belt, welded",3,Wear,6.0,3738.11,2.0,747.6220000000001,373.811,0.0739718222075561,54.4414987319123,A,0.0007397182220755,0.544414987319123,6.0,3.0,5.0,2.0,Uitgeschakeld,000307636,528.51,Custom Approved,YONGLI Nederland Wormer B.V.,350-Conveyor," 142,84",0 dagen,7.0,1.0,2025-09-02,
BELTENDL-00000691,"Conveyor belt, welded",3,Wear,6.0,3557.91,3.0,711.582,237.194,0.0469372822006283,69.6535467328967,A,0.0004693728220062,0.696535467328967,6.0,2.0,3.0,3.0,Uitgeschakeld,BELTENDL-00000691,528.51,Custom Approved,YONGLI Nederland Wormer B.V.,350-Conveyor," 142,84",0 dagen,7.0,1.0,2025-09-02,
MOTOADJU-00000044,"Motor, three-phase geared",1,Critical,6.0,4702.31,1.0,940.462,940.462,0.1861039077420479,25.76009361083381,A,0.0018610390774204,0.2576009361083381,6.0,6.0,6.0,1.0,Uitgeschakeld,MOTOADJU-00000044,528.8,Custom Approved,Koppe B.V. Technisch Bureau,310-Electric motor," 177,07",0 dagen,10.0,1.0,2025-12-18,
MOTOADJU-00000043,"Motor, three-phase geared",1,Critical,4.0,4095.06,2.0,819.0120000000001,409.506,0.0810353494812284,51.90296526787957,A,0.0008103534948122,0.5190296526787956,4.0,2.0,3.0,2.0,Uitgeschakeld,MOTOADJU-00000043,528.8,Custom Approved,Koppe B.V. Technisch Bureau,310-Electric motor," 264,40",0 dagen,10.0,1.0,2025-01-30,
000804958,"Conveyor belt, welded",3,Wear,1.0,472.56,1.0,94.512,94.512,0.0187025658968851,90.79878243824936,B,0.0001870256589688,0.9079878243824936,1.0,1.0,1.0,1.0,Uitgeschakeld,000804958,529.84,Custom Approved,YONGLI Nederland Wormer B.V.,350-Conveyor," 143,20",0 dagen,7.0,0.0,2025-09-19,
000397643,"Conveyor belt, welded",3,Wear,4.0,2568.05,2.0,513.61,256.805,0.0508180171316827,67.40598396941591,A,0.0005081801713168,0.6740598396941592,4.0,2.0,3.0,2.0,Uitgeschakeld,000397643,530.18,Custom Approved,YONGLI Nederland Wormer B.V.,350-Conveyor," 149,08",0 dagen,7.0,1.0,2026-03-19,
000700707,"Conveyor belt, welded",3,Wear,1.0,0.0,1.0,0.0,0.0,0.0,100.0000000000002,C,0.0,1.000000000000002,1.0,1.0,1.0,1.0,Uitgeschakeld,000700707,530.25,Custom Approved,YONGLI Nederland Wormer B.V.,350-Conveyor," 143,31",0 dagen,7.0,0.0,2024-05-31,
000543061,"Conveyor roller, drive, PolyVee",3,Wear,1.0,402.56,1.0,80.512,80.512,0.015932167190304,93.44529553899712,B,0.000159321671903,0.9344529553899712,1.0,1.0,1.0,1.0,Uitgeschakeld,000543061,530.44,Custom Approved,NDW Internationale Transportonderdelen B.V.,350-Conveyor," 143,36",0 dagen,10.0,0.0,2024-02-28,
000262690,"Conveyor belt, welded",3,Wear,4.0,2178.79,1.0,435.758,435.758,0.0862302428273117,49.55550093498529,A,0.0008623024282731,0.4955550093498529,4.0,4.0,4.0,1.0,Uitgeschakeld,000262690,530.51,Custom Approved,YONGLI Nederland Wormer B.V.,350-Conveyor," 143,38",0 dagen,7.0,1.0,2026-01-27,
000533044,"Motor, stepper",2,Critical,4.0,1768.01,4.0,353.602,88.4005,0.0174931879186515,91.99172487326597,B,0.0001749318791865,0.9199172487326596,4.0,1.0,1.0,4.0,Uitgeschakeld,000533044,532.0,Custom Approved,ATB Automation,310-Electric motor," 266,00",0 dagen,10.0,0.0,2025-02-07,
BELTENDL-00000774,"Conveyor belt, welded",3,Wear,1.0,420.61,1.0,84.122,84.122,0.0166465342853582,92.81148827134406,B,0.0001664653428535,0.9281148827134408,1.0,1.0,1.0,1.0,Uitgeschakeld,BELTENDL-00000774,532.99,Custom Approved,YONGLI Nederland Wormer B.V.,350-Conveyor," 144,05",0 dagen,7.0,1.0,2022-01-31,
000338116,"Cylinder, rodless",1,Critical,5.0,2093.96,5.0,418.792,83.75840000000001,0.0165745830732358,92.87787383161915,B,0.0001657458307323,0.9287787383161916,5.0,1.0,1.0,5.0,Uitgeschakeld,000338116,533.4,Custom Approved Racupack,Festo B.V.,510-Cylinder," 266,70",0 dagen,8.0,1.0,2024-06-28,
000786324,"Conveyor belt, welded",3,Wear,4.0,5092.97,1.0,1018.594,1018.594,0.2015651071522332,24.04571254390184,A,0.0020156510715223,0.2404571254390184,4.0,4.0,4.0,1.0,Uitgeschakeld,000786324,533.84,Custom Approved,YONGLI Nederland Wormer B.V.,350-Conveyor," 147,89",0 dagen,7.0,0.0,2026-04-01,
000495754,"Conveyor belt, welded",3,Wear,3.0,1373.19,1.0,274.638,274.638,0.0543469114270013,65.467809956071,A,0.00054346911427,0.6546780995607099,3.0,3.0,3.0,1.0,Uitgeschakeld,000495754,534.4,Custom Approved,YONGLI Nederland Wormer B.V.,350-Conveyor," 144,43",0 dagen,7.0,0.0,2025-11-28,
BELTENDL-00000114,"Conveyor belt, welded",3,Wear,3.0,4617.84,1.0,923.568,923.568,0.1827608280456921,26.12806599554429,A,0.0018276082804569,0.2612806599554429,3.0,3.0,3.0,1.0,Uitgeschakeld,BELTENDL-00000114,535.99,Custom Approved,YONGLI Nederland Wormer B.V.,350-Conveyor," 147,03",0 dagen,7.0,1.0,2023-05-01,
BELTENDL-00000808,"Conveyor belt, welded",3,Wear,2.0,1687.06,1.0,337.412,337.412,0.0667689834560671,57.60853111503986,A,0.0006676898345606,0.5760853111503986,2.0,2.0,2.0,1.0,Uitgeschakeld,BELTENDL-00000808,536.06,Custom Approved,YONGLI Nederland Wormer B.V.,350-Conveyor," 144,88",0 dagen,7.0,1.0,2025-07-16,
000714142,"Conveyor belt, welded",3,Wear,1.0,452.06,1.0,90.412,90.412,0.0178912348471007,91.61993988988448,B,0.000178912348471,0.9161993988988448,1.0,1.0,1.0,1.0,Uitgeschakeld,000714142,536.09,Custom Approved,YONGLI Nederland Wormer B.V.,350-Conveyor," 144,89",0 dagen,7.0,0.0,2024-09-16,
BELTRVS-00000018,"Conveyor belt, fastener",3,Wear,13.0,12052.73,3.0,2410.546,803.5153333333333,0.1590041314417674,30.23384179873365,A,0.0015900413144176,0.3023384179873365,13.0,4.333333333333333,8.0,3.0,Uitgeschakeld,BELTRVS-00000018,536.76,Standard Approved,YONGLI Nederland Wormer B.V.,350-Conveyor," 148,70",0 dagen,7.0,1.0,2025-11-04,
000297916,"Conveyor belt, welded",3,Wear,1.0,420.79,1.0,84.158,84.158,0.0166536581677465,92.7948417370587,B,0.0001665365816774,0.9279484173705872,1.0,1.0,1.0,1.0,Uitgeschakeld,000297916,537.24,Custom Approved,YONGLI Nederland Wormer B.V.,350-Conveyor," 145,20",0 dagen,7.0,1.0,2025-07-02,
000718596,"Conveyor belt, welded",3,Wear,1.0,407.84,1.0,81.568,81.568,0.016141134407029,93.25284657880508,B,0.0001614113440702,0.9325284657880508,1.0,1.0,1.0,1.0,Uitgeschakeld,000718596,537.39,Custom Approved,YONGLI Nederland Wormer B.V.,350-Conveyor," 145,24",0 dagen,7.0,0.0,2024-12-20,
BELTENDL-00000960,"Conveyor belt, welded",3,Wear,1.0,424.61,1.0,84.922,84.922,0.0168048427828771,92.66125970761476,B,0.0001680484278287,0.9266125970761476,1.0,1.0,1.0,1.0,Uitgeschakeld,BELTENDL-00000960,537.98,Custom Approved,YONGLI Nederland Wormer B.V.,350-Conveyor," 145,40",0 dagen,7.0,1.0,2022-11-24,
000448733,"Conveyor belt, welded",3,Wear,10.0,5802.24,2.0,1160.448,580.2239999999999,0.1148179870805221,40.31547513309287,A,0.0011481798708052,0.4031547513309287,10.0,5.0,7.0,2.0,Uitgeschakeld,000448733,538.13,Custom Approved,YONGLI Nederland Wormer B.V.,350-Conveyor," 145,44",0 dagen,7.0,1.0,2025-08-19,
000285413,"Conveyor belt, fastener",3,Wear,1.0,405.98,1.0,81.196,81.196,0.0160675209556827,93.33329697838796,B,0.0001606752095568,0.9333329697838796,1.0,1.0,1.0,1.0,Uitgeschakeld,000285413,538.91,Custom Approved,YONGLI Nederland Wormer B.V.,350-Conveyor," 145,65",0 dagen,7.0,1.0,2022-02-25,
000331653,"Motor, three-phase geared",1,Critical,7.0,2732.09,5.0,546.418,109.2836,0.0216256531493232,88.20859191727625,B,0.0002162565314932,0.8820859191727626,7.0,1.4,3.0,5.0,Uitgeschakeld,000331653,539.06,Standard Approved,SEW-Eurodrive B.V.,310-Electric motor," 278,89",0 dagen,10.0,1.0,2025-12-15,
000331661,"Motor, three-phase geared",1,Critical,4.0,1502.97,4.0,300.594,75.1485,0.0148708076572506,94.29352583121272,B,0.0001487080765725,0.9429352583121272,4.0,1.0,1.0,4.0,Uitgeschakeld,000331661,539.06,Standard Approved,SEW-Eurodrive B.V.,310-Electric motor," 278,89",0 dagen,10.0,1.0,2025-09-24,
BELTENDL-00000235,"Conveyor belt, welded",3,Wear,2.0,1989.68,1.0,397.936,397.936,0.078745812835861,52.30199344516583,A,0.0007874581283586,0.5230199344516583,2.0,2.0,2.0,1.0,Uitgeschakeld,BELTENDL-00000235,539.72,Custom Approved,YONGLI Nederland Wormer B.V.,350-Conveyor," 148,06",0 dagen,7.0,1.0,2025-11-13,
000525940,"Cylinder, rodless",1,Critical,1.0,478.05,1.0,95.61,95.61,0.0189198443097298,90.59192074375008,B,0.0001891984430972,0.9059192074375008,1.0,1.0,1.0,1.0,Uitgeschakeld,000525940,540.78,Custom Approved,Festo B.V.,510-Cylinder," 270,39",0 dagen,8.0,0.0,2024-05-13,
000731630,"Conveyor belt, welded",3,Wear,1.0,456.02,1.0,91.204,91.204,0.0180479602596444,91.40441794727666,B,0.0001804796025964,0.9140441794727664,1.0,1.0,1.0,1.0,Uitgeschakeld,000731630,540.79,Custom Approved,YONGLI Nederland Wormer B.V.,350-Conveyor," 146,16",0 dagen,7.0,0.0,2025-02-07,
000331632,"Motor, three-phase geared",1,Critical,8.0,3446.92,5.0,689.384,137.8768,0.0272838363133957,84.3075398686653,B,0.0002728383631339,0.843075398686653,8.0,1.6,2.0,5.0,Uitgeschakeld,000331632,541.3,Standard Approved,SEW-Eurodrive B.V.,310-Electric motor," 270,65",0 dagen,10.0,1.0,2026-03-13,
000331638,"Motor, three-phase geared",1,Critical,7.0,3024.74,5.0,604.948,120.9896,0.0239421022392688,86.75974633767267,B,0.0002394210223926,0.8675974633767266,7.0,1.4,2.0,5.0,Uitgeschakeld,000331638,541.3,Standard Approved,SEW-Eurodrive B.V.,310-Electric motor," 270,66",0 dagen,10.0,1.0,2026-02-11,
000449383,"Motor, three-phase geared",1,Critical,1.0,514.85,1.0,102.97,102.97,0.0203762824869039,89.25849212318828,B,0.000203762824869,0.8925849212318828,1.0,1.0,1.0,1.0,Uitgeschakeld,000449383,541.94,Custom Approved,SEW-Eurodrive B.V.,310-Electric motor," 275,21",0 dagen,10.0,1.0,2025-11-07,
000293278,"Conveyor belt, fastener",3,Wear,2.0,624.66,1.0,124.932,124.932,0.0247222465150421,86.20044452570347,B,0.0002472224651504,0.8620044452570347,2.0,2.0,2.0,1.0,Uitgeschakeld,000293278,541.98,Custom Approved,YONGLI Nederland Wormer B.V.,350-Conveyor," 146,48",0 dagen,7.0,1.0,2024-02-14,
000635680,"Motor, three-phase geared",1,Critical,1.0,459.63,1.0,91.926,91.926,0.0181908336786552,91.2232317544901,B,0.0001819083367865,0.912232317544901,1.0,1.0,1.0,1.0,Uitgeschakeld,000635680,542.16,Custom Approved,SEW-Eurodrive B.V.,310-Electric motor," 271,08",0 dagen,10.0,0.0,2024-12-20,
000592369,"Motor, three-phase geared",1,Critical,1.0,0.0,1.0,0.0,0.0,0.0,100.0000000000002,C,0.0,1.000000000000002,1.0,1.0,1.0,1.0,Uitgeschakeld,000592369,542.26,Custom Approved,SEW-Eurodrive B.V.,310-Electric motor," 271,13",0 dagen,10.0,0.0,2022-04-26,
CYLIWGUI-00000001,"Cylinder, drive with guide",1,Critical,4.0,1799.14,3.0,359.828,119.9426666666667,0.0237349291855157,86.87871174354068,B,0.0002373492918551,0.8687871174354068,4.0,1.333333333333333,2.0,3.0,Uitgeschakeld,CYLIWGUI-00000001,542.42,Custom Approved,Festo B.V.,510-Cylinder," 271,21",11 dagen,8.0,1.0,2025-09-04,
000721880,"Conveyor belt, welded",3,Wear,1.0,484.11,1.0,96.822,96.822,0.019159681683471,90.3255980525508,B,0.0001915968168347,0.9032559805255078,1.0,1.0,1.0,1.0,Uitgeschakeld,000721880,542.79,Custom Approved,YONGLI Nederland Wormer B.V.,350-Conveyor," 148,90",0 dagen,7.0,0.0,2026-02-11,
000312439,"Conveyor belt, welded",3,Wear,3.0,1256.4,1.0,251.28,251.28,0.0497246990706926,68.05855568901708,A,0.0004972469907069,0.6805855568901709,3.0,3.0,3.0,1.0,Uitgeschakeld,000312439,542.94,Custom Approved,YONGLI Nederland Wormer B.V.,350-Conveyor," 146,74",0 dagen,7.0,1.0,2025-09-02,
000472682,Air supply unit,1,Critical,47.0,23424.25,43.0,4684.85,108.95,0.0215596385058578,88.25171515200041,B,0.0002155963850585,0.8825171515200041,47.0,1.093023255813953,3.0,43.0,Uitgeschakeld,000472682,543.04,Standard Approved,Festo B.V.,500-Air supply," 271,52",0 dagen,10.0,0.0,2026-05-04,
FOTOOMRE32ET16WR2,Fotocel glasv.E32-ET16WR-2(50mm),2,Critical,7.0,4562.69,7.0,912.538,130.3625714285714,0.0257968785194499,85.29119069397039,B,0.0002579687851944,0.8529119069397039,7.0,1.0,1.0,7.0,Uitgeschakeld,FOTOOMRE32ET16WR2,543.6,Standard Approved,Omron Electronics B.V.,660-Sensor and lighting," 288,40",21 dagen,10.0,1.0,2025-09-15,
000493761,"Conveyor belt, fastener",3,Wear,2.0,866.16,1.0,173.232,173.232,0.0342801220527468,79.4444011979349,A,0.0003428012205274,0.794444011979349,2.0,2.0,2.0,1.0,Uitgeschakeld,000493761,543.68,Custom Approved,YONGLI Nederland Wormer B.V.,350-Conveyor," 146,94",0 dagen,7.0,0.0,2024-09-10,
SICK_1056180,Encoder,3,Critical,15.0,7661.44,11.0,1532.288,139.2989090909091,0.027565251255258,84.06114341767783,B,0.0002756525125525,0.8406114341767783,15.0,1.363636363636364,3.0,11.0,Uitgeschakeld,SICK_1056180,544.0,Custom Approved,Sick B.V.,660-Sensor and lighting," 285,60",0 dagen,10.0,1.0,2026-03-25,
000739636,"Conveyor belt, welded",3,Wear,1.0,451.99,1.0,90.398,90.398,0.0178884644483941,91.65571701666688,B,0.0001788846444839,0.9165571701666688,1.0,1.0,1.0,1.0,Uitgeschakeld,000739636,544.05,Custom Approved,YONGLI Nederland Wormer B.V.,350-Conveyor," 147,04",0 dagen,7.0,0.0,2025-05-12,
000714079,"Conveyor belt, welded",3,Wear,1.0,459.45,1.0,91.89,91.89,0.0181837097962669,91.24141546428636,B,0.0001818370979626,0.9124141546428636,1.0,1.0,1.0,1.0,Uitgeschakeld,000714079,544.86,Custom Approved,YONGLI Nederland Wormer B.V.,350-Conveyor," 147,26",0 dagen,7.0,0.0,2024-09-16,
000554767,Conveyor belt eindl. VLV-welded,3,Wear,1.0,437.62,1.0,87.524,87.524,0.0173197411710574,92.1827342006702,B,0.0001731974117105,0.921827342006702,1.0,1.0,1.0,1.0,Uitgeschakeld,000554767,544.9,Custom Approved,YONGLI Nederland Wormer B.V.,350-Conveyor," 147,27",0 dagen,7.0,0.0,2023-01-20,
000653410,"Sensor, position",2,Critical,1.0,482.5,1.0,96.5,96.5,0.0190959625132196,90.38294095229334,B,0.0001909596251321,0.9038294095229332,1.0,1.0,1.0,1.0,Uitgeschakeld,000653410,545.82,Custom Approved,Keyence International Belgium,660-Sensor and lighting," 272,91",0 dagen,10.0,0.0,2024-09-05,
000664737,"Photocell, diffused-reflective",2,Critical,1.0,0.0,1.0,0.0,0.0,0.0,100.0000000000002,C,0.0,1.000000000000002,1.0,1.0,1.0,1.0,Uitgeschakeld,000664737,545.82,Standard Approved,Keyence International Belgium,660-Sensor and lighting," 272,91",0 dagen,10.0,0.0,2024-05-31,
BELTENDL-00000392,"Conveyor belt, welded",3,Wear,2.0,827.6800000000001,1.0,165.536,165.536,0.0327571943066148,80.51573078904784,B,0.0003275719430661,0.8051573078904783,2.0,2.0,2.0,1.0,Uitgeschakeld,BELTENDL-00000392,545.87,Custom Approved,YONGLI Nederland Wormer B.V.,350-Conveyor," 147,53",0 dagen,7.0,1.0,2022-10-25,
000445155,"Conveyor belt, welded",3,Wear,1.0,976.62,1.0,195.324,195.324,0.0386518112117318,75.95722880439179,A,0.0003865181121173,0.7595722880439179,1.0,1.0,1.0,1.0,Uitgeschakeld,000445155,547.49,Custom Approved,YONGLI Nederland Wormer B.V.,350-Conveyor," 165,59",0 dagen,7.0,1.0,2025-09-17,
000488511,"Motor, three-phase geared",1,Critical,6.0,2777.51,5.0,555.5020000000001,111.1004,0.0219851717471887,87.90326811286214,B,0.0002198517174718,0.8790326811286213,6.0,1.2,2.0,5.0,Uitgeschakeld,000488511,547.64,Standard Approved,SEW-Eurodrive B.V.,310-Electric motor," 283,82",0 dagen,10.0,0.0,2026-04-23,
000331685,"Motor, three-phase geared",1,Critical,1.0,0.0,1.0,0.0,0.0,0.0,100.0000000000002,C,0.0,1.000000000000002,1.0,1.0,1.0,1.0,Uitgeschakeld,000331685,547.64,Custom Approved,SEW-Eurodrive B.V.,310-Electric motor," 283,32",0 dagen,10.0,1.0,2023-04-13,
CON_C300-034-00056,"Frequency inverter  2,2kW 3P FS3",1,Critical,1.0,484.44,1.0,96.888,96.888,0.0191727421345163,90.28726721181778,B,0.0001917274213451,0.9028726721181778,1.0,1.0,1.0,1.0,Uitgeschakeld,CON_C300-034-00056,548.0,Custom Approved,Nidec Netherlands B.V.,610-Motor control," 274,00",0 dagen,10.0,0.0,2023-03-09,
000376373,"Conveyor belt, welded",3,Wear,2.0,852.02,1.0,170.404,170.404,0.0337205015140175,79.85201648985972,A,0.0003372050151401,0.7985201648985972,2.0,2.0,2.0,1.0,Uitgeschakeld,000376373,548.01,Custom Approved,YONGLI Nederland Wormer B.V.,350-Conveyor," 148,11",0 dagen,7.0,1.0,2025-04-15,
000476353,"Cylinder, drive with guide",1,Critical,1.0,493.29,1.0,98.658,98.658,0.0195229996852769,90.03632951478964,B,0.0001952299968527,0.9003632951478964,1.0,1.0,1.0,1.0,Uitgeschakeld,000476353,548.1,Custom Approved,Festo B.V.,510-Cylinder," 274,05",0 dagen,8.0,0.0,2025-09-24,
LEN_I55-3F.75-ETC,"Frequency inverter i55 0,75KW 3P+STO+ETC",1,Critical,4.0,2362.14,3.0,472.4280000000001,157.476,0.0311622361941117,81.34492862381147,B,0.0003116223619411,0.8134492862381146,4.0,1.333333333333333,2.0,3.0,Geselecteerd,LEN_I55-3F.75-ETC,549.24,Custom approved,Lenze B.V.,610-Motor control," 274,62",3 dagen,10.0,1.0,2023-11-10,
"REX_RH2-023DBB-NN-005,0",Hybrid Cable,3,Critical,1.0,485.8,1.0,97.16,97.16,0.0192265670236728,90.22968414960368,B,0.0001922656702367,0.9022968414960368,1.0,1.0,1.0,1.0,Uitgeschakeld,"REX_RH2-023DBB-NN-005,0",549.54,Standard Approved,MCAP Cable & Glassfiber Assemblies B.V.,600-Cable and wire," 274,77",0 dagen,10.0,0.0,2024-09-18,
000787790,"Motor, three-phase geared",1,Critical,1.0,550.6,1.0,110.12,110.12,0.0217911646834793,88.10029053129333,B,0.0002179116468347,0.8810029053129332,1.0,1.0,1.0,1.0,Uitgeschakeld,000787790,550.6,Custom Approved,SEW-Eurodrive B.V.,310-Electric motor," 261,84",0 dagen,10.0,0.0,2026-05-04,
000822483,"Conveyor belt, fastener",3,Wear,1.0,550.78,1.0,110.156,110.156,0.0217982885658676,88.07849936660985,B,0.0002179828856586,0.8807849936660984,1.0,1.0,1.0,1.0,Uitgeschakeld,000822483,550.78,Custom Approved,YONGLI Nederland Wormer B.V.,350-Conveyor," 152,58",0 dagen,7.0,0.0,2026-04-22,
CYLIROTA-00000002,"Cylinder, semi-rotary",1,Critical,1.0,664.29,1.0,132.858,132.858,0.0262906879542108,85.00483503193537,B,0.0002629068795421,0.8500483503193537,1.0,1.0,1.0,1.0,Uitgeschakeld,CYLIROTA-00000002,552.18,Custom Approved,Festo B.V.,510-Cylinder," 276,09",0 dagen,8.0,1.0,2023-01-31,
000730830,"Conveyor belt, welded",3,Wear,1.0,465.88,1.0,93.176,93.176,0.0184381907060285,91.00304248372436,B,0.0001843819070602,0.9100304248372436,1.0,1.0,1.0,1.0,Uitgeschakeld,000730830,552.48,Custom Approved,YONGLI Nederland Wormer B.V.,350-Conveyor," 149,32",0 dagen,7.0,0.0,2025-02-07,
BELTENDL-00000203,"Conveyor belt, welded",3,Wear,2.0,1381.08,1.0,276.216,276.216,0.0546591749383574,65.3590603294716,A,0.0005465917493835,0.6535906032947161,2.0,2.0,2.0,1.0,Uitgeschakeld,BELTENDL-00000203,554.12,Custom Approved,YONGLI Nederland Wormer B.V.,350-Conveyor," 149,76",0 dagen,7.0,1.0,2024-10-15,
000610038,"Conveyor belt, welded",3,Wear,2.0,913.04,2.0,182.608,91.304,0.0180677488218343,91.36830936207755,B,0.0001806774882183,0.9136830936207756,2.0,1.0,1.0,2.0,Uitgeschakeld,000610038,554.59,Custom Approved,YONGLI Nederland Wormer B.V.,350-Conveyor," 149,89",0 dagen,7.0,0.0,2023-12-08,
000788278,"Conveyor belt, welded",3,Wear,1.0,494.7,1.0,98.94,98.94,0.0195788034306524,89.95811522273421,B,0.0001957880343065,0.899581152227342,1.0,1.0,1.0,1.0,Uitgeschakeld,000788278,554.67,Custom Approved,YONGLI Nederland Wormer B.V.,350-Conveyor," 149,91",0 dagen,7.0,0.0,2025-09-24,
000695737,"Conveyor belt, welded",3,Wear,1.0,414.99,1.0,82.998,82.998,0.0164241108463441,92.94373915292232,B,0.0001642411084634,0.9294373915292232,1.0,1.0,1.0,1.0,Uitgeschakeld,000695737,555.04,Custom Approved,YONGLI Nederland Wormer B.V.,350-Conveyor," 150,01",0 dagen,7.0,0.0,2023-11-27,
BELTENDL-00000927,"Transport belt endless, VLV welded",3,Wear,1.0,438.24,1.0,87.648,87.648,0.0173442789881728,92.13076468710469,B,0.0001734427898817,0.9213076468710468,1.0,1.0,1.0,1.0,Uitgeschakeld,BELTENDL-00000927,555.23,Custom approved,YONGLI Nederland Wormer B.V.,350-Conveyor," 156,12",0 dagen,7.0,1.0,2021-11-23,
BELTENDL-00000614,"Conveyor belt, welded",3,Wear,1.0,468.35,1.0,93.67,93.67,0.0185359462032465,90.94766063049484,B,0.0001853594620324,0.9094766063049484,1.0,1.0,1.0,1.0,Uitgeschakeld,BELTENDL-00000614,555.41,Custom Approved,YONGLI Nederland Wormer B.V.,350-Conveyor," 150,11",0 dagen,7.0,1.0,2024-08-12,
000453974,"Conveyor belt, welded",3,Wear,5.0,2269.81,5.0,453.962,90.7924,0.0179665105376709,91.49446356058716,B,0.0001796651053767,0.9149446356058716,5.0,1.0,1.0,5.0,Uitgeschakeld,000453974,556.6,Custom Approved,YONGLI Nederland Wormer B.V.,350-Conveyor," 150,43",0 dagen,7.0,1.0,2025-02-07,
000573018,"Conveyor belt, welded, extra grip",3,Wear,1.0,364.54,1.0,72.908,72.908,0.0144274449213867,94.61656054720096,B,0.0001442744492138,0.9461656054720096,1.0,1.0,1.0,1.0,Uitgeschakeld,000573018,557.63,Custom Approved,Ammeraal Beltech B.V.,350-Conveyor," 150,71",0 dagen,7.0,0.0,2023-01-05,
000535024,"Cylinder, drive with guide",1,Critical,1.0,0.0,1.0,0.0,0.0,0.0,100.0000000000002,C,0.0,1.000000000000002,1.0,1.0,1.0,1.0,Uitgeschakeld,000535024,558.34,Custom Approved,Festo B.V.,510-Cylinder," 279,17",0 dagen,8.0,0.0,2024-05-31,
000256614,"Conveyor belt, welded",3,Wear,6.0,5181.03,1.0,1036.206,1036.206,0.2050502687251121,23.64012973519956,A,0.0020505026872511,0.2364012973519956,6.0,6.0,6.0,1.0,Uitgeschakeld,000256614,558.63,Custom Approved,YONGLI Nederland Wormer B.V.,350-Conveyor," 150,98",0 dagen,7.0,1.0,2025-03-11,
000670005,"Motor, three-phase geared",1,Critical,4.0,1553.06,3.0,310.612,103.5373333333333,0.0204885495963944,89.11547025398183,B,0.0002048854959639,0.8911547025398182,4.0,1.333333333333333,2.0,3.0,Uitgeschakeld,000670005,561.08,Custom Approved,SEW-Eurodrive B.V.,310-Electric motor," 280,54",0 dagen,10.0,0.0,2025-11-24,
BELTENDL-00000925,"Conveyor belt, welded",3,Wear,2.0,1293.53,2.0,258.706,129.353,0.025597098849456,85.49659023081816,B,0.0002559709884945,0.8549659023081816,2.0,1.0,1.0,2.0,Uitgeschakeld,BELTENDL-00000925,561.74,Custom Approved,YONGLI Nederland Wormer B.V.,350-Conveyor," 157,95",0 dagen,7.0,1.0,2023-12-11,
000665292,"Conveyor belt, welded",3,Wear,1.0,474.15,1.0,94.83,94.83,0.0187654935246489,90.76136622486077,B,0.0001876549352464,0.9076136622486076,1.0,1.0,1.0,1.0,Uitgeschakeld,000665292,562.29,Custom Approved,YONGLI Nederland Wormer B.V.,350-Conveyor," 151,97",0 dagen,7.0,0.0,2024-08-05,
BELTENDL-00000929,"Conveyor belt, welded",3,Wear,4.0,2588.3,2.0,517.6600000000001,258.83,0.0512187355160275,67.10012964354377,A,0.0005121873551602,0.6710012964354377,4.0,2.0,3.0,2.0,Uitgeschakeld,BELTENDL-00000929,562.4,Custom Approved,YONGLI Nederland Wormer B.V.,350-Conveyor," 155,80",0 dagen,7.0,1.0,2025-03-06,
000250494,"Conveyor belt, welded",3,Wear,1.0,422.05,1.0,84.41,84.41,0.016703525344465,92.71147516302776,B,0.0001670352534446,0.9271147516302776,1.0,1.0,1.0,1.0,Uitgeschakeld,000250494,562.85,Custom Approved,YONGLI Nederland Wormer B.V.,350-Conveyor," 152,12",0 dagen,7.0,1.0,2023-10-04,
BELTENDL-00000152,"Conveyor belt, welded",3,Wear,12.0,13527.75,6.0,2705.55,450.925,0.0892315740546486,48.50356783194523,A,0.0008923157405464,0.4850356783194523,12.0,2.0,3.0,6.0,Uitgeschakeld,BELTENDL-00000152,563.29,Standard Approved,YONGLI Nederland Wormer B.V.,350-Conveyor," 156,05",0 dagen,7.0,1.0,2026-04-28,
BELTENDL-00000020,"Conveyor belt, fastener",3,Wear,3.0,897.35,3.0,179.47,59.82333333333333,0.0118381775207168,96.18180651806723,C,0.0001183817752071,0.9618180651806724,3.0,1.0,1.0,3.0,Uitgeschakeld,BELTENDL-00000020,563.51,Custom Approved,YONGLI Nederland Wormer B.V.,350-Conveyor," 152,30",0 dagen,7.0,1.0,2023-08-09,
000567174,"Conveyor belt, welded",3,Wear,1.0,432.28,1.0,86.45599999999999,86.45599999999999,0.0171083993268696,92.4582096139863,B,0.0001710839932686,0.924582096139863,1.0,1.0,1.0,1.0,Uitgeschakeld,000567174,565.18,Custom Approved,YONGLI Nederland Wormer B.V.,350-Conveyor," 152,75",0 dagen,7.0,0.0,2022-10-27,
000345680,"Conveyor belt, fastener",3,Wear,1.0,446.6,1.0,89.32000000000001,89.32000000000001,0.0176751437479873,91.86885877900002,B,0.0001767514374798,0.9186885877900002,1.0,1.0,1.0,1.0,Uitgeschakeld,000345680,565.92,Custom Approved,YONGLI Nederland Wormer B.V.,350-Conveyor," 152,95",0 dagen,7.0,1.0,2024-02-28,
000605781,"Conveyor roller, drive, PolyVee",3,Wear,1.0,566.1,1.0,113.22,113.22,0.0224046101113651,87.65954563751387,B,0.0002240461011136,0.8765954563751387,1.0,1.0,1.0,1.0,Uitgeschakeld,000605781,566.1,Custom Approved,Itoh Denki Europe,350-Conveyor," 153,00",0 dagen,8.0,0.0,2026-01-22,
000357664,"Motor, three-phase geared",1,Critical,2.0,932.52,2.0,186.504,93.252,0.0184532300132928,90.98460429301836,B,0.0001845323001329,0.9098460429301836,2.0,1.0,1.0,2.0,Uitgeschakeld,000357664,566.14,Custom Approved,SEW-Eurodrive B.V.,310-Electric motor," 283,07",0 dagen,10.0,1.0,2024-09-16,
000515821,"Motor, three-phase geared",1,Critical,1.0,404.62,1.0,80.924,80.924,0.0160136960665263,93.39743610979846,B,0.0001601369606652,0.9339743610979846,1.0,1.0,1.0,1.0,Uitgeschakeld,000515821,566.48,Custom Approved,SEW-Eurodrive B.V.,310-Electric motor," 283,24",0 dagen,10.0,0.0,2021-11-17,
000790716,"Conveyor belt, welded",3,Wear,1.0,505.43,1.0,101.086,101.086,0.0200034659752469,89.60114949311867,B,0.0002000346597524,0.8960114949311867,1.0,1.0,1.0,1.0,Uitgeschakeld,000790716,566.69,Custom Approved,YONGLI Nederland Wormer B.V.,350-Conveyor," 153,16",0 dagen,7.0,0.0,2025-09-24,
000804809,"Conveyor belt, welded VLV",3,Wear,1.0,505.73,1.0,101.146,101.146,0.0200153391125608,89.58114602714342,B,0.0002001533911256,0.8958114602714342,1.0,1.0,1.0,1.0,Uitgeschakeld,000804809,567.03,Custom Approved,YONGLI Nederland Wormer B.V.,350-Conveyor," 153,25",0 dagen,7.0,0.0,2025-09-19,
000455210,"Motor, three-phase geared",1,Critical,1.0,505.23,1.0,101.046,101.046,0.0199955505503709,89.6411441561606,B,0.0001999555055037,0.896411441561606,1.0,1.0,1.0,1.0,Uitgeschakeld,000455210,567.82,Custom Approved,SEW-Eurodrive B.V.,310-Electric motor," 289,87",0 dagen,10.0,1.0,2025-04-10,
000545303,"Conveyor belt, welded",3,Wear,1.0,726.37,1.0,145.274,145.274,0.0287476358357044,83.07811012933114,B,0.000287476358357,0.8307811012933114,1.0,1.0,1.0,1.0,Uitgeschakeld,000545303,568.21,Custom Approved,Ammeraal Beltech B.V.,350-Conveyor," 153,57",0 dagen,7.0,0.0,2024-10-30,
000543050,"Conveyor roller, drive, PolyVee",3,Wear,1.0,386.3,1.0,77.26,77.26,0.0152886431478896,93.97644337621122,B,0.0001528864314788,0.9397644337621124,1.0,1.0,1.0,1.0,Uitgeschakeld,000543050,569.21,Custom Approved,NDW Internationale Transportonderdelen B.V.,350-Conveyor," 153,84",0 dagen,10.0,0.0,2025-06-05,
000425260,"Cylinder, rodless",1,Critical,5.0,2509.44,5.0,501.888,100.3776,0.0198632838006939,89.8204895325305,B,0.0001986328380069,0.898204895325305,5.0,1.0,1.0,5.0,Uitgeschakeld,000425260,569.48,Custom Approved,Festo B.V.,510-Cylinder," 284,74",0 dagen,8.0,1.0,2025-10-20,
000466349,"Motor, three-phase geared",1,Critical,13.0,6398.16,10.0,1279.632,127.9632,0.0253220774121412,85.72595867845982,B,0.0002532207741214,0.8572595867845982,13.0,1.3,2.0,10.0,Uitgeschakeld,000466349,569.9,Standard Approved,SEW-Eurodrive B.V.,310-Electric motor," 294,83",0 dagen,10.0,0.0,2026-04-23,
000631046,"Conveyor belt, welded",3,Wear,1.0,433.11,1.0,86.622,86.622,0.0171412483401048,92.42396946482916,B,0.000171412483401,0.9242396946482916,1.0,1.0,1.0,1.0,Uitgeschakeld,000631046,570.69,Custom Approved,YONGLI Nederland Wormer B.V.,350-Conveyor," 154,24",0 dagen,7.0,0.0,2024-05-15,
BELTENDL-00000970,"Conveyor belt, welded",3,Wear,1.0,910.32,1.0,182.064,182.064,0.0360278478653557,77.78903539348528,A,0.0003602784786535,0.7778903539348527,1.0,1.0,1.0,1.0,Uitgeschakeld,BELTENDL-00000970,571.1,Custom Approved,YONGLI Nederland Wormer B.V.,350-Conveyor," 154,35",0 dagen,7.0,1.0,2021-10-08,
000271361,"Cylinder, drive with guide",1,Critical,15.0,7924.43,12.0,1584.886,132.0738333333333,0.0261355126457052,85.0833918090341,B,0.000261355126457,0.8508339180903409,15.0,1.25,3.0,12.0,Uitgeschakeld,000271361,571.8,Standard Approved,Festo B.V.,510-Cylinder," 285,90",0 dagen,8.0,1.0,2026-03-26,
000692784,"Conveyor belt, welded",3,Wear,2.0,434.23,2.0,86.846,43.423,0.008592787359705,97.6320297374197,C,8.592787359705065e-05,0.976320297374197,2.0,1.0,1.0,2.0,Uitgeschakeld,000692784,572.17,Custom Approved,YONGLI Nederland Wormer B.V.,350-Conveyor," 154,64",0 dagen,7.0,0.0,2024-11-04,
000845378,"Conveyor belt, welded",3,Wear,1.0,510.44,1.0,102.088,102.088,0.0202017473683893,89.33968884839416,B,0.0002020174736838,0.8933968884839416,1.0,1.0,1.0,1.0,Uitgeschakeld,000845378,572.32,Custom Approved,YONGLI Nederland Wormer B.V.,350-Conveyor," 154,68",0 dagen,7.0,0.0,2025-09-19,
BELTENDL-00000442,"Transport belt endless, VLV welded",3,Wear,1.0,498.46,1.0,99.692,99.692,0.0197276134183201,89.87970917951114,B,0.0001972761341832,0.8987970917951114,1.0,1.0,1.0,1.0,Uitgeschakeld,BELTENDL-00000442,572.58,Custom approved,YONGLI Nederland Wormer B.V.,350-Conveyor," 154,75",0 dagen,7.0,1.0,2023-10-10,
BELTENDL-00000087,"Transport belt endless, VLV welded",3,Wear,3.0,1298.32,1.0,259.664,259.664,0.0513837721246909,66.99758096079222,A,0.0005138377212469,0.6699758096079221,3.0,3.0,3.0,1.0,Uitgeschakeld,BELTENDL-00000087,573.36,Custom approved,YONGLI Nederland Wormer B.V.,350-Conveyor," 154,96",0 dagen,7.0,1.0,2025-07-04,
000297964,"Conveyor belt, welded",3,Wear,1.0,449.23,1.0,89.846,89.846,0.017779231585106,91.72698018048187,B,0.000177792315851,0.9172698018048188,1.0,1.0,1.0,1.0,Uitgeschakeld,000297964,573.54,Custom Approved,YONGLI Nederland Wormer B.V.,350-Conveyor," 155,01",0 dagen,7.0,1.0,2025-07-02,
000746317,"Conveyor belt, welded",3,Wear,1.0,513.22,1.0,102.644,102.644,0.020311771774165,89.29917899013562,B,0.0002031177177416,0.8929917899013562,1.0,1.0,1.0,1.0,Uitgeschakeld,000746317,575.42,Custom Approved,YONGLI Nederland Wormer B.V.,350-Conveyor," 157,85",0 dagen,7.0,0.0,2026-02-11,
AB_2711R-T4T,"PanelView 800, 4.3inch HMI Terminal",1,Critical,4.0,1781.03,4.0,356.206,89.0515,0.0176220114585076,91.88648079045852,B,0.000176220114585,0.9188648079045852,4.0,1.0,1.0,4.0,Uitgeschakeld,AB_2711R-T4T,575.54,Custom approved,Routeco B.V.,"699-Electro part, Miscellaneous"," 287,77",0 dagen,10.0,1.0,2025-09-17,
000651013,"Conveyor belt, welded",3,Wear,1.0,437.74,1.0,87.548,87.548,0.0173244904259829,92.16541445949912,B,0.0001732449042598,0.9216541445949912,1.0,1.0,1.0,1.0,Uitgeschakeld,000651013,576.79,Custom Approved,YONGLI Nederland Wormer B.V.,350-Conveyor," 155,89",0 dagen,7.0,0.0,2024-04-11,
000639628,"Motor, three-phase",1,Critical,3.0,1532.55,2.0,306.51,153.255,0.0303269609840775,81.896065461986,B,0.0003032696098407,0.81896065461986,3.0,1.5,2.0,2.0,Uitgeschakeld,000639628,577.88,Custom Approved,SEW-Eurodrive B.V.,310-Electric motor," 288,94",0 dagen,10.0,0.0,2024-12-20,
000308985,"Conveyor belt, welded",3,Wear,1.0,447.06,1.0,89.412,89.412,0.017693349225202,91.85118363525204,B,0.000176933492252,0.9185118363525204,1.0,1.0,1.0,1.0,Uitgeschakeld,000308985,578.65,Custom Approved,YONGLI Nederland Wormer B.V.,350-Conveyor," 156,39",0 dagen,7.0,1.0,2025-07-02,
BELTENDL-00000225,"Conveyor belt, welded",3,Wear,3.0,4487.59,1.0,897.518,897.518,0.1776059075952323,27.0302286565602,A,0.0017760590759523,0.270302286565602,3.0,3.0,3.0,1.0,Uitgeschakeld,BELTENDL-00000225,579.02,Custom Approved,YONGLI Nederland Wormer B.V.,350-Conveyor," 162,81",0 dagen,7.0,1.0,2024-07-25,
LEN_I55B-3F3.0-STO,"Frequency inverter i55B 3,0kW 3P+STO",1,Critical,2.0,982.73,2.0,196.546,98.273,0.019446813720846,90.07524985679028,B,0.0001944681372084,0.9007524985679028,2.0,1.0,1.0,2.0,Uitgeschakeld,LEN_I55B-3F3.0-STO,580.12,Custom Approved,Lenze B.V.,610-Motor control," 290,06",0 dagen,10.0,0.0,2025-07-15,
000642619,"Conveyor belt, welded",3,Wear,2.0,1074.9,1.0,214.98,214.98,0.0425414509957717,72.88667789642328,A,0.0004254145099577,0.7288667789642328,2.0,2.0,2.0,1.0,Uitgeschakeld,000642619,583.16,Custom Approved,YONGLI Nederland Wormer B.V.,350-Conveyor," 159,97",0 dagen,7.0,0.0,2026-01-19,
000765084,"Conveyor belt, welded",3,Wear,2.0,961.05,2.0,192.21,96.105,0.0190177976925697,90.44010595286178,B,0.0001901779769256,0.9044010595286178,2.0,1.0,1.0,2.0,Uitgeschakeld,000765084,583.27,Standard Approved,YONGLI Nederland Wormer B.V.,350-Conveyor," 161,58",0 dagen,7.0,0.0,2026-03-10,
000276919,"Conveyor belt, welded",3,Wear,1.0,465.15,1.0,93.03,93.03,0.0184092994052313,91.07670698956112,B,0.0001840929940523,0.9107670698956112,1.0,1.0,1.0,1.0,Geselecteerd,000276919,583.75,Custom Approved,YONGLI Nederland Wormer B.V.,350-Conveyor," 157,77",0 dagen,7.0,1.0,2021-09-10,
BELTENDL-00000182,"Conveyor belt, fastener",3,Wear,50.0,25928.02,14.0,5185.604,370.4002857142858,0.0732968908900089,55.03061174957846,A,0.0007329689089,0.5503061174957846,50.0,3.571428571428572,29.0,14.0,Uitgeschakeld,BELTENDL-00000182,584.16,Standard Approved,YONGLI Nederland Wormer B.V.,350-Conveyor," 161,83",0 dagen,7.0,1.0,2026-03-16,
000784115,"Conveyor belt, welded",3,Wear,1.0,482.6,1.0,96.52,96.52,0.0190999202256576,90.36384498978012,B,0.0001909992022565,0.9036384498978012,1.0,1.0,1.0,1.0,Uitgeschakeld,000784115,584.97,Custom Approved,YONGLI Nederland Wormer B.V.,350-Conveyor," 160,47",0 dagen,7.0,0.0,2025-10-08,
MOTRBROBW30A,Motorreductor Brown,Onbekend,Onbekend,2.0,898.42,1.0,179.684,179.684,0.0355568800852369,78.50428949482024,A,0.0003555688008523,0.7850428949482025,2.0,2.0,2.0,1.0,Uitgeschakeld,MOTRBROBW30A,585.2,Custom approved,AXIS & Stuifmeel B.V.,310-Electric motor," 292,60",31 dagen,10.0,1.0,2024-02-02,
CYLIDA-00000052,"Cylinder, standard",1,Critical,5.0,2288.33,5.0,457.666,91.5332,0.0181131042063734,91.35024161325572,B,0.0001811310420637,0.9135024161325572,5.0,1.0,1.0,5.0,Uitgeschakeld,CYLIDA-00000052,585.4,Standard Approved,Festo B.V.,510-Cylinder," 292,70",0 dagen,8.0,1.0,2023-11-02,
BELTENDL-00000718,"Conveyor belt, welded",3,Wear,2.0,1661.68,1.0,332.336,332.336,0.0657645160393096,58.20562378963461,A,0.000657645160393,0.5820562378963461,2.0,2.0,2.0,1.0,Uitgeschakeld,BELTENDL-00000718,585.83,Custom Approved,YONGLI Nederland Wormer B.V.,350-Conveyor," 160,70",0 dagen,7.0,1.0,2025-07-23,
000503284,"Conveyor belt, welded",3,Wear,1.0,433.9,1.0,86.78,86.78,0.0171725142683648,92.38966915844298,B,0.0001717251426836,0.92389669158443,1.0,1.0,1.0,1.0,Uitgeschakeld,000503284,587.34,Standard Approved,YONGLI Nederland Wormer B.V.,350-Conveyor," 158,74",0 dagen,7.0,0.0,2022-02-25,
BELTENDL-00000556,"Conveyor belt, welded",3,Wear,1.0,488.07,1.0,97.614,97.614,0.0193164070960147,90.15264312140047,B,0.0001931640709601,0.9015264312140048,1.0,1.0,1.0,1.0,Uitgeschakeld,BELTENDL-00000556,588.86,Custom Approved,YONGLI Nederland Wormer B.V.,350-Conveyor," 159,15",0 dagen,7.0,1.0,2022-07-08,
000242475,"Conveyor belt, welded",3,Wear,1.0,405.42,1.0,81.084,81.084,0.0160453577660301,93.36540421341172,B,0.0001604535776603,0.9336540421341172,1.0,1.0,1.0,1.0,Uitgeschakeld,000242475,588.97,Custom Approved,YONGLI Nederland Wormer B.V.,350-Conveyor," 159,18",0 dagen,7.0,1.0,2025-01-20,
000408165,Transportband eindl. dmv VLV-las,3,Wear,1.0,529.81,1.0,105.962,105.962,0.0209683562676247,88.84662929914158,B,0.0002096835626762,0.8884662929914158,1.0,1.0,1.0,1.0,Uitgeschakeld,000408165,589.12,Custom approved,YONGLI Nederland Wormer B.V.,350-Conveyor," 159,22",0 dagen,7.0,1.0,2026-03-26,
FOTOOMRE32ET16WR1,Photocell fiberglass,2,Critical,1.0,505.07,1.0,101.014,101.014,0.0199892182104702,89.66113337437108,B,0.0001998921821047,0.8966113337437107,1.0,1.0,1.0,1.0,Uitgeschakeld,FOTOOMRE32ET16WR1,589.6,Custom Approved,Omron Electronics B.V.,660-Sensor and lighting," 294,80",21 dagen,10.0,1.0,2024-02-29,
000755388,"Conveyor belt, welded",3,Wear,1.0,448.58,1.0,89.716,89.716,0.0177535064542592,91.78026484189054,B,0.0001775350645425,0.9178026484189054,1.0,1.0,1.0,1.0,Uitgeschakeld,000755388,591.08,Custom Approved,YONGLI Nederland Wormer B.V.,350-Conveyor," 162,15",0 dagen,7.0,0.0,2025-12-15,
000467579,"Conveyor belt, welded",3,Wear,1.0,448.89,1.0,89.77799999999999,89.77799999999999,0.0177657753628169,91.7447459558447,B,0.0001776577536281,0.9174474595584472,1.0,1.0,1.0,1.0,Uitgeschakeld,000467579,591.49,Custom Approved,YONGLI Nederland Wormer B.V.,350-Conveyor," 159,86",0 dagen,7.0,0.0,2024-05-15,
000525532,Air supply unit,1,Critical,2.0,977.23,2.0,195.446,97.723,0.0193379766288017,90.1140099114372,B,0.000193379766288,0.901140099114372,2.0,1.0,1.0,2.0,Uitgeschakeld,000525532,591.54,Custom Approved,Festo B.V.,500-Air supply," 295,77",0 dagen,10.0,0.0,2023-01-31,
000344512,"Conveyor belt, welded",3,Wear,1.0,978.0,1.0,195.6,195.6,0.0387064276433758,75.87988402175897,A,0.0003870642764337,0.7587988402175897,1.0,1.0,1.0,1.0,Uitgeschakeld,000344512,592.15,Custom Approved,YONGLI Nederland Wormer B.V.,350-Conveyor," 160,04",0 dagen,7.0,1.0,2022-04-28,
000447021,"Conveyor belt, welded",3,Wear,1.0,1057.4,1.0,211.48,211.48,0.0418488513191264,73.39297459372342,A,0.0004184885131912,0.7339297459372343,1.0,1.0,1.0,1.0,Uitgeschakeld,000447021,592.78,Custom Approved,YONGLI Nederland Wormer B.V.,350-Conveyor," 179,28",0 dagen,7.0,1.0,2025-09-17,
000515787,"Motor, three-phase geared",1,Critical,2.0,939.33,2.0,187.866,93.933,0.0185879901218058,90.8733963333381,B,0.000185879901218,0.9087339633333812,2.0,1.0,1.0,2.0,Uitgeschakeld,000515787,594.36,Custom Approved,SEW-Eurodrive B.V.,310-Electric motor," 297,18",0 dagen,10.0,0.0,2026-02-11,
AB_25B-A2P5N114,"Frequency inverter PFlex 525 0,4kW 1P",1,Critical,8.0,4329.88,8.0,865.976,108.247,0.0214205249136631,88.38063573037674,B,0.0002142052491366,0.8838063573037674,8.0,1.0,1.0,8.0,Uitgeschakeld,AB_25B-A2P5N114,594.94,Standard approved,Routeco B.V.,610-Motor control," 297,46",0 dagen,10.0,5.0,2025-05-15,
000640088,"Motor, three-phase geared",1,Critical,1.0,535.34,1.0,107.068,107.068,0.0211872177654446,88.63597644871469,B,0.0002118721776544,0.8863597644871468,1.0,1.0,1.0,1.0,Uitgeschakeld,000640088,595.32,Custom Approved,SEW-Eurodrive B.V.,310-Electric motor," 297,66",0 dagen,10.0,0.0,2026-02-11,
000515799,"Motor, three-phase geared",1,Critical,2.0,989.62,2.0,197.924,98.962,0.0195831569143341,89.93853641930355,B,0.0001958315691433,0.8993853641930355,2.0,1.0,1.0,2.0,Uitgeschakeld,000515799,595.32,Custom Approved,SEW-Eurodrive B.V.,310-Electric motor," 297,66",0 dagen,10.0,0.0,2026-02-11,
000298046,"Conveyor belt, welded",3,Wear,2.0,916.39,1.0,183.278,183.278,0.0362680810103407,77.68073160319202,A,0.0003626808101034,0.7768073160319202,2.0,2.0,2.0,1.0,Uitgeschakeld,000298046,595.93,Custom Approved,YONGLI Nederland Wormer B.V.,350-Conveyor," 161,06",0 dagen,7.0,1.0,2025-07-02,
000442462,"Conveyor belt, welded",3,Wear,1.0,509.19,1.0,101.838,101.838,0.0201522759629146,89.42036696721225,B,0.0002015227596291,0.8942036696721224,1.0,1.0,1.0,1.0,Uitgeschakeld,000442462,596.59,Custom Approved,YONGLI Nederland Wormer B.V.,350-Conveyor," 161,24",0 dagen,7.0,1.0,2021-06-30,
000670002,"Motor, three-phase geared",1,Critical,3.0,1195.72,2.0,239.144,119.572,0.0236615795816653,86.94978750967176,B,0.0002366157958166,0.8694978750967176,3.0,1.5,2.0,2.0,Uitgeschakeld,000670002,597.86,Custom Approved,SEW-Eurodrive B.V.,310-Electric motor," 287,14",0 dagen,10.0,0.0,2025-11-24,
000282593,"Conveyor belt, welded",3,Wear,1.0,900.06,1.0,180.012,180.012,0.0356217865692197,78.32634896263838,A,0.0003562178656921,0.7832634896263837,1.0,1.0,1.0,1.0,Uitgeschakeld,000282593,598.74,Custom Approved,YONGLI Nederland Wormer B.V.,350-Conveyor," 161,82",0 dagen,7.0,1.0,2023-01-30,
000586703,"Conveyor belt, welded",3,Wear,8.0,7553.650000000001,1.0,1510.73,1510.73,0.298951745570947,15.03200134833891,A,0.0029895174557094,0.1503200134833891,8.0,8.0,8.0,1.0,Uitgeschakeld,000586703,599.25,Custom Approved,YONGLI Nederland Wormer B.V.,350-Conveyor," 164,39",0 dagen,7.0,0.0,2025-09-03,
000728996,"Conveyor belt, welded",3,Wear,1.0,505.32,1.0,101.064,101.064,0.0199991124915651,89.62114860561023,B,0.0001999911249156,0.8962114860561023,1.0,1.0,1.0,1.0,Uitgeschakeld,000728996,599.25,Custom Approved,YONGLI Nederland Wormer B.V.,350-Conveyor," 161,96",0 dagen,7.0,0.0,2025-01-17,
000645786,"Conveyor belt, welded",3,Wear,2.0,1011.38,1.0,202.276,202.276,0.0400275120551712,74.73952379918867,A,0.0004002751205517,0.7473952379918868,2.0,2.0,2.0,1.0,Uitgeschakeld,000645786,599.7,Custom Approved,YONGLI Nederland Wormer B.V.,350-Conveyor," 162,08",0 dagen,7.0,0.0,2024-10-07,
BELTENDL-00000120,"Conveyor belt, welded",3,Wear,6.0,2798.42,3.0,559.684,186.5613333333333,0.0369178054689079,77.24240601756416,A,0.000369178054689,0.7724240601756416,6.0,2.0,4.0,3.0,Uitgeschakeld,BELTENDL-00000120,600.74,Custom Approved,YONGLI Nederland Wormer B.V.,350-Conveyor," 168,92",0 dagen,7.0,1.0,2026-03-31,
000613881,"Conveyor belt, welded",3,Wear,1.0,482.48,1.0,96.496,96.496,0.0190951709707321,90.40203612326408,B,0.0001909517097073,0.9040203612326406,1.0,1.0,1.0,1.0,Uitgeschakeld,000613881,600.77,Custom Approved,YONGLI Nederland Wormer B.V.,350-Conveyor," 162,37",0 dagen,7.0,0.0,2024-09-10,
VERLFESMSB6-1/2TB,Air supply unit,1,Critical,5.0,2314.92,5.0,462.984,92.5968,0.0183235753538248,91.16860780319244,B,0.0001832357535382,0.9116860780319244,5.0,1.0,1.0,5.0,Uitgeschakeld,VERLFESMSB6-1/2TB,602.1,Custom Approved,Festo B.V.,500-Air supply," 301,05",25 dagen,10.0,1.0,2025-04-13,
000625153,"Conveyor belt, welded",3,Wear,1.0,483.79,1.0,96.758,96.758,0.0191470170036695,90.34474506955443,B,0.0001914701700366,0.9034474506955446,1.0,1.0,1.0,1.0,Uitgeschakeld,000625153,602.4,Custom Approved,YONGLI Nederland Wormer B.V.,350-Conveyor," 162,81",0 dagen,7.0,0.0,2024-08-27,
000669655,"Conveyor belt, welded",3,Wear,1.0,508.15,1.0,101.63,101.63,0.0201111157535597,89.48076047170197,B,0.0002011111575355,0.8948076047170197,1.0,1.0,1.0,1.0,Uitgeschakeld,000669655,602.62,Custom Approved,YONGLI Nederland Wormer B.V.,350-Conveyor," 162,87",0 dagen,7.0,0.0,2024-08-05,
000665447,"Conveyor belt, welded",3,Wear,2.0,1503.5,1.0,300.7,300.7,0.0595042065049239,61.75725502959689,A,0.0005950420650492,0.6175725502959689,2.0,2.0,2.0,1.0,Uitgeschakeld,000665447,603.25,Custom Approved,YONGLI Nederland Wormer B.V.,350-Conveyor," 163,04",0 dagen,7.0,0.0,2025-03-21,
000670281,"Motor, servo geared",2,Critical,2.0,574.62,2.0,114.924,57.462,0.0113709036055402,96.46149579953448,C,0.0001137090360554,0.9646149579953448,2.0,1.0,1.0,2.0,Uitgeschakeld,000670281,604.86,Custom Approved,SEW-Eurodrive B.V.,310-Electric motor," 308,78",0 dagen,10.0,0.0,2025-11-03,
BELTENDL-00000141,"Transport belt endless, VLV welded",3,Wear,1.0,454.96,1.0,90.992,90.992,0.0180060085078019,91.47649705004947,B,0.000180060085078,0.9147649705004948,1.0,1.0,1.0,1.0,Uitgeschakeld,BELTENDL-00000141,605.25,Custom approved,YONGLI Nederland Wormer B.V.,350-Conveyor," 163,58",0 dagen,7.0,1.0,2023-02-03,
LEN_I55-3F1.1-ETC,"Frequency inverter i55 1,1KW 3P+STO+ETC",1,Critical,3.0,952.11,3.0,190.422,63.47399999999999,0.0125605919643948,95.73150164016889,C,0.0001256059196439,0.9573150164016888,3.0,1.0,1.0,3.0,Uitgeschakeld,LEN_I55-3F1.1-ETC,608.94,Custom approved,Lenze B.V.,610-Motor control," 304,47",3 dagen,10.0,1.0,2024-05-15,
LEN_I55-3F2.2-ETC,"Frequency inverter i55 2,2kW 3P+STO+ETC",1,Critical,1.0,538.38,1.0,107.676,107.676,0.021307532223559,88.4660730455171,B,0.0002130753222355,0.884660730455171,1.0,1.0,1.0,1.0,Uitgeschakeld,LEN_I55-3F2.2-ETC,609.0,Custom approved,Lenze B.V.,610-Motor control," 304,50",2 dagen,10.0,1.0,2023-08-04,
000739556,"Conveyor belt, welded",3,Wear,1.0,507.53,1.0,101.506,101.506,0.0200865779364443,89.56113068803087,B,0.0002008657793644,0.8956113068803087,1.0,1.0,1.0,1.0,Uitgeschakeld,000739556,610.91,Custom Approved,YONGLI Nederland Wormer B.V.,350-Conveyor," 165,11",0 dagen,7.0,0.0,2025-05-12,
000834526,"Conveyor belt, welded",3,Wear,3.0,1161.08,1.0,232.216,232.216,0.0459522075748168,70.58228148029517,A,0.0004595220757481,0.7058228148029517,3.0,3.0,3.0,1.0,Uitgeschakeld,000834526,611.09,Custom Approved,YONGLI Nederland Wormer B.V.,350-Conveyor," 169,29",0 dagen,7.0,0.0,2026-04-21,
000466505,"Motor, three-phase geared",1,Critical,1.0,525.78,1.0,105.156,105.156,0.0208088604563744,88.9299969285625,B,0.0002080886045637,0.889299969285625,1.0,1.0,1.0,1.0,Uitgeschakeld,000466505,611.28,Custom Approved,SEW-Eurodrive B.V.,310-Electric motor," 305,64",0 dagen,10.0,0.0,2021-08-05,
BELTENDL-00000154,"Conveyor belt, welded",3,Wear,9.0,4587.46,7.0,917.492,131.0702857142857,0.0259369250010051,85.23951908307396,B,0.00025936925001,0.8523951908307396,9.0,1.285714285714286,2.0,7.0,Uitgeschakeld,BELTENDL-00000154,611.36,Standard Approved,YONGLI Nederland Wormer B.V.,350-Conveyor," 169,36",0 dagen,7.0,1.0,2026-05-07,
000341306,"Motor, stepper",2,Critical,5.0,2517.79,2.0,503.558,251.779,0.0498234439960201,67.95910378432448,A,0.0004982344399602,0.6795910378432448,5.0,2.5,3.0,2.0,Uitgeschakeld,000341306,611.62,Custom Approved,Beckhoff Automation B.V.,310-Electric motor," 305,81",0 dagen,10.0,1.0,2025-06-13,
000680551,DPR Smal Lower Arm 800,2,Critical,144.0,242323.5,73.0,48464.7,663.9,0.1313762643785135,35.15718369599002,A,0.0013137626437851,0.3515718369599002,144.0,1.972602739726027,7.0,73.0,Uitgeschakeld,000680551,612.5,Standard Approved,Jatec B.V.,160-Merging assemblies," 170,14",0 dagen,8.0,0.0,2026-04-24,
000731565,"Motor, three-phase geared",1,Critical,1.0,584.33,1.0,116.866,116.866,0.0231261010888075,87.0900765424606,B,0.000231261010888,0.8709007654246059,1.0,1.0,1.0,1.0,Uitgeschakeld,000731565,615.08,Custom Approved,SEW-Eurodrive B.V.,310-Electric motor," 294,68",0 dagen,10.0,0.0,2025-11-03,
000449467,"Motor, three-phase geared",1,Critical,2.0,474.91,1.0,94.982,94.982,0.0187955721391775,90.72382217736042,B,0.0001879557213917,0.907238221773604,2.0,2.0,2.0,1.0,Uitgeschakeld,000449467,615.38,Custom Approved,SEW-Eurodrive B.V.,310-Electric motor," 307,69",0 dagen,10.0,1.0,2022-11-23,
BELTENDL-00000106,"Conveyor belt, welded",3,Wear,1.0,431.71,1.0,86.342,86.342,0.0170858403659732,92.47529545435226,B,0.0001708584036597,0.9247529545435228,1.0,1.0,1.0,1.0,Uitgeschakeld,BELTENDL-00000106,617.9,Standard Approved,YONGLI Nederland Wormer B.V.,350-Conveyor," 167,00",0 dagen,7.0,1.0,2022-11-10,
000549944,Transportband eindl. dmv VLV-las,3,Wear,1.0,472.84,1.0,94.568,94.568,0.0187136474917115,90.78007987235247,B,0.0001871364749171,0.9078007987235248,1.0,1.0,1.0,1.0,Uitgeschakeld,000549944,618.24,Custom Approved,YONGLI Nederland Wormer B.V.,350-Conveyor," 167,09",0 dagen,7.0,0.0,2024-07-18,
000279456,"Cylinder, rodless",1,Critical,1.0,408.03,1.0,81.606,81.606,0.0161486540606612,93.23670544439804,B,0.0001614865406066,0.9323670544439804,1.0,1.0,1.0,1.0,Uitgeschakeld,000279456,618.7,Custom Approved,Festo B.V.,510-Cylinder," 309,35",0 dagen,8.0,1.0,2022-01-06,
BELTENDL-00000116,"Conveyor belt, welded",3,Wear,4.0,2064.64,2.0,412.928,206.464,0.0408562570396828,74.05315653020507,A,0.0004085625703968,0.7405315653020507,4.0,2.0,2.0,2.0,Uitgeschakeld,BELTENDL-00000116,619.13,Custom Approved,YONGLI Nederland Wormer B.V.,350-Conveyor," 171,51",0 dagen,7.0,1.0,2026-03-12,
ENCOROT-00000001,Encoder,3,Critical,4.0,2514.07,3.0,502.814,167.6046666666666,0.0331665536964492,80.18604953040462,B,0.0003316655369644,0.8018604953040461,4.0,1.333333333333333,2.0,3.0,Uitgeschakeld,ENCOROT-00000001,620.5,Custom approved,Heidenhain Nederland B.V.,660-Sensor and lighting," 310,25",40 dagen,10.0,1.0,2024-09-12,
BELTENDL-00000331,"Transport belt endless, VLV welded",3,Wear,2.0,920.84,1.0,184.168,184.168,0.0364441992138305,77.57161905436209,A,0.0003644419921383,0.7757161905436208,2.0,2.0,2.0,1.0,Uitgeschakeld,BELTENDL-00000331,621.83,Custom approved,YONGLI Nederland Wormer B.V.,350-Conveyor," 168,06",0 dagen,7.0,1.0,2025-03-05,
000670010,"Motor, three-phase geared",1,Critical,2.0,623.24,2.0,124.648,62.324,0.0123330234992114,95.80598968000209,C,0.0001233302349921,0.9580598968000208,2.0,1.0,1.0,2.0,Uitgeschakeld,000670010,623.24,Custom Approved,SEW-Eurodrive B.V.,310-Electric motor," 318,16",0 dagen,10.0,0.0,2026-01-21,
000550704,"Conveyor belt, welded VLV",3,Wear,1.0,477.12,1.0,95.424,95.424,0.0188830375840567,90.61080378133413,B,0.0001888303758405,0.9061080378133411,1.0,1.0,1.0,1.0,Uitgeschakeld,000550704,623.82,Custom Approved,YONGLI Nederland Wormer B.V.,350-Conveyor," 168,60",0 dagen,7.0,0.0,2025-01-20,
000731885,"Conveyor belt, welded",3,Wear,1.0,527.97,1.0,105.594,105.594,0.020895534358766,88.86752483350034,B,0.0002089553435876,0.8886752483350034,1.0,1.0,1.0,1.0,Uitgeschakeld,000731885,626.11,Custom Approved,YONGLI Nederland Wormer B.V.,350-Conveyor," 171,76",0 dagen,7.0,0.0,2024-05-31,
000448601,"Conveyor belt, welded",3,Wear,1.0,515.66,1.0,103.132,103.132,0.0204083399576515,89.23811584070138,B,0.0002040833995765,0.8923811584070138,1.0,1.0,1.0,1.0,Uitgeschakeld,000448601,626.93,Custom Approved,YONGLI Nederland Wormer B.V.,350-Conveyor," 169,44",0 dagen,7.0,1.0,2025-08-27,
000449368,"Conveyor belt, welded",3,Wear,4.0,2649.34,2.0,529.868,264.934,0.0524266293520968,66.42778430786774,A,0.0005242662935209,0.6642778430786773,4.0,2.0,2.0,2.0,Uitgeschakeld,000449368,628.38,Custom Approved,YONGLI Nederland Wormer B.V.,350-Conveyor," 172,38",0 dagen,7.0,1.0,2026-03-03,
000784764,"Conveyor belt, welded",3,Wear,1.0,519.56,1.0,103.912,103.912,0.0205626907427324,89.05396001496582,B,0.0002056269074273,0.8905396001496583,1.0,1.0,1.0,1.0,Uitgeschakeld,000784764,629.78,Custom Approved,YONGLI Nederland Wormer B.V.,350-Conveyor," 172,76",0 dagen,7.0,0.0,2025-10-08,
000352031,"Motor, three-phase geared",1,Critical,2.0,968.8,2.0,193.76,96.88,0.0191711590495411,90.30643837086733,B,0.0001917115904954,0.9030643837086731,2.0,1.0,1.0,2.0,Uitgeschakeld,000352031,631.08,Custom Approved,SEW-Eurodrive B.V.,310-Electric motor," 315,54",0 dagen,10.0,1.0,2022-07-01,
CYLIRODL-00000005,"Cylinder, rodless",1,Critical,1.0,558.83,1.0,111.766,111.766,0.0221168844171244,87.79310985725184,B,0.0002211688441712,0.8779310985725184,1.0,1.0,1.0,1.0,Uitgeschakeld,CYLIRODL-00000005,632.16,Standard Approved,Festo B.V.,510-Cylinder," 316,08",0 dagen,8.0,1.0,2023-11-02,
000528493,"Conveyor belt, welded",3,Wear,1.0,632.59,1.0,126.518,126.518,0.0250360931113733,85.9272246390905,B,0.0002503609311137,0.8592722463909049,1.0,1.0,1.0,1.0,Uitgeschakeld,000528493,632.59,Standard Approved,YONGLI Nederland Wormer B.V.,350-Conveyor," 175,24",0 dagen,7.0,0.0,2026-03-18,
000469841,"Conveyor belt, welded",3,Wear,1.0,1112.04,1.0,222.408,222.408,0.0440113453952348,72.06358111279722,A,0.0004401134539523,0.7206358111279723,1.0,1.0,1.0,1.0,Uitgeschakeld,000469841,632.78,Custom Approved,YONGLI Nederland Wormer B.V.,350-Conveyor," 171,02",0 dagen,7.0,0.0,2025-07-03,
000688842,"Conveyor belt, welded",3,Wear,1.0,480.31,1.0,96.062,96.062,0.019009288610828,90.4781261131684,B,0.0001900928861082,0.904781261131684,1.0,1.0,1.0,1.0,Uitgeschakeld,000688842,632.89,Custom Approved,YONGLI Nederland Wormer B.V.,350-Conveyor," 171,05",0 dagen,7.0,0.0,2024-04-11,
000493749,"Conveyor belt, fastener",3,Wear,2.0,949.48,1.0,189.896,189.896,0.0375776880560659,76.8336866449286,A,0.0003757768805606,0.7683368664492861,2.0,2.0,2.0,1.0,Uitgeschakeld,000493749,633.11,Custom Approved,YONGLI Nederland Wormer B.V.,350-Conveyor," 171,11",0 dagen,7.0,0.0,2023-05-15,
000645150,"Conveyor belt, welded",3,Wear,1.0,534.77,1.0,106.954,106.954,0.0211646588045481,88.67831289020617,B,0.0002116465880454,0.8867831289020617,1.0,1.0,1.0,1.0,Uitgeschakeld,000645150,634.18,Custom Approved,YONGLI Nederland Wormer B.V.,350-Conveyor," 171,40",0 dagen,7.0,0.0,2023-08-21,
000670001,"Motor, three-phase geared",1,Critical,2.0,1165.62,2.0,233.124,116.562,0.0230659438597504,87.13622821874229,B,0.0002306594385975,0.8713622821874228,2.0,1.0,1.0,2.0,Uitgeschakeld,000670001,635.56,Custom Approved,SEW-Eurodrive B.V.,310-Electric motor," 304,49",0 dagen,10.0,0.0,2025-11-03,
000507047,"Conveyor belt, welded",3,Wear,2.0,991.53,1.0,198.306,198.306,0.0392419061362336,75.3733779628034,A,0.0003924190613623,0.753733779628034,2.0,2.0,2.0,1.0,Uitgeschakeld,000507047,635.59,Custom Approved,YONGLI Nederland Wormer B.V.,350-Conveyor," 171,78",0 dagen,7.0,0.0,2024-06-18,
LEN_PI553F.55-ETC,"Frequency inverter i55p 0,55KW 3F+STO+ETC",1,Critical,1.0,444.4,1.0,88.88,88.88,0.0175880740743519,91.90406886453287,B,0.0001758807407435,0.9190406886453288,1.0,1.0,1.0,1.0,Uitgeschakeld,LEN_PI553F.55-ETC,635.98,Custom approved,Lenze B.V.,610-Motor control," 317,99",16 dagen,10.0,1.0,2021-10-01,
000420473,"Motor, three-phase geared",1,Critical,2.0,965.98,1.0,193.196,193.196,0.0382307106083315,76.30276001608858,A,0.0003823071060833,0.7630276001608859,2.0,2.0,2.0,1.0,Uitgeschakeld,000420473,637.34,Custom Approved,SEW-Eurodrive B.V.,310-Electric motor," 318,67",0 dagen,10.0,1.0,2025-02-21,
BELTENDL-00000003,"Transport belt endless, VLV welded",3,Wear,1.0,933.08,1.0,186.616,186.616,0.0369286232162384,77.20548821209525,A,0.0003692862321623,0.7720548821209525,1.0,1.0,1.0,1.0,Uitgeschakeld,BELTENDL-00000003,638.29,Custom approved,YONGLI Nederland Wormer B.V.,350-Conveyor," 172,51",0 dagen,7.0,1.0,2022-04-28,
000769857,"Conveyor belt, welded",3,Wear,1.0,530.65,1.0,106.13,106.13,0.0210016010521036,88.78368900669801,B,0.000210016010521,0.8878368900669801,1.0,1.0,1.0,1.0,Uitgeschakeld,000769857,638.73,Custom Approved,YONGLI Nederland Wormer B.V.,350-Conveyor," 172,63",0 dagen,7.0,0.0,2025-05-21,
000241660,"Conveyor belt, welded",3,Wear,7.0,3305.09,1.0,661.018,661.018,0.1308059580162016,35.54987623528181,A,0.001308059580162,0.3554987623528181,7.0,7.0,7.0,1.0,Uitgeschakeld,000241660,639.85,Custom Approved,YONGLI Nederland Wormer B.V.,350-Conveyor," 172,93",0 dagen,7.0,1.0,2025-03-11,
CON_C300-034-00073,Frequency inverter  3kW 3P FS3,1,Critical,14.0,8075.96,13.0,1615.192,124.2455384615385,0.0245864056465941,86.27430445120284,B,0.0002458640564659,0.8627430445120283,14.0,1.076923076923077,2.0,13.0,Uitgeschakeld,CON_C300-034-00073,640.0,Standard Approved,Nidec Netherlands B.V.,610-Motor control," 320,00",0 dagen,10.0,0.0,2026-04-23,
000364131,"Motor, three-phase geared",1,Critical,1.0,556.58,1.0,111.316,111.316,0.02202783588727,87.85926104179633,B,0.0002202783588727,0.8785926104179633,1.0,1.0,1.0,1.0,Uitgeschakeld,000364131,641.9,Custom Approved,SEW-Eurodrive B.V.,310-Electric motor," 320,95",0 dagen,10.0,1.0,2021-09-29,
000546267,"Conveyor belt, welded",3,Wear,1.0,481.39,1.0,96.278,96.278,0.0190520319051581,90.42108815516922,B,0.0001905203190515,0.9042108815516922,1.0,1.0,1.0,1.0,Uitgeschakeld,000546267,641.99,Custom Approved,YONGLI Nederland Wormer B.V.,350-Conveyor," 173,51",0 dagen,7.0,0.0,2024-10-30,
000763231,"Conveyor belt, welded",3,Wear,1.0,487.47,1.0,97.494,97.494,0.0192926608213869,90.17193578222184,B,0.0001929266082138,0.9017193578222186,1.0,1.0,1.0,1.0,Uitgeschakeld,000763231,642.32,Custom Approved,YONGLI Nederland Wormer B.V.,350-Conveyor," 176,20",0 dagen,7.0,0.0,2025-12-15,
MOTRBROBW40FP,Motorreductor Brown,Onbekend,Onbekend,4.0,2473.23,2.0,494.646,247.323,0.0489416656648397,68.60029799589977,A,0.0004894166566483,0.6860029799589976,4.0,2.0,3.0,2.0,Geselecteerd,MOTRBROBW40FP,642.5,Custom approved,AXIS & Stuifmeel B.V.,310-Electric motor," 321,25",31 dagen,10.0,1.0,2024-08-20,
000625486,"Conveyor belt, welded",3,Wear,1.0,516.08,1.0,103.216,103.216,0.020424962349891,89.21770750074373,B,0.0002042496234989,0.8921770750074373,1.0,1.0,1.0,1.0,Uitgeschakeld,000625486,642.62,Custom Approved,YONGLI Nederland Wormer B.V.,350-Conveyor," 173,68",0 dagen,7.0,0.0,2024-08-27,
BELTENDL-00000989,"Transport belt endless, VLV welded",3,Wear,1.0,573.25,1.0,114.65,114.65,0.0226875865506801,87.4793312939974,B,0.0002268758655068,0.874793312939974,1.0,1.0,1.0,1.0,Uitgeschakeld,BELTENDL-00000989,642.73,Custom approved,YONGLI Nederland Wormer B.V.,350-Conveyor," 176,32",0 dagen,7.0,1.0,2025-10-28,
LEN_PI553F.37-ETC,"Frequency inverter i55p 0,37KW 3F+STO+ETC",1,Critical,3.0,1491.0,2.0,298.2,149.1,0.0295047462250886,82.52506807323175,B,0.0002950474622508,0.8252506807323176,3.0,1.5,2.0,2.0,Uitgeschakeld,LEN_PI553F.37-ETC,644.76,Custom approved,Lenze B.V.,610-Motor control," 322,38",16 dagen,10.0,1.0,2023-03-15,
000628339,"Cylinder, drive with guide",1,Critical,1.0,553.97,1.0,110.794,110.794,0.0219245395926389,88.01300951581372,B,0.0002192453959263,0.8801300951581372,1.0,1.0,1.0,1.0,Uitgeschakeld,000628339,645.86,Custom Approved,Festo B.V.,510-Cylinder," 322,93",0 dagen,10.0,0.0,2023-10-23,
000713443,"Conveyor belt, welded",3,Wear,1.0,544.85,1.0,108.97,108.97,0.0215635962182958,88.23015551349455,B,0.0002156359621829,0.8823015551349456,1.0,1.0,1.0,1.0,Uitgeschakeld,000713443,646.13,Custom Approved,YONGLI Nederland Wormer B.V.,350-Conveyor," 174,63",0 dagen,7.0,0.0,2024-09-16,
AB_25B-A4P8N114,"Frequency inverter PFlex 525 0,75kW 1P",1,Critical,1.0,485.14,1.0,97.028,97.028,0.0192004461215821,90.26809446968326,B,0.0001920044612158,0.9026809446968326,1.0,1.0,1.0,1.0,Uitgeschakeld,AB_25B-A4P8N114,646.46,Custom approved,Routeco B.V.,610-Motor control," 323,23",0 dagen,10.0,1.0,2022-09-02,
BELTENDL-00000021,"Conveyor belt, fastener",3,Wear,1.0,1184.48,1.0,236.896,236.896,0.0468783122853025,69.74734105467829,A,0.000468783122853,0.6974734105467828,1.0,1.0,1.0,1.0,Uitgeschakeld,BELTENDL-00000021,646.95,Custom Approved,YONGLI Nederland Wormer B.V.,350-Conveyor," 174,85",0 dagen,7.0,1.0,2022-11-24,
000395988,Timing belt 32ATK10-K13-3360,3,Wear,1.0,1012.2,1.0,202.44,202.44,0.0400599652971626,74.65944027954879,A,0.0004005996529716,0.7465944027954878,1.0,1.0,1.0,1.0,Uitgeschakeld,000395988,648.84,Custom approved,Ammertech B.V.,360-Drive belt," 324,24",0 dagen,3.0,3.0,2022-04-29,
000492779,Load cell,2,Critical,3.0,1565.32,3.0,313.064,104.3546666666667,0.0206502881113596,88.99217478089727,B,0.0002065028811135,0.8899217478089727,3.0,1.0,1.0,3.0,Uitgeschakeld,000492779,650.0,Custom Approved,Penko Engineering B.V.,660-Sensor and lighting," 325,00",10 dagen,10.0,0.0,2025-01-03,
BECK_CX2100-0904,Power supply unit with internal UPS for CX2020 and CX203x,2,Critical,4.0,2601.6,4.0,520.3199999999999,130.08,0.0257409616965763,85.34269794672315,B,0.0002574096169657,0.8534269794672315,4.0,1.0,1.0,4.0,Uitgeschakeld,BECK_CX2100-0904,650.4,Standard Approved,Beckhoff Automation B.V.,630-Automation," 325,20",0 dagen,0.0,0.0,2026-04-23,
000357193,"Conveyor belt, welded",3,Wear,1.0,539.36,1.0,107.872,107.872,0.0213463178054511,88.44476551329355,B,0.0002134631780545,0.8844476551329354,1.0,1.0,1.0,1.0,Uitgeschakeld,000357193,650.8,Custom Approved,YONGLI Nederland Wormer B.V.,350-Conveyor," 175,89",0 dagen,7.0,1.0,2022-07-05,
000628236,"Conveyor belt, welded",3,Wear,1.0,549.0,1.0,109.8,109.8,0.0217278412844717,88.1220183725778,B,0.0002172784128447,0.8812201837257779,1.0,1.0,1.0,1.0,Uitgeschakeld,000628236,651.05,Custom Approved,YONGLI Nederland Wormer B.V.,350-Conveyor," 175,96",0 dagen,7.0,0.0,2023-10-25,
000602788,Distance Sensor,Onbekend,Onbekend,1.0,1726.72,1.0,345.344,345.344,0.0683386122089672,56.79825300171085,A,0.0006833861220896,0.5679825300171085,1.0,1.0,1.0,1.0,Uitgeschakeld,000602788,651.1,Custom Approved,Sick B.V.,660-Sensor and lighting," 325,55",0 dagen,10.0,0.0,2023-08-16,
000708439,"Conveyor belt, Rvs-verbinder",3,Wear,1.0,494.38,1.0,98.876,98.876,0.0195661387508508,89.99725541566079,B,0.0001956613875085,0.8999725541566078,1.0,1.0,1.0,1.0,Uitgeschakeld,000708439,651.42,Custom Approved,YONGLI Nederland Wormer B.V.,350-Conveyor," 176,06",0 dagen,7.0,0.0,2024-12-20,
000507663,DPR Smal Lower Arm 946,2,Critical,13.0,17403.53,8.0,3480.706,435.08825,0.0860977089320451,49.9001162224801,A,0.0008609770893204,0.499001162224801,13.0,1.625,4.0,8.0,Uitgeschakeld,000507663,651.46,Standard Approved,Jatec B.V.,160-Merging assemblies," 176,07",0 dagen,8.0,0.0,2026-04-14,
000821074,"Conveyor belt, welded",3,Wear,1.0,509.18,1.0,101.836,101.836,0.0201518801916708,89.44051884740391,B,0.0002015188019167,0.894405188474039,1.0,1.0,1.0,1.0,Uitgeschakeld,000821074,652.79,Custom Approved,YONGLI Nederland Wormer B.V.,350-Conveyor," 176,43",0 dagen,7.0,0.0,2025-08-13,
BELTENDL-00000332,"Conveyor belt, fastener",3,Wear,6.0,5382.09,2.0,1076.418,538.2090000000001,0.1065038226764504,42.97113992519937,A,0.0010650382267645,0.4297113992519937,6.0,3.0,4.0,2.0,Uitgeschakeld,BELTENDL-00000332,652.8,Custom Approved,YONGLI Nederland Wormer B.V.,350-Conveyor," 176,43",0 dagen,7.0,1.0,2025-10-01,
000368546,"Motor, servo",2,Critical,2.0,1004.38,2.0,200.876,100.438,0.0198752360922565,89.80062624872981,B,0.0001987523609225,0.8980062624872981,2.0,1.0,1.0,2.0,Uitgeschakeld,000368546,652.8,Custom Approved,Beckhoff Automation B.V.,310-Electric motor," 326,40",0 dagen,10.0,1.0,2024-05-15,
000355969,"Conveyor belt, welded",3,Wear,6.0,5265.56,3.0,1053.112,351.0373333333334,0.0694652410163102,56.24533009974025,A,0.0006946524101631,0.5624533009974025,6.0,2.0,3.0,3.0,Uitgeschakeld,000355969,653.24,Standard Approved,YONGLI Nederland Wormer B.V.,350-Conveyor," 176,55",0 dagen,7.0,1.0,2025-11-06,
000670009,"Motor, three-phase geared",1,Critical,3.0,620.83,2.0,124.166,62.08300000000001,0.0122853330643338,95.83057756217984,C,0.0001228533306433,0.9583057756217984,3.0,1.5,2.0,2.0,Uitgeschakeld,000670009,653.5,Custom Approved,SEW-Eurodrive B.V.,310-Electric motor," 313,08",0 dagen,10.0,0.0,2025-11-03,
000805944,"Conveyor belt, welded",3,Wear,1.0,583.31,1.0,116.662,116.662,0.0230857324219402,87.11316227488254,B,0.0002308573242194,0.8711316227488254,1.0,1.0,1.0,1.0,Uitgeschakeld,000805944,654.01,Custom Approved,YONGLI Nederland Wormer B.V.,350-Conveyor," 176,76",0 dagen,7.0,0.0,2025-12-16,
000553931,"Conveyor belt, welded",3,Wear,3.0,1806.21,2.0,361.242,180.621,0.035742298912956,78.1837058655298,A,0.0003574229891295,0.7818370586552981,3.0,1.5,2.0,2.0,Uitgeschakeld,000553931,654.68,Custom Approved,YONGLI Nederland Wormer B.V.,350-Conveyor," 184,08",0 dagen,7.0,0.0,2026-02-23,
000447056,"Conveyor belt, welded",3,Wear,4.0,2791.150000000001,2.0,558.2300000000001,279.1150000000001,0.0552328453562416,64.91987112230363,A,0.0005523284535624,0.6491987112230363,4.0,2.0,3.0,2.0,Uitgeschakeld,000447056,654.76,Custom Approved,YONGLI Nederland Wormer B.V.,350-Conveyor," 176,96",0 dagen,7.0,1.0,2025-08-27,
000771098,"Conveyor belt, welded",3,Wear,1.0,529.93,1.0,105.986,105.986,0.0209731055225502,88.82566094287395,B,0.0002097310552255,0.8882566094287395,1.0,1.0,1.0,1.0,Uitgeschakeld,000771098,654.83,Custom Approved,Ammeraal Beltech B.V.,350-Conveyor," 176,98",0 dagen,7.0,0.0,2025-04-28,
000607515,"Conveyor belt, welded",3,Wear,2.0,1079.83,2.0,215.966,107.983,0.0213682831094818,88.4234191954881,B,0.0002136828310948,0.884234191954881,2.0,1.0,1.0,2.0,Uitgeschakeld,000607515,655.9,Custom Approved,YONGLI Nederland Wormer B.V.,350-Conveyor," 177,27",0 dagen,7.0,0.0,2023-12-08,
000446446,"Conveyor belt, welded",3,Wear,1.0,1170.18,1.0,234.036,234.036,0.0463123594066723,70.21315612914339,A,0.0004631235940667,0.7021315612914338,1.0,1.0,1.0,1.0,Uitgeschakeld,000446446,656.01,Custom Approved,YONGLI Nederland Wormer B.V.,350-Conveyor," 198,41",0 dagen,7.0,1.0,2025-09-17,
CILDNOR32000M/25,Double acting cylinder,1,Critical,1.0,452.38,1.0,90.476,90.476,0.0179038995269022,91.5841522751641,B,0.000179038995269,0.915841522751641,1.0,1.0,1.0,1.0,Uitgeschakeld,CILDNOR32000M/25,658.34,Custom approved,Norgren B.V.,510-Cylinder," 329,17",25 dagen,8.0,1.0,2021-12-24,
BELTEND-000000,"Transport belt endless, VLV welded",3,Wear,1.0,1482.33,1.0,296.466,296.466,0.058666358781805,62.52445366602353,A,0.000586663587818,0.6252445366602353,1.0,1.0,1.0,1.0,Uitgeschakeld,BELTEND-000000,658.94,Custom approved,YONGLI Nederland Wormer B.V.,350-Conveyor," 178,09",0 dagen,7.0,1.0,2025-10-17,
CYLIRODL-00000004,"Cylinder, rodless",1,Critical,1.0,458.56,1.0,91.712,91.712,0.0181484861555689,91.27773064207472,B,0.0001814848615556,0.9127773064207472,1.0,1.0,1.0,1.0,Uitgeschakeld,CYLIRODL-00000004,659.06,Standard Approved,Festo B.V.,510-Cylinder," 329,53",0 dagen,8.0,1.0,2021-11-23,
000701836,"Conveyor belt, welded",3,Wear,1.0,0.0,1.0,0.0,0.0,0.0,100.0000000000002,C,0.0,1.000000000000002,1.0,1.0,1.0,1.0,Uitgeschakeld,000701836,659.45,Custom Approved,YONGLI Nederland Wormer B.V.,350-Conveyor," 178,23",0 dagen,7.0,0.0,2024-05-31,
000235686,"Conveyor belt, welded",3,Wear,2.0,1039.94,1.0,207.988,207.988,0.0411578347274563,73.76628832598645,A,0.0004115783472745,0.7376628832598645,2.0,2.0,2.0,1.0,Uitgeschakeld,000235686,659.64,Custom Approved,YONGLI Nederland Wormer B.V.,350-Conveyor," 180,95",0 dagen,7.0,1.0,2025-12-19,
000230659,"Conveyor belt, welded",3,Wear,2.0,1055.41,1.0,211.082,211.082,0.0417700928416107,73.43474468656504,A,0.0004177009284161,0.7343474468656503,2.0,2.0,2.0,1.0,Uitgeschakeld,000230659,662.67,Custom Approved,YONGLI Nederland Wormer B.V.,350-Conveyor," 179,10",0 dagen,7.0,1.0,2025-06-04,
000489769,"Conveyor roller, drive, PolyVee",3,Wear,2.0,1773.39,2.0,354.678,177.339,0.0350928383018846,78.75135967567687,A,0.0003509283830188,0.7875135967567687,2.0,1.0,1.0,2.0,Uitgeschakeld,000489769,662.79,Custom Approved,Interroll Foerdertechnik GmbH,350-Conveyor," 179,13",0 dagen,7.0,0.0,2025-10-15,
BELTENDL-00000023,"Transport belt endless, VLV welded",3,Wear,1.0,498.71,1.0,99.742,99.742,0.0197375076994151,89.85998156609281,B,0.0001973750769941,0.8985998156609282,1.0,1.0,1.0,1.0,Uitgeschakeld,BELTENDL-00000023,663.56,Custom approved,YONGLI Nederland Wormer B.V.,350-Conveyor," 179,34",0 dagen,7.0,1.0,2023-08-17,
000315082,"Conveyor belt, welded",3,Wear,2.0,1194.66,1.0,238.932,238.932,0.0472812074114881,69.41795479728773,A,0.0004728120741148,0.6941795479728774,2.0,2.0,2.0,1.0,Uitgeschakeld,000315082,663.93,Custom Approved,YONGLI Nederland Wormer B.V.,350-Conveyor," 179,44",0 dagen,7.0,1.0,2026-04-02,
000331616,"Motor, three-phase geared",1,Critical,1.0,546.9,1.0,109.38,109.38,0.0216447293232743,88.16533236904147,B,0.0002164472932327,0.8816533236904146,1.0,1.0,1.0,1.0,Uitgeschakeld,000331616,665.08,Standard Approved,SEW-Eurodrive B.V.,310-Electric motor," 332,54",0 dagen,10.0,1.0,2022-01-13,
000547203,"Conveyor belt, welded",3,Wear,3.0,2819.02,1.0,563.8039999999999,563.8039999999999,0.1115687051689463,41.55447658892469,A,0.0011156870516894,0.4155447658892469,3.0,3.0,3.0,1.0,Uitgeschakeld,000547203,665.63,Custom Approved,YONGLI Nederland Wormer B.V.,350-Conveyor," 182,60",0 dagen,7.0,0.0,2025-08-20,
000670012,"Motor, three-phase geared",1,Critical,2.0,632.4,2.0,126.48,63.23999999999999,0.0125142867288706,95.74401592689776,C,0.0001251428672887,0.9574401592689774,2.0,1.0,1.0,2.0,Uitgeschakeld,000670012,665.68,Custom Approved,SEW-Eurodrive B.V.,310-Electric motor," 318,92",0 dagen,10.0,0.0,2025-10-22,
BELTRVS-00000006,"Conveyor belt, fastener",3,Wear,1.0,562.01,1.0,112.402,112.402,0.022242739672652,87.7487729240467,B,0.0002224273967265,0.877487729240467,1.0,1.0,1.0,1.0,Uitgeschakeld,BELTRVS-00000006,666.49,Standard Approved,YONGLI Nederland Wormer B.V.,350-Conveyor," 182,83",0 dagen,7.0,1.0,2023-08-09,
BELTENDL-00000009,"Transport belt endless, VLV welded",3,Wear,1.0,509.75,1.0,101.95,101.95,0.0201744391525673,89.38004445481043,B,0.0002017443915256,0.8938004445481044,1.0,1.0,1.0,1.0,Uitgeschakeld,BELTENDL-00000009,666.49,Custom approved,YONGLI Nederland Wormer B.V.,350-Conveyor," 180,13",0 dagen,7.0,1.0,2023-12-22,
000789712,Valve terminal fieldbus,2,Wear,1.0,600.26,1.0,120.052,120.052,0.0237565646801766,86.85497681435517,B,0.0002375656468017,0.8685497681435517,1.0,1.0,1.0,1.0,Uitgeschakeld,000789712,666.96,Custom Approved,Festo B.V.,550-Valves," 333,48",0 dagen,8.0,0.0,2025-09-24,
000489404,"Motor, three-phase geared",1,Critical,1.0,520.97,1.0,104.194,104.194,0.0206184944881079,89.01279327538538,B,0.000206184944881,0.8901279327538538,1.0,1.0,1.0,1.0,Uitgeschakeld,000489404,667.56,Custom Approved,SEW-Eurodrive B.V.,310-Electric motor," 333,78",0 dagen,10.0,0.0,2022-01-06,
000331672,"Motor, three-phase geared",1,Critical,1.0,525.86,1.0,105.172,105.172,0.0208120266263247,88.90918806810613,B,0.0002081202662632,0.8890918806810613,1.0,1.0,1.0,1.0,Uitgeschakeld,000331672,667.86,Standard Approved,SEW-Eurodrive B.V.,310-Electric motor," 333,93",0 dagen,10.0,1.0,2022-03-25,
000389344,"Conveyor belt, welded",3,Wear,1.0,387.9,1.0,77.58,77.58,0.0153519665468972,93.89984132427924,B,0.0001535196654689,0.9389984132427924,1.0,1.0,1.0,1.0,Uitgeschakeld,000389344,668.0,Custom Approved Racupack,Forbo Siegling Nederland B.V.,350-Conveyor," 180,54",0 dagen,7.0,1.0,2024-09-23,
000670006,"Motor, three-phase geared",1,Critical,3.0,1264.89,3.0,252.978,84.326,0.0166869029522255,92.74485345433963,B,0.0001668690295222,0.9274485345433964,3.0,1.0,1.0,3.0,Uitgeschakeld,000670006,668.56,Custom Approved,SEW-Eurodrive B.V.,310-Electric motor," 326,11",0 dagen,10.0,0.0,2025-10-15,
LEN_I55-3F1.5-ETC,"Frequency inverter i55 1,5kW 3P+STO+ETC",1,Critical,6.0,2875.66,5.0,575.132,115.0264,0.0227620706987628,87.4339007129219,B,0.0002276207069876,0.874339007129219,6.0,1.2,2.0,5.0,Uitgeschakeld,LEN_I55-3F1.5-ETC,668.64,Custom approved,Lenze B.V.,610-Motor control," 334,32",3 dagen,10.0,1.0,2024-11-26,
000757266,"Conveyor belt, welded",3,Wear,1.0,507.55,1.0,101.51,101.51,0.0200873694789319,89.54104411009442,B,0.0002008736947893,0.8954104411009443,1.0,1.0,1.0,1.0,Uitgeschakeld,000757266,668.78,Custom Approved,YONGLI Nederland Wormer B.V.,350-Conveyor," 183,46",0 dagen,7.0,0.0,2025-12-15,
000331649,"Motor, three-phase geared",1,Critical,5.0,3342.46,5.0,668.492,133.6984,0.0264569910308544,84.82022136783091,B,0.0002645699103085,0.8482022136783091,5.0,1.0,1.0,5.0,Uitgeschakeld,000331649,670.36,Custom Approved,SEW-Eurodrive B.V.,310-Electric motor," 335,19",0 dagen,10.0,1.0,2024-12-27,
000370170,"Cylinder, drive with guide",1,Critical,1.0,533.75,1.0,106.75,106.75,0.0211242901376808,88.72057542141788,B,0.0002112429013768,0.8872057542141788,1.0,1.0,1.0,1.0,Uitgeschakeld,000370170,670.86,Custom Approved,Festo B.V.,510-Cylinder," 335,43",0 dagen,8.0,1.0,2025-12-15,
BELTENDL-00000405,"Conveyor belt, fastener",3,Wear,4.0,2821.19,2.0,564.238,282.119,0.0558272937644251,64.41996879678305,A,0.0005582729376442,0.6441996879678306,4.0,2.0,3.0,2.0,Uitgeschakeld,BELTENDL-00000405,672.96,Custom Approved,YONGLI Nederland Wormer B.V.,350-Conveyor," 181,88",0 dagen,7.0,1.0,2025-12-19,
000242460,"Conveyor belt, welded",3,Wear,1.0,456.34,1.0,91.268,91.268,0.0180606249394459,91.386369987017,B,0.0001806062493944,0.91386369987017,1.0,1.0,1.0,1.0,Uitgeschakeld,000242460,674.55,Custom Approved,YONGLI Nederland Wormer B.V.,350-Conveyor," 182,31",0 dagen,7.0,1.0,2023-03-23,
000636384,"Conveyor belt, welded",3,Wear,1.0,570.68,1.0,114.136,114.136,0.0225858733410242,87.52459569072761,B,0.0002258587334102,0.8752459569072761,1.0,1.0,1.0,1.0,Uitgeschakeld,000636384,676.77,Custom Approved,YONGLI Nederland Wormer B.V.,350-Conveyor," 182,91",0 dagen,7.0,0.0,2023-09-06,
000830831,"Conveyor belt, welded",3,Wear,3.0,1829.88,1.0,365.976,365.976,0.0724213883599802,55.46674945018939,A,0.0007242138835998,0.5546674945018939,3.0,3.0,3.0,1.0,Uitgeschakeld,000830831,677.73,Custom Approved,YONGLI Nederland Wormer B.V.,350-Conveyor," 187,75",0 dagen,7.0,0.0,2026-03-20,
000680554,DPR Smal Lower Arm 800 With Rods,2,Critical,22.0,31648.92,17.0,6329.784,372.3402352941176,0.073680779019066,54.73684900572601,A,0.0007368077901906,0.5473684900572601,22.0,1.294117647058824,3.0,17.0,Uitgeschakeld,000680554,678.28,Standard Approved,Jatec B.V.,160-Merging assemblies," 188,03",0 dagen,8.0,0.0,2025-12-16,
000331660,"Motor, three-phase geared",1,Critical,3.0,1622.13,1.0,324.426,324.426,0.0641992407700913,59.048741515348,A,0.0006419924077009,0.59048741515348,3.0,3.0,3.0,1.0,Uitgeschakeld,000331660,679.04,Standard Approved,SEW-Eurodrive B.V.,310-Electric motor," 351,29",0 dagen,10.0,1.0,2025-12-15,
000331648,"Motor, three-phase geared",1,Critical,4.0,2094.12,4.0,418.824,104.706,0.02071981192652,88.97152449278592,B,0.0002071981192652,0.8897152449278591,4.0,1.0,1.0,4.0,Uitgeschakeld,000331648,679.04,Standard Approved,SEW-Eurodrive B.V.,310-Electric motor," 351,29",0 dagen,10.0,1.0,2025-06-05,
000227711,"Conveyor belt, welded",3,Wear,1.0,502.86,1.0,100.572,100.572,0.019901752765591,89.76087158137011,B,0.0001990175276559,0.897608715813701,1.0,1.0,1.0,1.0,Uitgeschakeld,000227711,679.07,Custom Approved,YONGLI Nederland Wormer B.V.,350-Conveyor," 183,53",0 dagen,7.0,1.0,2025-05-02,
000258424,"Conveyor belt, welded",3,Wear,2.0,984.95,1.0,196.99,196.99,0.038981488657815,75.64683590581951,A,0.0003898148865781,0.7564683590581952,2.0,2.0,2.0,1.0,Uitgeschakeld,000258424,679.92,Custom Approved,YONGLI Nederland Wormer B.V.,350-Conveyor," 183,76",0 dagen,7.0,1.0,2024-06-20,
CELWSCAAB50C3NH#A,Loadcell,Onbekend,Onbekend,1.0,578.0,1.0,115.6,115.6,0.0228755778914839,87.31985736889686,B,0.0002287557789148,0.8731985736889686,1.0,1.0,1.0,1.0,Uitgeschakeld,CELWSCAAB50C3NH#A,680.0,Custom approved,J.L. Bienfait BV Tech. Import en Export,804-Check weigher/Metal detection," 340,00",0 dagen,10.0,0.0,2021-07-23,
000299683,Adhesive transfer hose,Onbekend,Onbekend,1.0,504.96,1.0,100.992,100.992,0.0199848647267884,89.68111823909786,B,0.0001998486472678,0.8968111823909786,1.0,1.0,1.0,1.0,Uitgeschakeld,000299683,680.28,Custom Approved,Nordson Benelux B.V.,670-Hotmelt," 350,34",5 dagen,5.0,1.0,2023-04-12,
000766966,"Conveyor belt, welded",3,Wear,1.0,516.42,1.0,103.284,103.284,0.0204384185721801,89.19728253839384,B,0.0002043841857218,0.8919728253839383,1.0,1.0,1.0,1.0,Uitgeschakeld,000766966,680.47,Custom Approved,YONGLI Nederland Wormer B.V.,350-Conveyor," 186,67",0 dagen,7.0,0.0,2025-12-15,
BELTENDL-00000639,"Conveyor belt, welded",3,Wear,1.0,536.43,1.0,107.286,107.286,0.0212303568310185,88.57235838279414,B,0.0002123035683101,0.8857235838279414,1.0,1.0,1.0,1.0,Uitgeschakeld,BELTENDL-00000639,681.32,Custom Approved,YONGLI Nederland Wormer B.V.,350-Conveyor," 184,14",0 dagen,7.0,1.0,2022-08-24,
000442682,"Conveyor belt, welded",3,Wear,2.0,1013.82,1.0,202.764,202.764,0.0401240802386578,74.57927918874509,A,0.0004012408023865,0.745792791887451,2.0,2.0,2.0,1.0,Uitgeschakeld,000442682,682.03,Custom Approved,YONGLI Nederland Wormer B.V.,350-Conveyor," 184,33",0 dagen,7.0,1.0,2023-01-30,
BELTENDL-00000158,"Conveyor belt, fastener",3,Wear,26.0,17434.39,2.0,3486.878,1743.439,0.3450015107573599,10.3041975539945,A,0.0034500151075735,0.103041975539945,26.0,13.0,25.0,2.0,Uitgeschakeld,BELTENDL-00000158,682.21,Standard Approved,YONGLI Nederland Wormer B.V.,350-Conveyor," 184,38",0 dagen,7.0,1.0,2026-01-19,
000758533,"Conveyor belt, welded",3,Wear,1.0,518.5,1.0,103.7,103.7,0.0205207389908899,89.07448075395672,B,0.0002052073899088,0.8907448075395672,1.0,1.0,1.0,1.0,Uitgeschakeld,000758533,683.21,Custom Approved,YONGLI Nederland Wormer B.V.,350-Conveyor," 187,42",0 dagen,7.0,0.0,2025-12-15,
MOTOSERV-00000006,"Motor, servo",2,Critical,92.0,67047.11,46.0,13409.422,291.5091739130435,0.0576854741689442,63.39521074243576,A,0.0005768547416894,0.6339521074243576,92.0,2.0,6.0,46.0,Uitgeschakeld,MOTOSERV-00000006,684.0,Standard Approved,Omron Electronics B.V.,310-Electric motor," 324,18",0 dagen,10.0,1.0,2026-04-21,
VERLNORFLR1/2,Air supply unit,1,Critical,5.0,3095.45,2.0,619.0899999999999,309.545,0.0612545048306175,60.55268499317668,A,0.0006125450483061,0.6055268499317668,5.0,2.5,4.0,2.0,Uitgeschakeld,VERLNORFLR1/2,685.38,Custom approved,Norgren B.V.,500-Air supply," 342,69",25 dagen,10.0,1.0,2025-10-15,
CILZFESDGC32600B,"Cylinder, rodless",1,Critical,16.0,9013.89,10.0,1802.778,180.2778,0.0356743845675203,78.25510414564745,A,0.0003567438456752,0.7825510414564745,16.0,1.6,5.0,10.0,Uitgeschakeld,CILZFESDGC32600B,685.94,Standard Approved,Festo B.V.,510-Cylinder," 342,97",21 dagen,8.0,1.0,2025-12-15,
000621981,"Cylinder, drive with guide",1,Critical,1.0,421.1,1.0,84.22,84.22,0.0166659270763042,92.77818807889096,B,0.000166659270763,0.9277818807889096,1.0,1.0,1.0,1.0,Uitgeschakeld,000621981,690.96,Custom Approved,Festo B.V.,510-Cylinder," 345,48",0 dagen,8.0,0.0,2024-08-27,
000544546,"Conveyor belt, welded",3,Wear,1.0,1046.28,1.0,209.256,209.256,0.0414087536960238,73.68395445105432,A,0.0004140875369602,0.7368395445105432,1.0,1.0,1.0,1.0,Uitgeschakeld,000544546,691.72,Custom Approved,Ammeraal Beltech B.V.,350-Conveyor," 186,95",0 dagen,7.0,0.0,2024-10-30,
000609138,"Cylinder, rodless",1,Critical,2.0,1189.2,2.0,237.84,118.92,0.0235325581561874,87.02049362546113,B,0.0002353255815618,0.8702049362546113,2.0,1.0,1.0,2.0,Uitgeschakeld,000609138,692.16,Custom Approved,Festo B.V.,510-Cylinder," 346,08",0 dagen,8.0,0.0,2023-04-07,
000449542,"Conveyor belt, welded",3,Wear,7.0,4675.88,3.0,935.176,311.7253333333334,0.0616859614482305,60.06052699610289,A,0.0006168596144823,0.6006052699610289,7.0,2.333333333333333,5.0,3.0,Uitgeschakeld,000449542,693.35,Custom Approved,YONGLI Nederland Wormer B.V.,350-Conveyor," 190,20",0 dagen,7.0,1.0,2025-11-05,
CILDNORM60285TI90,Wing shaped cylinder,1,Critical,4.0,2228.65,2.0,445.73,222.865,0.0441017791244425,71.88734489032252,A,0.0004410177912444,0.7188734489032252,4.0,2.0,3.0,2.0,Uitgeschakeld,CILDNORM60285TI90,693.64,Custom approved,Norgren B.V.,510-Cylinder," 360,69",25 dagen,8.0,1.0,2025-09-24,
000373034,"Motor, three-phase geared",1,Critical,4.0,3838.2,4.0,767.64,191.91,0.0379762296985698,76.56923206895671,A,0.0003797622969856,0.765692320689567,4.0,1.0,1.0,4.0,Uitgeschakeld,000373034,694.0,Standard Approved,SEW-Eurodrive B.V.,310-Electric motor," 354,28",0 dagen,10.0,10.0,2025-09-17,
000584233,"Motor, three-phase geared",1,Critical,4.0,2426.68,3.0,485.336,161.7786666666667,0.0320136720632676,80.90323140327787,B,0.0003201367206326,0.8090323140327788,4.0,1.333333333333333,2.0,3.0,Uitgeschakeld,000584233,694.6,Custom Approved,SEW-Eurodrive B.V.,310-Electric motor," 347,30",0 dagen,10.0,0.0,2024-12-20,
000348319,"Motor, three-phase geared",1,Critical,1.0,536.71,1.0,107.342,107.342,0.0212414384258448,88.52989216999482,B,0.0002124143842584,0.8852989216999482,1.0,1.0,1.0,1.0,Uitgeschakeld,000348319,695.0,Custom Approved,SEW-Eurodrive B.V.,310-Electric motor," 347,50",0 dagen,10.0,1.0,2022-03-25,
000700650,"Conveyor belt, welded",3,Wear,1.0,0.0,1.0,0.0,0.0,0.0,100.0000000000002,C,0.0,1.000000000000002,1.0,1.0,1.0,1.0,Uitgeschakeld,000700650,695.75,Custom Approved,YONGLI Nederland Wormer B.V.,350-Conveyor," 188,04",0 dagen,7.0,0.0,2024-05-31,
000676809,"Conveyor belt, welded",3,Wear,1.0,697.49,1.0,139.498,139.498,0.0276046484836178,84.00597589256643,B,0.0002760464848361,0.8400597589256642,1.0,1.0,1.0,1.0,Uitgeschakeld,000676809,697.49,Custom Approved,YONGLI Nederland Wormer B.V.,350-Conveyor," 191,34",0 dagen,7.0,0.0,2026-01-19,
000500104,"Conveyor belt, welded",3,Wear,1.0,469.53,1.0,93.906,93.906,0.0185826472100145,90.89197898054812,B,0.0001858264721001,0.9089197898054812,1.0,1.0,1.0,1.0,Uitgeschakeld,000500104,697.68,Custom Approved,YONGLI Nederland Wormer B.V.,350-Conveyor," 188,56",0 dagen,7.0,0.0,2022-10-03,
BELTENDL-00000575,"Conveyor belt, welded",3,Wear,1.0,1067.62,1.0,213.524,213.524,0.0422533295302872,73.0561292613529,A,0.0004225332953028,0.730561292613529,1.0,1.0,1.0,1.0,Uitgeschakeld,BELTENDL-00000575,697.9,Custom Approved,YONGLI Nederland Wormer B.V.,350-Conveyor," 188,62",0 dagen,7.0,1.0,2022-09-08,
CYLIRODL-00000008,"Cylinder, rodless",1,Critical,1.0,556.43,1.0,111.286,111.286,0.0220218993186131,87.88128294111495,B,0.0002202189931861,0.8788128294111495,1.0,1.0,1.0,1.0,Uitgeschakeld,CYLIRODL-00000008,699.38,Custom Approved,Festo B.V.,510-Cylinder," 349,69",0 dagen,8.0,1.0,2025-06-05,
000347861,"Motor, three-phase geared",1,Critical,1.0,459.02,1.0,91.804,91.804,0.0181666916327836,91.25958215591916,B,0.0001816669163278,0.9125958215591916,1.0,1.0,1.0,1.0,Uitgeschakeld,000347861,699.72,Custom Approved,SEW-Eurodrive B.V.,310-Electric motor," 349,86",0 dagen,10.0,1.0,2022-12-28,
000473001,"Motor, three-phase geared",1,Critical,10.0,5972.17,9.0,1194.434,132.7148888888889,0.0262623683229879,85.03109740025836,B,0.0002626236832298,0.8503109740025836,10.0,1.111111111111111,2.0,9.0,Uitgeschakeld,000473001,700.7,Standard Approved,Lenze B.V.,310-Electric motor," 350,34",16 dagen,10.0,1.0,2026-04-23,
BELTENDL-00000811,"Conveyor belt, welded",3,Wear,1.0,526.85,1.0,105.37,105.37,0.0208512079794607,88.8883760414798,B,0.0002085120797946,0.888883760414798,1.0,1.0,1.0,1.0,Uitgeschakeld,BELTENDL-00000811,701.08,Custom Approved,YONGLI Nederland Wormer B.V.,350-Conveyor," 189,48",0 dagen,7.0,1.0,2023-08-09,
000350221,"Motor, three-phase geared",1,Critical,6.0,2934.93,4.0,586.986,146.7465,0.0290390224139501,82.93374564215931,B,0.0002903902241395,0.8293374564215931,6.0,1.5,3.0,4.0,Uitgeschakeld,000350221,702.02,Standard Approved,SEW-Eurodrive B.V.,310-Electric motor," 358,38",0 dagen,10.0,1.0,2025-12-15,
000331651,"Motor, three-phase geared",1,Critical,3.0,1843.95,3.0,368.79,122.93,0.024326079500001,86.49414706593612,B,0.000243260795,0.8649414706593612,3.0,1.0,1.0,3.0,Uitgeschakeld,000331651,702.58,Standard Approved,SEW-Eurodrive B.V.,310-Electric motor," 351,29",0 dagen,10.0,1.0,2024-04-22,
000666852,"Motor, three-phase geared",1,Critical,2.0,1288.86,2.0,257.772,128.886,0.0255046862640293,85.62436062339445,B,0.0002550468626402,0.8562436062339445,2.0,1.0,1.0,2.0,Uitgeschakeld,000666852,702.76,Custom Approved,SEW-Eurodrive B.V.,310-Electric motor," 336,68",0 dagen,10.0,0.0,2025-11-03,
RIETPIR2600-8M-#B,Gear belt,3,Wear,3.0,2653.3,3.0,530.6600000000001,176.8866666666667,0.0350033280389124,78.89149303844313,A,0.0003500332803891,0.7889149303844313,3.0,1.0,1.0,3.0,Uitgeschakeld,RIETPIR2600-8M-#B,704.46,Custom approved,Eriks B.V.,360-Drive belt," 352,23",21 dagen,3.0,1.0,2024-11-29,
BELTENDL-00000680,"Conveyor belt, welded",3,Wear,3.0,1652.39,1.0,330.478,330.478,0.0653968445538219,58.40196867408116,A,0.0006539684455382,0.5840196867408116,3.0,3.0,3.0,1.0,Uitgeschakeld,BELTENDL-00000680,705.26,Custom Approved,YONGLI Nederland Wormer B.V.,350-Conveyor," 190,61",0 dagen,7.0,1.0,2024-03-11,
000630015,"Conveyor belt, welded",3,Wear,1.0,566.75,1.0,113.35,113.35,0.0224303352422119,87.63714102740249,B,0.0002243033524221,0.876371410274025,1.0,1.0,1.0,1.0,Uitgeschakeld,000630015,705.7,Custom Approved,YONGLI Nederland Wormer B.V.,350-Conveyor," 190,73",0 dagen,7.0,0.0,2023-06-30,
000772475,Valve terminal,2,Wear,1.0,577.29,1.0,115.458,115.458,0.0228474781331742,87.3655550955619,B,0.0002284747813317,0.8736555509556191,1.0,1.0,1.0,1.0,Uitgeschakeld,000772475,706.0,Custom Approved,Festo B.V.,550-Valves," 353,00",0 dagen,8.0,0.0,2025-08-13,
000264011,"Motor, servo",2,Critical,13.0,8934.18,8.0,1786.836,223.3545,0.0441986441363619,71.71078282938281,A,0.0004419864413636,0.717107828293828,13.0,1.625,4.0,8.0,Uitgeschakeld,000264011,706.68,Custom Approved,Bosch Rexroth B.V.,310-Electric motor," 363,23",0 dagen,10.0,1.0,2026-02-11,
000777197,"Conveyor belt, welded",3,Wear,1.0,631.55,1.0,126.31,126.31,0.0249949329020184,85.97723785539792,B,0.0002499493290201,0.8597723785539791,1.0,1.0,1.0,1.0,Uitgeschakeld,000777197,708.11,Custom Approved,YONGLI Nederland Wormer B.V.,350-Conveyor," 194,25",0 dagen,7.0,0.0,2026-01-09,
000342248,"Motor, three-phase geared",1,Critical,2.0,1217.47,2.0,243.494,121.747,0.0240919808092949,86.66378732528457,B,0.0002409198080929,0.8666378732528457,2.0,1.0,1.0,2.0,Uitgeschakeld,000342248,708.68,Standard Approved,SEW-Eurodrive B.V.,310-Electric motor," 354,34",0 dagen,10.0,1.0,2024-05-13,
000517312,"Conveyor belt, welded",3,Wear,1.0,648.36,1.0,129.672,129.672,0.0256602243628417,85.41974827555057,B,0.0002566022436284,0.8541974827555058,1.0,1.0,1.0,1.0,Uitgeschakeld,000517312,710.48,Custom Approved,YONGLI Nederland Wormer B.V.,350-Conveyor," 192,02",0 dagen,7.0,0.0,2022-03-25,
000613050,"Conveyor roller, drive, PolyVee",3,Wear,1.0,600.6,1.0,120.12,120.12,0.0237700209024658,86.83122024967498,B,0.0002377002090246,0.8683122024967499,1.0,1.0,1.0,1.0,Uitgeschakeld,000613050,712.25,Custom Approved,Itoh Denki Europe,350-Conveyor," 192,50",0 dagen,8.0,0.0,2024-08-27,
CILZFESDGC32700B,"Cylinder, rodless",1,Critical,4.0,2612.06,3.0,522.412,174.1373333333333,0.0344592745024391,79.27277509700502,A,0.0003445927450243,0.7927277509700502,4.0,1.333333333333333,2.0,3.0,Uitgeschakeld,CILZFESDGC32700B,712.84,Standard Approved,Festo B.V.,510-Cylinder," 356,42",21 dagen,8.0,1.0,2023-12-14,
000719854,"Conveyor belt, welded",3,Wear,1.0,541.1,1.0,108.22,108.22,0.0214151820018718,88.40205091237861,B,0.0002141518200187,0.8840205091237862,1.0,1.0,1.0,1.0,Uitgeschakeld,000719854,712.99,Custom Approved,YONGLI Nederland Wormer B.V.,350-Conveyor," 192,70",0 dagen,7.0,0.0,2024-12-20,
000624877,"Cylinder, rodless, magnetic",1,Critical,1.0,612.56,1.0,122.512,122.512,0.0242433633100473,86.59126932916398,B,0.0002424336331004,0.8659126932916398,1.0,1.0,1.0,1.0,Uitgeschakeld,000624877,714.08,Custom Approved,Festo B.V.,510-Cylinder," 357,04",0 dagen,8.0,0.0,2023-10-25,
VERLFESMSB6-1/2-Z,Air supply unit,1,Critical,1.0,394.42,1.0,78.884,78.884,0.015610009397853,93.74478810597272,B,0.0001561000939785,0.9374478810597272,1.0,1.0,1.0,1.0,Uitgeschakeld,VERLFESMSB6-1/2-Z,715.28,Custom Approved,Festo B.V.,500-Air supply," 357,64",0 dagen,10.0,1.0,2021-08-12,
BELTENDL-00000145,"Transport belt endless, VLV welded",3,Wear,1.0,538.05,1.0,107.61,107.61,0.0212944717725136,88.48736751728961,B,0.0002129447177251,0.8848736751728962,1.0,1.0,1.0,1.0,Uitgeschakeld,BELTENDL-00000145,715.81,Custom approved,YONGLI Nederland Wormer B.V.,350-Conveyor," 193,46",0 dagen,7.0,1.0,2023-02-03,
VERLNORFLR1/2TB,Air supply unit,1,Critical,1.0,534.95,1.0,106.99,106.99,0.0211717826869365,88.65714823140162,B,0.0002117178268693,0.8865714823140162,1.0,1.0,1.0,1.0,Uitgeschakeld,VERLNORFLR1/2TB,716.6,Custom Approved,Norgren B.V.,500-Air supply," 358,30",25 dagen,10.0,1.0,2023-09-04,
000286479,"Conveyor belt, welded",3,Wear,2.0,1433.84,1.0,286.768,286.768,0.0567472640206319,64.08149724770085,A,0.0005674726402063,0.6408149724770085,2.0,2.0,2.0,1.0,Uitgeschakeld,000286479,716.92,Custom Approved,YONGLI Nederland Wormer B.V.,350-Conveyor," 161,05",0 dagen,7.0,1.0,2026-04-02,
BELTENDL-00000201,"Conveyor belt, welded",3,Wear,4.0,3959.81,2.0,791.9620000000001,395.9810000000001,0.0783589464450492,52.61608165984142,A,0.0007835894644504,0.5261608165984142,4.0,2.0,2.0,2.0,Uitgeschakeld,BELTENDL-00000201,717.03,Custom Approved,YONGLI Nederland Wormer B.V.,350-Conveyor," 193,79",0 dagen,7.0,1.0,2025-06-24,
ACTULINE-00000003,"Linear actuator, adjustment",1,Wear,41.0,28693.76,27.0,5738.751999999999,212.5463703703703,0.0420598706830414,73.30912333184259,A,0.0004205987068304,0.7330912333184259,41.0,1.518518518518519,6.0,27.0,Uitgeschakeld,ACTULINE-00000003,717.08,Standard Approved,Linak Actuator-Systems B.V.,330-Linear motion," 354,31",0 dagen,10.0,10.0,2026-04-23,
000331644,"Motor, three-phase geared",1,Critical,2.0,1204.39,2.0,240.878,120.439,0.0238331464158514,86.80745022877252,B,0.0002383314641585,0.8680745022877252,2.0,1.0,1.0,2.0,Uitgeschakeld,000331644,718.72,Standard Approved,SEW-Eurodrive B.V.,310-Electric motor," 371,83",0 dagen,10.0,1.0,2023-08-18,
000461422,"Cylinder, rodless",1,Critical,3.0,4560.849999999999,3.0,912.1699999999998,304.0566666666666,0.0601684425757637,61.15958180177144,A,0.0006016844257576,0.6115958180177145,3.0,1.0,1.0,3.0,Uitgeschakeld,000461422,719.4,Custom Approved,Festo B.V.,510-Cylinder," 359,70",0 dagen,8.0,1.0,2026-02-11,
BELTENDL-00000129,"Conveyor belt, welded",3,Wear,2.0,1076.36,1.0,215.272,215.272,0.0425992335973661,72.84413644542751,A,0.0004259923359736,0.7284413644542751,2.0,2.0,2.0,1.0,Uitgeschakeld,BELTENDL-00000129,719.77,Standard Approved,YONGLI Nederland Wormer B.V.,350-Conveyor," 194,53",0 dagen,7.0,1.0,2024-11-12,
BELTENDL-00000529,"Transport belt endless, VLV welded",3,Wear,1.0,563.84,1.0,112.768,112.768,0.0223151658102669,87.70424390986459,B,0.0002231516581026,0.8770424390986459,1.0,1.0,1.0,1.0,Uitgeschakeld,BELTENDL-00000529,719.77,Custom approved,YONGLI Nederland Wormer B.V.,350-Conveyor," 194,53",0 dagen,7.0,1.0,2025-09-29,
BELTENDL-00000693,"Conveyor belt, welded",3,Wear,6.0,4091.12,1.0,818.2239999999999,818.2239999999999,0.1619147650924007,29.59310471145618,A,0.001619147650924,0.2959310471145618,6.0,6.0,6.0,1.0,Uitgeschakeld,BELTENDL-00000693,719.88,Custom Approved,YONGLI Nederland Wormer B.V.,350-Conveyor," 194,56",0 dagen,7.0,1.0,2025-02-14,
000477243,"Conveyor belt, welded",3,Wear,1.0,554.58,1.0,110.916,110.916,0.0219486816385106,87.96915568737352,B,0.0002194868163851,0.8796915568737351,1.0,1.0,1.0,1.0,Uitgeschakeld,000477243,721.84,Custom Approved,Ammeraal Beltech B.V.,350-Conveyor," 195,09",0 dagen,7.0,0.0,2021-07-09,
00084562,lower arm DPR01 with gliding strips,2,Critical,1.0,585.51,1.0,117.102,117.102,0.0231728020955756,87.06695044137179,B,0.0002317280209557,0.8706695044137178,1.0,1.0,1.0,1.0,Uitgeschakeld,00084562,722.13,Custom Approved,Jatec B.V.,160-Merging assemblies," 195,17",35 dagen,8.0,1.0,2021-07-22,
000746336,"Conveyor belt, welded",3,Wear,1.0,646.67,1.0,129.334,129.334,0.0255933390226399,85.5221835698408,B,0.0002559333902263,0.855221835698408,1.0,1.0,1.0,1.0,Uitgeschakeld,000746336,725.05,Custom Approved,YONGLI Nederland Wormer B.V.,350-Conveyor," 198,90",0 dagen,7.0,0.0,2026-02-11,
000297296,"Linear actuator, adjustment",1,Wear,47.0,32003.8,42.0,6400.76,152.3990476190476,0.0301575803148571,82.04722376775199,B,0.0003015758031485,0.8204722376775199,47.0,1.119047619047619,3.0,42.0,Uitgeschakeld,000297296,725.52,Standard Approved,Linak Actuator-Systems B.V.,330-Linear motion," 362,76",0 dagen,10.0,1.0,2026-05-04,
LEN_I55B-3F4.0-ETC,"Frequency inverter i55B 4,0kW 3P+STO+ETC",1,Critical,2.0,1283.44,2.0,256.688,128.344,0.0253974322569602,85.70063660104769,B,0.0002539743225696,0.8570063660104769,2.0,1.0,1.0,2.0,Uitgeschakeld,LEN_I55B-3F4.0-ETC,725.92,Standard Approved,Lenze B.V.,610-Motor control," 362,96",0 dagen,10.0,0.0,2023-07-07,
000488099,"Conveyor belt, welded",3,Wear,2.0,1158.65,1.0,231.73,231.73,0.045856035162574,70.7199509032213,A,0.0004585603516257,0.7071995090322131,2.0,2.0,2.0,1.0,Uitgeschakeld,000488099,727.61,Custom Approved,YONGLI Nederland Wormer B.V.,350-Conveyor," 196,65",0 dagen,7.0,0.0,2023-08-17,
000537865,"Motor, three-phase geared",1,Critical,2.0,656.0,2.0,131.2,65.6,0.0129812967965514,95.48835847394402,C,0.0001298129679655,0.95488358473944,2.0,1.0,1.0,2.0,Uitgeschakeld,000537865,728.88,Standard Approved,Lenze B.V.,310-Electric motor," 364,44",0 dagen,10.0,0.0,2026-02-27,
000331614,"Motor, three-phase geared",1,Critical,1.0,0.0,1.0,0.0,0.0,0.0,100.0000000000002,C,0.0,1.000000000000002,1.0,1.0,1.0,1.0,Uitgeschakeld,000331614,728.88,Standard Approved,SEW-Eurodrive B.V.,310-Electric motor," 364,44",0 dagen,10.0,1.0,2023-06-05,
OMR-CP1L-L20DT1-D,Plc 12i / 8o,Onbekend,Onbekend,1.0,599.49,1.0,119.898,119.898,0.0237260902944042,86.9024378338351,B,0.000237260902944,0.8690243783383509,1.0,1.0,1.0,1.0,Uitgeschakeld,OMR-CP1L-L20DT1-D,730.36,Custom approved,Omron Electronics B.V.,610-Motor control," 365,18",21 dagen,10.0,1.0,2022-05-13,
MOTRGROVE31IGL806,Gearmotor,Onbekend,Onbekend,1.0,731.04,1.0,146.208,146.208,0.0289324610065577,82.99164440261377,B,0.0002893246100655,0.8299164440261377,1.0,1.0,1.0,1.0,Uitgeschakeld,MOTRGROVE31IGL806,731.04,Custom approved,Groschopp B.V.,310-Electric motor," 365,52",15 dagen,10.0,1.0,2026-05-08,
MOTDSEWDT71D8BM,Three-phase motor with brake,Onbekend,Onbekend,2.0,898.94,1.0,179.788,179.788,0.0355774601899144,78.43315812282941,A,0.0003557746018991,0.7843315812282942,2.0,2.0,2.0,1.0,Uitgeschakeld,MOTDSEWDT71D8BM,732.42,Custom approved,SEW-Eurodrive B.V.,310-Electric motor," 366,21",21 dagen,10.0,1.0,2024-08-28,
BELTENDL-00000209,"Transport belt endless, VLV welded",3,Wear,5.0,3753.97,2.0,750.7940000000001,375.397,0.0742856688038874,54.29324697958388,A,0.0007428566880388,0.5429324697958389,5.0,2.5,4.0,2.0,Uitgeschakeld,BELTENDL-00000209,732.86,Custom approved,YONGLI Nederland Wormer B.V.,350-Conveyor," 201,04",0 dagen,7.0,1.0,2025-12-17,
000490590,DPR lower arm 946 with rods,2,Critical,17.0,28065.66,9.0,5613.132,623.6813333333333,0.1234175685132457,37.82711516501892,A,0.0012341756851324,0.3782711516501892,17.0,1.888888888888889,4.0,9.0,Uitgeschakeld,000490590,734.57,Standard Approved,Jatec B.V.,160-Merging assemblies," 198,53",0 dagen,8.0,0.0,2026-04-14,
000277681,"Conveyor belt, welded",3,Wear,4.0,3721.23,1.0,744.246,744.246,0.1472755825555824,31.14300243106849,A,0.0014727558255558,0.3114300243106849,4.0,4.0,4.0,1.0,Uitgeschakeld,000277681,737.3,Custom Approved,YONGLI Nederland Wormer B.V.,350-Conveyor," 199,27",0 dagen,7.0,1.0,2024-06-04,
VENVMAC58D36611JA,Vacuum valve 3/2 NC,2,Wear,89.0,82229.41,42.0,16445.882,391.5686190476191,0.0774857996962335,53.08362469004075,A,0.0007748579969623,0.5308362469004075,89.0,2.119047619047619,12.0,42.0,Uitgeschakeld,VENVMAC58D36611JA,737.4,Standard Approved,Astro Controls B.V.,560-Vacuum component," 368,70",20 dagen,4.0,1.0,2026-04-24,
BELTENDL-00000687,"Conveyor belt, welded",3,Wear,4.0,4952.24,1.0,990.448,990.448,0.1959954184382738,24.44036058890924,A,0.0019599541843827,0.2444036058890924,4.0,4.0,4.0,1.0,Uitgeschakeld,BELTENDL-00000687,738.19,Custom Approved,YONGLI Nederland Wormer B.V.,350-Conveyor," 199,51",0 dagen,7.0,1.0,2025-11-03,
000501731,"Conveyor belt, welded",3,Wear,1.0,554.09,1.0,110.818,110.818,0.0219292888475645,87.99108497622107,B,0.0002192928884756,0.8799108497622108,1.0,1.0,1.0,1.0,Uitgeschakeld,000501731,738.93,Custom Approved,YONGLI Nederland Wormer B.V.,350-Conveyor," 199,71",0 dagen,7.0,0.0,2023-06-26,
000305471,Transportband Thermofisher,3,Wear,9.0,6091.08,1.0,1218.216,1218.216,0.2410674307668854,18.72975450819587,A,0.0024106743076688,0.1872975450819587,9.0,9.0,9.0,1.0,Uitgeschakeld,000305471,742.19,Custom approved,YONGLI Nederland Wormer B.V.,191-Belt material," 202,58",0 dagen,7.0,1.0,2025-03-04,
000613686,"Reductor, servo",2,Critical,3.0,2561.22,3.0,512.244,170.748,0.0337885741679506,79.78452166194253,A,0.0003378857416795,0.7978452166194253,3.0,1.0,1.0,3.0,Uitgeschakeld,000613686,742.9,Custom Approved,Apex Dynamics B.V.,370-Gear," 371,45",0 dagen,10.0,0.0,2024-12-20,
000634799,"Conveyor belt, welded",3,Wear,1.0,627.62,1.0,125.524,125.524,0.0248393948032061,86.07673276723234,B,0.000248393948032,0.8607673276723234,1.0,1.0,1.0,1.0,Uitgeschakeld,000634799,744.29,Custom Approved,YONGLI Nederland Wormer B.V.,350-Conveyor," 209,28",0 dagen,7.0,0.0,2023-08-21,
BELTENDL-00000191,"Conveyor belt, welded",3,Wear,6.0,6567.44,2.0,1313.488,656.7439999999999,0.1299601948682068,35.81030162912531,A,0.001299601948682,0.3581030162912531,6.0,3.0,5.0,2.0,Uitgeschakeld,BELTENDL-00000191,745.0,Standard Approved,YONGLI Nederland Wormer B.V.,350-Conveyor," 206,38",0 dagen,7.0,1.0,2026-04-28,
000432723,"Conveyor roller, drive, PolyVee",3,Wear,3.0,2062.5,3.0,412.5,137.5,0.0272092730110643,84.44368629788343,B,0.0002720927301106,0.8444368629788344,3.0,1.0,1.0,3.0,Uitgeschakeld,000432723,749.11,Standard Approved,Interroll Foerdertechnik GmbH,350-Conveyor," 202,46",0 dagen,7.0,1.0,2026-01-16,
SIG_MDD 111-1,Servo Controller 1 axis-module MDD100,3,Wear,20.0,12978.43,19.0,2595.686,136.6150526315789,0.0270341546507167,84.57912971586387,B,0.0002703415465071,0.8457912971586388,20.0,1.052631578947368,2.0,19.0,Uitgeschakeld,SIG_MDD 111-1,750.24,Standard approved,Sigma Control B.V.,630-Automation," 375,12",0 dagen,10.0,1.0,2026-03-06,
000870853,"Air valve, soft-start/quick exhaust",2,Wear,3.0,2872.03,3.0,574.406,191.4686666666666,0.0378888961774385,76.64506912805534,A,0.0003788889617743,0.7664506912805534,3.0,1.0,1.0,3.0,Uitgeschakeld,000870853,750.8,Standard Approved,Festo B.V.,500-Air supply," 375,40",0 dagen,8.0,0.0,2026-03-04,
000702918,"Motor, three-phase geared",1,Critical,2.0,1505.44,2.0,301.088,150.544,0.0297904930631103,82.43641729347738,B,0.0002979049306311,0.8243641729347738,2.0,1.0,1.0,2.0,Uitgeschakeld,000702918,752.72,Standard Approved,SEW-Eurodrive B.V.,310-Electric motor," 389,41",0 dagen,10.0,0.0,2026-04-23,
000840407,"Switch, limit",2,Critical,1.0,1357.2,1.0,271.44,271.44,0.0537140732081694,65.79169496019179,A,0.0005371407320816,0.6579169496019179,1.0,1.0,1.0,1.0,Uitgeschakeld,000840407,754.0,Custom Approved,Omron Electronics B.V.,660-Sensor and lighting," 377,00",0 dagen,10.0,0.0,2026-01-30,
000590659,"Safety sensor, switch",1,Critical,2.0,1410.74,2.0,282.148,141.074,0.0279165162237301,83.72825024928562,B,0.0002791651622373,0.8372825024928562,2.0,1.0,1.0,2.0,Uitgeschakeld,000590659,754.0,Custom Approved,Omron Electronics B.V.,660-Sensor and lighting," 377,00",0 dagen,10.0,0.0,2025-10-23,
000917199,"Sensor, position, magnetostrictive",2,Critical,1.0,754.16,1.0,150.832,150.832,0.0298474841222171,82.40662680041427,B,0.0002984748412221,0.8240662680041427,1.0,1.0,1.0,1.0,Uitgeschakeld,000917199,754.16,Custom Approved,Balluff GmbH,660-Sensor and lighting," 377,08",0 dagen,10.0,0.0,2026-03-30,
BELTENDL-00000279,"Conveyor belt, welded",3,Wear,18.0,14105.46,10.0,2821.092,282.1092,0.0558253544853305,64.47579415126839,A,0.0005582535448533,0.6447579415126838,18.0,1.8,4.0,10.0,Uitgeschakeld,BELTENDL-00000279,754.29,Standard Approved,YONGLI Nederland Wormer B.V.,350-Conveyor," 208,96",0 dagen,7.0,1.0,2026-02-11,
000480691,"Motor, three-phase geared",1,Critical,4.0,2745.84,4.0,549.1679999999999,137.292,0.0271681128017094,84.47085441068515,B,0.000271681128017,0.8447085441068515,4.0,1.0,1.0,4.0,Uitgeschakeld,000480691,754.72,Standard Approved,SEW-Eurodrive B.V.,310-Electric motor," 390,46",0 dagen,10.0,0.0,2024-06-21,
000368669,"Motor, servo",2,Critical,3.0,1841.9,2.0,368.38,184.19,0.0364485526975122,77.53517485514826,A,0.0003644855269751,0.7753517485514826,3.0,1.5,2.0,2.0,Uitgeschakeld,000368669,755.32,Custom Approved,Beckhoff Automation B.V.,310-Electric motor," 377,66",0 dagen,10.0,1.0,2025-11-17,
000281204,"Motor, three-phase geared",1,Critical,2.0,620.72,2.0,124.144,62.072,0.0122831563224929,95.84286071850234,C,0.0001228315632249,0.9584286071850234,2.0,1.0,1.0,2.0,Uitgeschakeld,000281204,758.0,Custom Approved,Lenze B.V.,310-Electric motor," 379,00",16 dagen,10.0,1.0,2021-11-24,
BELTENDL-00000328,"Transport belt endless, VLV welded",3,Wear,2.0,1067.98,1.0,213.596,213.596,0.0422675772950639,73.01387593182261,A,0.0004226757729506,0.7301387593182261,2.0,2.0,2.0,1.0,Uitgeschakeld,BELTENDL-00000328,758.25,Custom approved,YONGLI Nederland Wormer B.V.,350-Conveyor," 204,93",0 dagen,7.0,1.0,2024-07-15,
BELTENDL-00000278,"Conveyor belt, welded",3,Wear,1.0,569.47,1.0,113.894,113.894,0.0225379850205248,87.59226729646703,B,0.0002253798502052,0.8759226729646703,1.0,1.0,1.0,1.0,Uitgeschakeld,BELTENDL-00000278,759.43,Custom Approved,YONGLI Nederland Wormer B.V.,350-Conveyor," 205,25",0 dagen,7.0,1.0,2024-05-15,
BELTENDL-00000579,"Transport belt endless, VLV welded",3,Wear,2.0,1211.53,2.0,242.306,121.153,0.0239744367498871,86.73580423543339,B,0.0002397443674988,0.8673580423543339,2.0,1.0,1.0,2.0,Uitgeschakeld,BELTENDL-00000579,760.65,Custom approved,YONGLI Nederland Wormer B.V.,350-Conveyor," 205,58",0 dagen,7.0,1.0,2023-06-02,
BELTRVS-00000015,"Conveyor belt, fastener",3,Wear,1.0,1222.06,1.0,244.412,244.412,0.0483656206194927,68.9894396755922,A,0.0004836562061949,0.689894396755922,1.0,1.0,1.0,1.0,Uitgeschakeld,BELTRVS-00000015,762.32,Custom Approved,YONGLI Nederland Wormer B.V.,350-Conveyor," 206,03",0 dagen,7.0,1.0,2023-05-30,
000331680,"Motor, three-phase geared",1,Critical,1.0,588.32,1.0,117.664,117.664,0.0232840138150827,87.04377763927621,B,0.0002328401381508,0.8704377763927621,1.0,1.0,1.0,1.0,Uitgeschakeld,000331680,762.38,Custom Approved,SEW-Eurodrive B.V.,310-Electric motor," 381,19",0 dagen,10.0,1.0,2022-05-13,
BELTENDL-00000096,"Conveyor belt, welded",3,Wear,9.0,5972.24,2.0,1194.448,597.2239999999999,0.1181820426527991,39.15319895916595,A,0.0011818204265279,0.3915319895916595,9.0,4.5,7.0,2.0,Uitgeschakeld,BELTENDL-00000096,762.72,Custom Approved,YONGLI Nederland Wormer B.V.,350-Conveyor," 211,29",0 dagen,7.0,1.0,2026-05-01,
000751707,"Conveyor belt, welded",3,Wear,1.0,578.9,1.0,115.78,115.78,0.0229111973034256,87.27408879917917,B,0.0002291119730342,0.8727408879917917,1.0,1.0,1.0,1.0,Uitgeschakeld,000751707,762.79,Custom Approved,YONGLI Nederland Wormer B.V.,350-Conveyor," 209,25",0 dagen,7.0,0.0,2025-12-15,
000397604,"Conveyor belt, welded",3,Wear,3.0,3072.95,1.0,614.59,614.59,0.1216185243626911,38.31637826242472,A,0.0012161852436269,0.3831637826242472,3.0,3.0,3.0,1.0,Uitgeschakeld,000397604,762.87,Custom Approved,YONGLI Nederland Wormer B.V.,350-Conveyor," 214,50",0 dagen,7.0,1.0,2026-03-19,
000608933,"Conveyor belt, welded VLV",3,Wear,1.0,612.64,1.0,122.528,122.528,0.0242465294799977,86.56702596585393,B,0.0002424652947999,0.8656702596585393,1.0,1.0,1.0,1.0,Uitgeschakeld,000608933,762.87,Custom Approved,YONGLI Nederland Wormer B.V.,350-Conveyor," 206,18",0 dagen,7.0,0.0,2023-05-10,
000619645,"Conveyor belt, welded",3,Wear,1.0,375.24,1.0,75.048,75.048,0.0148509201522498,94.33809462040485,B,0.0001485092015224,0.9433809462040484,1.0,1.0,1.0,1.0,Uitgeschakeld,000619645,762.98,Custom Approved,YONGLI Nederland Wormer B.V.,350-Conveyor," 209,30",0 dagen,7.0,0.0,2024-08-27,
000810675,"Conveyor belt, welded",3,Wear,1.0,680.63,1.0,136.126,136.126,0.0269373781665755,84.63303178041286,B,0.0002693737816657,0.8463303178041286,1.0,1.0,1.0,1.0,Uitgeschakeld,000810675,763.13,Custom Approved,YONGLI Nederland Wormer B.V.,350-Conveyor," 206,25",0 dagen,7.0,0.0,2025-12-16,
000331620,"Motor, three-phase geared",1,Critical,13.0,8460.35,12.0,1692.07,141.0058333333334,0.027903027020504,83.75615327630612,B,0.000279030270205,0.8375615327630612,13.0,1.083333333333333,2.0,12.0,Uitgeschakeld,000331620,764.76,Standard Approved,SEW-Eurodrive B.V.,310-Electric motor," 395,64",0 dagen,10.0,1.0,2026-02-02,
000715079,"Motor, servo",2,Critical,1.0,658.06,1.0,131.612,131.612,0.026044122469325,85.16159589019145,B,0.0002604412246932,0.8516159589019145,1.0,1.0,1.0,1.0,Uitgeschakeld,000715079,765.26,Custom Approved,Bosch Rexroth B.V.,310-Electric motor," 382,63",0 dagen,10.0,1.0,2024-03-07,
000626183,"Conveyor belt, welded",3,Wear,2.0,1260.33,1.0,252.066,252.066,0.049880237169505,67.90928034032846,A,0.000498802371695,0.6790928034032846,2.0,2.0,2.0,1.0,Uitgeschakeld,000626183,765.53,Custom Approved,YONGLI Nederland Wormer B.V.,350-Conveyor," 206,90",0 dagen,7.0,0.0,2023-10-25,
000238893,"Linear actuator, adjustment",1,Wear,35.0,25053.65,28.0,5010.73,178.9546428571429,0.0354125507934364,78.61057557263918,A,0.0003541255079343,0.7861057557263917,35.0,1.25,3.0,28.0,Uitgeschakeld,000238893,766.5,Standard Approved,Linak Actuator-Systems B.V.,330-Linear motion," 383,25",0 dagen,10.0,1.0,2026-04-23,
RIETPIR2800-8M-#B,Gear belt,3,Wear,3.0,1948.59,2.0,389.718,194.859,0.0385597943975489,75.99578859878933,A,0.0003855979439754,0.7599578859878934,3.0,1.5,2.0,2.0,Uitgeschakeld,RIETPIR2800-8M-#B,766.54,Custom approved,Eriks B.V.,360-Drive belt," 383,27",21 dagen,5.0,1.0,2025-07-17,
000298093,"Cylinder, rodless",1,Critical,3.0,2013.32,2.0,402.664,201.332,0.0398407080280989,74.89919216670128,A,0.0003984070802809,0.7489919216670128,3.0,1.5,2.0,2.0,Uitgeschakeld,000298093,766.6,Custom Approved,Festo B.V.,510-Cylinder," 383,31",0 dagen,8.0,1.0,2023-11-02,
MOTRBROD4BW40FP,Motorreductor Brown,Onbekend,Onbekend,2.0,442.86,1.0,88.572,88.572,0.0175271253028072,91.9742316853473,B,0.000175271253028,0.9197423168534732,2.0,2.0,2.0,1.0,Uitgeschakeld,MOTRBROD4BW40FP,768.0,Custom approved,AXIS & Stuifmeel B.V.,310-Electric motor," 384,00",31 dagen,10.0,1.0,2022-03-04,
BELTENDL-00000659,"Conveyor belt, welded",3,Wear,1.0,577.36,1.0,115.472,115.472,0.0228502485318808,87.34270761742874,B,0.0002285024853188,0.8734270761742874,1.0,1.0,1.0,1.0,Uitgeschakeld,BELTENDL-00000659,768.27,Custom Approved,YONGLI Nederland Wormer B.V.,350-Conveyor," 207,64",0 dagen,7.0,1.0,2023-01-31,
000456188,"Conveyor roller, drive, PolyVee",3,Wear,7.0,9165.4,3.0,1833.08,611.0266666666666,0.1209133919299922,38.43729165435472,A,0.0012091339192999,0.3843729165435472,7.0,2.333333333333333,4.0,3.0,Uitgeschakeld,000456188,769.72,Custom Approved,Interroll Foerdertechnik GmbH,350-Conveyor," 208,03",0 dagen,7.0,1.0,2025-12-15,
000604134,"Conveyor belt, welded",3,Wear,1.0,769.79,1.0,153.958,153.958,0.0304660745762723,81.68348598929171,B,0.0003046607457627,0.816834859892917,1.0,1.0,1.0,1.0,Uitgeschakeld,000604134,769.79,Custom Approved,YONGLI Nederland Wormer B.V.,350-Conveyor," 221,73",0 dagen,7.0,0.0,2025-11-04,
000549513,"Conveyor belt, welded VLV",3,Wear,2.0,1250.28,2.0,250.056,125.028,0.0247412435347443,86.12625087371377,B,0.0002474124353474,0.8612625087371377,2.0,1.0,1.0,2.0,Uitgeschakeld,000549513,770.83,Standard Approved,YONGLI Nederland Wormer B.V.,350-Conveyor," 208,33",0 dagen,7.0,0.0,2025-01-24,
MOTTUNIMVSI15#B,"Motor, vibration",Onbekend,Onbekend,20.0,16476.03,13.0,3295.206,253.4773846153846,0.0501595298918586,67.7593522197427,A,0.0005015952989185,0.677593522197427,20.0,1.538461538461539,4.0,13.0,Uitgeschakeld,MOTTUNIMVSI15#B,776.48,Standard Approved,Unidrive Transmissions B.V.,310-Electric motor," 402,99",30 dagen,10.0,1.0,2026-04-14,
000270758,"Conveyor belt, welded",3,Wear,2.0,1583.68,1.0,316.736,316.736,0.0626775003376907,59.93650812929455,A,0.0006267750033769,0.5993650812929455,2.0,2.0,2.0,1.0,Uitgeschakeld,000270758,776.49,Custom Approved,YONGLI Nederland Wormer B.V.,350-Conveyor," 213,01",0 dagen,7.0,1.0,2025-11-06,
000625766,"Conveyor belt, welded",3,Wear,1.0,628.27,1.0,125.654,125.654,0.0248651199340529,86.05189337242913,B,0.0002486511993405,0.8605189337242913,1.0,1.0,1.0,1.0,Uitgeschakeld,000625766,782.33,Custom Approved,YONGLI Nederland Wormer B.V.,350-Conveyor," 211,44",0 dagen,7.0,0.0,2024-08-27,
000303994,"Conveyor belt, welded",3,Wear,1.0,580.98,1.0,116.196,116.196,0.0229935177221355,87.2052341012683,B,0.0002299351772213,0.872052341012683,1.0,1.0,1.0,1.0,Uitgeschakeld,000303994,784.59,Custom Approved,YONGLI Nederland Wormer B.V.,350-Conveyor," 212,05",0 dagen,7.0,1.0,2025-03-07,
000514677,"Conveyor belt, welded",3,Wear,1.0,620.17,1.0,124.034,124.034,0.0245445452265771,86.3479917138861,B,0.0002454454522657,0.863479917138861,1.0,1.0,1.0,1.0,Uitgeschakeld,000514677,785.7,Custom Approved,YONGLI Nederland Wormer B.V.,350-Conveyor," 212,35",0 dagen,7.0,0.0,2024-02-12,
BELTENDL-00000171,"Transport belt endless, VLV welded",3,Wear,3.0,2564.81,1.0,512.962,512.962,0.1015078043803751,44.52588293007776,A,0.0010150780438037,0.4452588293007776,3.0,3.0,3.0,1.0,Uitgeschakeld,BELTENDL-00000171,785.88,Custom approved,YONGLI Nederland Wormer B.V.,350-Conveyor," 215,59",0 dagen,7.0,1.0,2025-12-11,
000615067,"Motor, three-phase geared",1,Critical,2.0,2631.35,2.0,526.2700000000001,263.135,0.0520706331183011,66.58462401035176,A,0.000520706331183,0.6658462401035176,2.0,1.0,1.0,2.0,Uitgeschakeld,000615067,788.78,Custom Approved,SEW-Eurodrive B.V.,310-Electric motor," 377,89",0 dagen,10.0,0.0,2023-04-07,
BELTENDL-00000711,"Conveyor belt, welded",3,Wear,4.0,5572.6,2.0,1114.52,557.26,0.1102737416592415,41.9981591079536,A,0.0011027374165924,0.419981591079536,4.0,2.0,2.0,2.0,Uitgeschakeld,BELTENDL-00000711,790.77,Custom Approved,YONGLI Nederland Wormer B.V.,350-Conveyor," 219,06",0 dagen,7.0,1.0,2026-04-01,
000650768,"Conveyor belt, welded",3,Wear,1.0,667.99,1.0,133.598,133.598,0.0264371233144158,84.84665849114532,B,0.0002643712331441,0.8484665849114532,1.0,1.0,1.0,1.0,Uitgeschakeld,000650768,792.17,Custom Approved,YONGLI Nederland Wormer B.V.,350-Conveyor," 214,10",0 dagen,7.0,0.0,2024-02-05,
BELTENDL-00000805,"Conveyor belt, weld prepared",3,Wear,1.0,629.5,1.0,125.9,125.9,0.0249137997970399,86.00215165519496,B,0.0002491379979703,0.8600215165519496,1.0,1.0,1.0,1.0,Uitgeschakeld,BELTENDL-00000805,792.43,Custom Approved,YONGLI Nederland Wormer B.V.,350-Conveyor," 214,17",0 dagen,7.0,1.0,2023-08-09,
BELTENDL-00000590,"Conveyor belt, welded",3,Wear,2.0,1459.43,1.0,291.886,291.886,0.0577600426335092,63.1643968526764,A,0.000577600426335,0.6316439685267641,2.0,2.0,2.0,1.0,Uitgeschakeld,BELTENDL-00000590,794.51,Custom Approved,YONGLI Nederland Wormer B.V.,350-Conveyor," 214,73",0 dagen,7.0,1.0,2026-02-17,
000394354,"Photocell, diffused-reflective",2,Critical,5.0,2963.31,4.0,592.662,148.1655,0.0293198221114243,82.61309976781803,B,0.0002931982211142,0.8261309976781802,5.0,1.25,2.0,4.0,Uitgeschakeld,000394354,796.06,Custom Approved,Omron Electronics B.V.,660-Sensor and lighting," 398,03",0 dagen,10.0,1.0,2025-03-18,
000378810,"Conveyor belt, fastener",3,Wear,2.0,2637.54,1.0,527.508,527.508,0.1043862486365129,43.60014641877255,A,0.0010438624863651,0.4360014641877256,2.0,2.0,2.0,1.0,Uitgeschakeld,000378810,796.17,Custom Approved,YONGLI Nederland Wormer B.V.,350-Conveyor," 215,18",0 dagen,7.0,1.0,2025-06-24,
000265049,"Reductor, servo",2,Critical,1.0,580.43,1.0,116.086,116.086,0.0229717503037266,87.25117760187575,B,0.0002297175030372,0.8725117760187575,1.0,1.0,1.0,1.0,Uitgeschakeld,000265049,799.02,Custom Approved,Apex Dynamics B.V.,370-Gear," 399,51",0 dagen,10.0,1.0,2025-06-05,
BELTENDL-00000733,"Conveyor belt, welded",3,Wear,1.0,687.69,1.0,137.538,137.538,0.0272167926646964,84.41647702487238,B,0.0002721679266469,0.8441647702487237,1.0,1.0,1.0,1.0,Uitgeschakeld,BELTENDL-00000733,802.61,Custom Approved,YONGLI Nederland Wormer B.V.,350-Conveyor," 216,92",0 dagen,7.0,1.0,2026-03-10,
000639246,"Motor, three-phase geared",1,Critical,1.0,709.59,1.0,141.918,141.918,0.0280835316886125,83.58852202434926,B,0.0002808353168861,0.8358852202434927,1.0,1.0,1.0,1.0,Uitgeschakeld,000639246,802.7,Custom Approved,SEW-Eurodrive B.V.,310-Electric motor," 401,35",0 dagen,10.0,0.0,2024-06-12,
000433421,"Conveyor roller, drive, PolyVee",3,Wear,1.0,557.05,1.0,111.41,111.41,0.0220464371357285,87.83723320590906,B,0.0002204643713572,0.8783723320590906,1.0,1.0,1.0,1.0,Uitgeschakeld,000433421,803.13,Custom Approved,Interroll Foerdertechnik GmbH,350-Conveyor," 217,06",0 dagen,7.0,1.0,2022-10-31,
000728444,"Conveyor belt, welded",3,Wear,1.0,679.16,1.0,135.832,135.832,0.0268791997937373,84.71373666090552,B,0.0002687919979373,0.8471373666090553,1.0,1.0,1.0,1.0,Uitgeschakeld,000728444,805.42,Custom Approved,YONGLI Nederland Wormer B.V.,350-Conveyor," 217,68",0 dagen,7.0,0.0,2025-02-07,
LEN_I55B-3F3.0-ETC,"Frequency inverter i55B 3,0kW 3P+STO+ETC",1,Critical,4.0,2621.62,3.0,524.324,174.7746666666667,0.0345853936054625,79.1692604685711,A,0.0003458539360546,0.7916926046857109,4.0,1.333333333333333,2.0,3.0,Uitgeschakeld,LEN_I55B-3F3.0-ETC,805.94,,Lenze B.V.,610-Motor control," 402,97",3 dagen,10.0,1.0,2025-12-05,
BECK_CP6906-0001-0010,Touch panel 7 Inch - 800 x 480,1,Critical,5.0,3765.22,3.0,753.0440000000001,251.0146666666667,0.0496721934190155,68.1082278824361,A,0.0004967219341901,0.681082278824361,5.0,1.666666666666667,2.0,3.0,Uitgeschakeld,BECK_CP6906-0001-0010,806.6,Standard Approved,Beckhoff Automation B.V.,630-Automation," 403,30",0 dagen,10.0,0.0,2026-03-10,
BELTENDL-00000322,"Conveyor belt, welded",3,Wear,1.0,690.42,1.0,138.084,138.084,0.0273248382142531,84.28025603235191,B,0.0002732483821425,0.8428025603235191,1.0,1.0,1.0,1.0,Uitgeschakeld,BELTENDL-00000322,807.75,Custom Approved,YONGLI Nederland Wormer B.V.,350-Conveyor," 218,31",0 dagen,7.0,1.0,2026-04-15,
000537881,"Motor, three-phase geared",1,Critical,2.0,1400.32,2.0,280.064,140.032,0.0277103194057117,83.95072029036366,B,0.0002771031940571,0.8395072029036367,2.0,1.0,1.0,2.0,Uitgeschakeld,000537881,808.26,Standard Approved,Lenze B.V.,310-Electric motor," 404,13",0 dagen,10.0,0.0,2025-10-08,
000560623,"Conveyor belt, welded",3,Wear,1.0,765.5,1.0,153.1,153.1,0.0302962887126832,81.92636175069869,B,0.0003029628871268,0.8192636175069868,1.0,1.0,1.0,1.0,Uitgeschakeld,000560623,808.27,Custom Approved,YONGLI Nederland Wormer B.V.,350-Conveyor," 218,45",0 dagen,7.0,0.0,2022-06-23,
000428380,Transportband met eindlas VLV,3,Wear,1.0,1168.52,1.0,233.704,233.704,0.046246661380202,70.35193113903907,A,0.000462466613802,0.7035193113903907,1.0,1.0,1.0,1.0,Uitgeschakeld,000428380,808.34,Custom approved,YONGLI Nederland Wormer B.V.,350-Conveyor," 218,47",0 dagen,7.0,1.0,2023-01-13,
BELTENDL-00000946,"Transport belt endless, VLV welded",3,Wear,8.0,13475.36,3.0,2695.072,898.3573333333334,0.1777719995938792,26.85262274896496,A,0.0017777199959387,0.2685262274896497,8.0,2.666666666666667,5.0,3.0,Uitgeschakeld,BELTENDL-00000946,811.04,Custom approved,YONGLI Nederland Wormer B.V.,350-Conveyor," 228,05",10 dagen,7.0,1.0,2026-04-27,
000386788,"Conveyor belt, welded",3,Wear,1.0,3158.1,1.0,631.62,631.62,0.1249885165036251,37.3311466473532,A,0.0012498851650362,0.373311466473532,1.0,1.0,1.0,1.0,Uitgeschakeld,000386788,814.12,Custom Approved,Ammeraal Beltech B.V.,350-Conveyor," 220,03",0 dagen,7.0,1.0,2025-01-14,
000258611,"Conveyor belt, welded",3,Wear,1.0,1286.7,1.0,257.34,257.34,0.0509238859393985,67.30432280367857,A,0.0005092388593939,0.6730432280367857,1.0,1.0,1.0,1.0,Uitgeschakeld,000258611,815.08,Custom Approved,YONGLI Nederland Wormer B.V.,350-Conveyor," 220,29",0 dagen,7.0,1.0,2022-02-18,
BELTENDL-00000260,"Transport belt endless, VLV welded",3,Wear,1.0,635.27,1.0,127.054,127.054,0.025142159804711,85.85200039878195,B,0.0002514215980471,0.8585200039878195,1.0,1.0,1.0,1.0,Uitgeschakeld,BELTENDL-00000260,815.78,Custom approved,YONGLI Nederland Wormer B.V.,350-Conveyor," 220,48",0 dagen,7.0,1.0,2024-03-04,
000297961,"Conveyor belt, welded",3,Wear,1.0,638.88,1.0,127.776,127.776,0.0252850332237218,85.75124371168354,B,0.0002528503322372,0.8575124371168354,1.0,1.0,1.0,1.0,Uitgeschakeld,000297961,815.82,Custom Approved,YONGLI Nederland Wormer B.V.,350-Conveyor," 220,49",0 dagen,7.0,1.0,2025-07-02,
POMVBUSSB0080D025,Vacuum pump,1,Critical,7.0,4724.91,4.0,944.982,236.2455,0.0467495876882574,69.84085689050195,A,0.0004674958768825,0.6984085689050196,7.0,1.75,4.0,4.0,Uitgeschakeld,POMVBUSSB0080D025,816.0,Standard Approved,Busch B.V.,560-Vacuum component," 408,00",5 dagen,10.0,1.0,2026-04-23,
000596044,"Hotmelt, hose, heated",2,Wear,1.0,734.56,1.0,146.912,146.912,0.0290717724843744,82.90470661974535,B,0.0002907177248437,0.8290470661974536,1.0,1.0,1.0,1.0,Uitgeschakeld,000596044,816.18,Standard Approved,Robatech B.V.,670-Hotmelt," 408,09",0 dagen,5.0,0.0,2025-09-24,
000467435,"Conveyor belt, welded",3,Wear,1.0,1436.82,1.0,287.364,287.364,0.0568652038512835,64.02474998368022,A,0.0005686520385128,0.6402474998368022,1.0,1.0,1.0,1.0,Uitgeschakeld,000467435,817.59,Custom Approved,YONGLI Nederland Wormer B.V.,350-Conveyor," 220,97",0 dagen,7.0,0.0,2025-07-03,
000755792,Switching automation light grids,2,Critical,5.0,5521.47,5.0,1104.294,220.8588,0.0437047809897894,72.32641063884974,A,0.0004370478098978,0.7232641063884974,5.0,1.0,1.0,5.0,Uitgeschakeld,000755792,818.4,Standard Approved,Sick B.V.,660-Sensor and lighting," 422,00",30 dagen,10.0,0.0,2026-04-22,
000461932,"Conveyor roller, drive, PolyVee",3,Wear,1.0,1243.28,1.0,248.656,248.656,0.0492054471988306,68.35511262279182,A,0.0004920544719883,0.6835511262279182,1.0,1.0,1.0,1.0,Uitgeschakeld,000461932,819.11,Custom Approved,Interroll Foerdertechnik GmbH,350-Conveyor," 221,38",0 dagen,7.0,1.0,2024-09-06,
000717829,"Conveyor belt, welded",3,Wear,1.0,691.8,1.0,138.36,138.36,0.0273794546458971,84.17086446479509,B,0.0002737945464589,0.8417086446479509,1.0,1.0,1.0,1.0,Uitgeschakeld,000717829,820.4,Custom Approved,YONGLI Nederland Wormer B.V.,350-Conveyor," 221,73",0 dagen,7.0,0.0,2024-09-16,
000751662,"Conveyor belt, welded",3,Wear,1.0,622.62,1.0,124.524,124.524,0.0246415091813074,86.22508603488478,B,0.000246415091813,0.8622508603488478,1.0,1.0,1.0,1.0,Uitgeschakeld,000751662,820.4,Custom Approved,YONGLI Nederland Wormer B.V.,350-Conveyor," 225,06",0 dagen,7.0,0.0,2025-12-15,
000537842,"Motor, three-phase geared",1,Critical,1.0,685.69,1.0,137.138,137.138,0.027137638415937,84.49799204910109,B,0.0002713763841593,0.8449799204910109,1.0,1.0,1.0,1.0,Uitgeschakeld,000537842,820.64,Custom Approved,Lenze B.V.,310-Electric motor," 410,32",0 dagen,10.0,0.0,2023-04-21,
AB_25B-A8P0N114,"Frequency inverter Pflex  525 1,5kW 1P",1,Critical,1.0,616.17,1.0,123.234,123.234,0.0243862367290581,86.39677764356651,B,0.0002438623672905,0.863967776435665,1.0,1.0,1.0,1.0,Uitgeschakeld,AB_25B-A8P0N114,821.08,Custom approved,Routeco B.V.,610-Motor control," 410,54",0 dagen,10.0,1.0,2022-09-02,
MCAP_DPR01_10M_CFROBOT4.028,EncoderCable DPR01 small 10M,3,Critical,3.0,5570.77,2.0,1114.154,557.077,0.1102375285904341,42.10839663654403,A,0.0011023752859043,0.4210839663654403,3.0,1.5,2.0,2.0,Uitgeschakeld,MCAP_DPR01_10M_CFROBOT4.028,821.16,Standard approved,MCAP Cable & Glassfiber Assemblies B.V.,600-Cable and wire," 375,93",0 dagen,5.0,0.0,2026-02-23,
MCAP_DPR02_10M_CFROBOT4.028,EncoderCable DPR02 10M,3,Critical,1.0,1642.32,1.0,328.464,328.464,0.064998302911318,58.53210300829664,A,0.0006499830291131,0.5853210300829664,1.0,1.0,1.0,1.0,Uitgeschakeld,MCAP_DPR02_10M_CFROBOT4.028,821.16,Standard approved,MCAP Cable & Glassfiber Assemblies B.V.,600-Cable and wire," 410,58",0 dagen,5.0,0.0,2026-02-12,
000534052,"Conveyor roller, drive, PolyVee",3,Wear,1.0,570.65,1.0,114.13,114.13,0.0225846860272928,87.54718037675491,B,0.0002258468602729,0.8754718037675491,1.0,1.0,1.0,1.0,Uitgeschakeld,000534052,822.74,Custom Approved,Interroll Foerdertechnik GmbH,350-Conveyor," 222,36",0 dagen,7.0,0.0,2024-01-11,
000602659,"Conveyor belt, welded",3,Wear,3.0,2340.18,1.0,468.0360000000001,468.0360000000001,0.0926175949309564,47.68225028636603,A,0.0009261759493095,0.4768225028636603,3.0,3.0,3.0,1.0,Uitgeschakeld,000602659,823.07,Custom Approved,YONGLI Nederland Wormer B.V.,350-Conveyor," 225,76",0 dagen,7.0,0.0,2026-01-19,
000687723,"Conveyor belt, welded",3,Wear,2.0,1457.58,2.0,291.516,145.758,0.0288434124767033,83.04936249349544,B,0.000288434124767,0.8304936249349544,2.0,1.0,1.0,2.0,Uitgeschakeld,000687723,823.21,Custom Approved,YONGLI Nederland Wormer B.V.,350-Conveyor," 222,49",0 dagen,7.0,0.0,2026-02-11,
REDUAPEAE070#F-FG,"Reductor, servo",2,Critical,4.0,2861.55,4.0,572.3100000000001,143.0775,0.028312980067204,83.3916299201963,B,0.000283129800672,0.833916299201963,4.0,1.0,1.0,4.0,Uitgeschakeld,REDUAPEAE070#F-FG,823.28,Custom Approved,Apex Dynamics B.V.,370-Gear," 392,04",0 dagen,10.0,1.0,2026-01-26,
REDUPLAN-00000021,"Reductor, servo",2,Critical,1.0,647.23,1.0,129.446,129.446,0.0256155022122926,85.4709931319687,B,0.0002561550221229,0.854709931319687,1.0,1.0,1.0,1.0,Uitgeschakeld,REDUPLAN-00000021,823.28,Custom Approved,Apex Dynamics B.V.,370-Gear," 411,64",0 dagen,10.0,1.0,2024-08-19,
000806723,"Conveyor belt, welded",3,Wear,1.0,735.77,1.0,147.154,147.154,0.0291196608048738,82.78832511138181,B,0.0002911966080487,0.8278832511138181,1.0,1.0,1.0,1.0,Uitgeschakeld,000806723,824.95,Custom Approved,YONGLI Nederland Wormer B.V.,350-Conveyor," 222,96",0 dagen,7.0,0.0,2025-12-16,
000475362,"Conveyor belt, fastener",3,Wear,1.0,683.85,1.0,136.77,136.77,0.0270648165070783,84.52505686560818,B,0.0002706481650707,0.8452505686560817,1.0,1.0,1.0,1.0,Uitgeschakeld,000475362,825.1,Custom Approved,YONGLI Nederland Wormer B.V.,350-Conveyor," 223,00",0 dagen,7.0,0.0,2022-03-24,
000408169,Transportband eindl. dmv VLV-las,3,Wear,2.0,1390.16,1.0,278.032,278.032,0.0550185352277253,65.08509708551996,A,0.0005501853522772,0.6508509708551996,2.0,2.0,2.0,1.0,Uitgeschakeld,000408169,826.25,Custom approved,YONGLI Nederland Wormer B.V.,350-Conveyor," 232,33",0 dagen,7.0,1.0,2026-03-26,
000668948,"Motor, three-phase geared",1,Critical,1.0,0.0,1.0,0.0,0.0,0.0,100.0000000000002,C,0.0,1.000000000000002,1.0,1.0,1.0,1.0,Uitgeschakeld,000668948,826.78,Custom Approved,SEW-Eurodrive B.V.,310-Electric motor," 413,39",0 dagen,10.0,0.0,2023-03-13,
000404970,"Conveyor belt, welded",3,Wear,1.0,705.6,1.0,141.12,141.12,0.0279256189623374,83.7003337330619,B,0.0002792561896233,0.8370033373306189,1.0,1.0,1.0,1.0,Uitgeschakeld,000404970,826.95,Custom Approved,YONGLI Nederland Wormer B.V.,350-Conveyor," 223,50",0 dagen,7.0,1.0,2021-09-29,
000331673,"Motor, three-phase geared",1,Critical,4.0,3166.21,3.0,633.242,211.0806666666666,0.0417698289941149,73.47651451555916,A,0.0004176982899411,0.7347651451555915,4.0,1.333333333333333,2.0,3.0,Uitgeschakeld,000331673,828.98,Standard Approved,SEW-Eurodrive B.V.,310-Electric motor," 428,87",0 dagen,10.0,1.0,2026-03-10,
000810649,"Motor, three-phase geared",1,Critical,1.0,645.98,1.0,129.196,129.196,0.0255660308068179,85.57332869190549,B,0.0002556603080681,0.8557332869190549,1.0,1.0,1.0,1.0,Uitgeschakeld,000810649,828.98,Custom Approved,SEW-Eurodrive B.V.,310-Electric motor," 414,49",0 dagen,10.0,0.0,2025-06-05,
000497117,"Conveyor roller, drive, PolyVee",3,Wear,1.0,1238.9,1.0,247.78,247.78,0.0490320993940474,68.50240443196842,A,0.0004903209939404,0.6850240443196841,1.0,1.0,1.0,1.0,Uitgeschakeld,000497117,830.58,Custom Approved,Interroll Foerdertechnik GmbH,350-Conveyor," 224,48",0 dagen,7.0,0.0,2024-01-25,
000535197,"Conveyor roller, drive, PolyVee",3,Wear,1.0,576.42,1.0,115.284,115.284,0.0228130460349639,87.38836814159687,B,0.0002281304603496,0.8738836814159687,1.0,1.0,1.0,1.0,Uitgeschakeld,000535197,831.06,Custom Approved,Interroll Foerdertechnik GmbH,350-Conveyor," 224,61",0 dagen,7.0,0.0,2024-01-11,
000709843,"Motor, three-phase geared",1,Critical,1.0,706.64,1.0,141.328,141.328,0.0279667791716923,83.64446824737244,B,0.0002796677917169,0.8364446824737245,1.0,1.0,1.0,1.0,Uitgeschakeld,000709843,832.42,Custom Approved,SEW-Eurodrive B.V.,310-Electric motor," 416,21",0 dagen,10.0,0.0,2024-12-20,
000683334,"Conveyor belt, welded",3,Wear,1.0,633.88,1.0,126.776,126.776,0.0250871476018232,85.90218854597912,B,0.0002508714760182,0.8590218854597912,1.0,1.0,1.0,1.0,Uitgeschakeld,000683334,835.24,Custom Approved,YONGLI Nederland Wormer B.V.,350-Conveyor," 225,74",0 dagen,7.0,0.0,2024-11-04,
000745920,"Conveyor belt, welded",3,Wear,1.0,626.04,1.0,125.208,125.208,0.0247768629466861,86.10150963017902,B,0.0002477686294668,0.8610150963017903,1.0,1.0,1.0,1.0,Uitgeschakeld,000745920,837.27,Custom Approved,YONGLI Nederland Wormer B.V.,350-Conveyor," 226,29",0 dagen,7.0,0.0,2025-04-22,
000597468,"Motor, three-phase geared",1,Critical,1.0,698.66,1.0,139.732,139.732,0.0276509537191421,83.97837124408281,B,0.0002765095371914,0.8397837124408281,1.0,1.0,1.0,1.0,Uitgeschakeld,000597468,837.78,Custom Approved,SEW-Eurodrive B.V.,310-Electric motor," 418,89",0 dagen,10.0,0.0,2024-01-16,
000456242,"Cylinder, rodless",1,Critical,3.0,2064.28,3.0,412.8559999999999,137.6186666666667,0.0272327554381963,84.38926023220768,B,0.0002723275543819,0.8438926023220767,3.0,1.0,1.0,3.0,Uitgeschakeld,000456242,838.44,Custom Approved,Festo B.V.,510-Cylinder," 411,01",0 dagen,8.0,1.0,2025-11-25,
000667472,"Conveyor belt, welded",3,Wear,1.0,636.69,1.0,127.338,127.338,0.0251983593213302,85.80168125130307,B,0.0002519835932133,0.8580168125130306,1.0,1.0,1.0,1.0,Uitgeschakeld,000667472,838.94,Custom Approved,YONGLI Nederland Wormer B.V.,350-Conveyor," 226,74",0 dagen,7.0,0.0,2023-11-30,
000534640,"Reductor, servo",2,Critical,1.0,580.43,1.0,116.086,116.086,0.0229717503037266,87.22820585157203,B,0.0002297175030372,0.8722820585157203,1.0,1.0,1.0,1.0,Uitgeschakeld,000534640,838.98,Standard Approved,Apex Dynamics B.V.,370-Gear," 306,36",0 dagen,10.0,0.0,2025-12-15,
000234108,"Conveyor belt, welded",3,Wear,1.0,1227.7,1.0,245.54,245.54,0.0485888356009944,68.84414849005302,A,0.0004858883560099,0.6884414849005301,1.0,1.0,1.0,1.0,Uitgeschakeld,000234108,839.09,Custom Approved,YONGLI Nederland Wormer B.V.,350-Conveyor," 226,78",0 dagen,7.0,1.0,2022-08-02,
000792822,"Conveyor belt, welded",3,Wear,3.0,6707.74,1.0,1341.548,1341.548,0.2654730602868897,16.96774897613727,A,0.0026547306028688,0.1696774897613727,3.0,3.0,3.0,1.0,Uitgeschakeld,000792822,840.09,Custom Approved,YONGLI Nederland Wormer B.V.,350-Conveyor," 232,73",0 dagen,7.0,0.0,2026-05-04,
000507863,"Conveyor roller, drive, PolyVee",3,Wear,4.0,4353.89,2.0,870.778,435.389,0.0861572230328311,49.81401851354806,A,0.0008615722303283,0.4981401851354806,4.0,2.0,3.0,2.0,Uitgeschakeld,000507863,841.34,Custom Approved,Interroll Foerdertechnik GmbH,350-Conveyor," 227,39",0 dagen,7.0,0.0,2025-11-25,
BELTENDL-00000097,"Conveyor belt, welded",3,Wear,2.0,2345.7,1.0,469.14,469.14,0.0928360606575325,47.40422098759844,A,0.0009283606065753,0.4740422098759843,2.0,2.0,2.0,1.0,Uitgeschakeld,BELTENDL-00000097,842.83,Custom Approved,YONGLI Nederland Wormer B.V.,350-Conveyor," 227,79",0 dagen,7.0,1.0,2026-03-10,
CON_C300-044-00135,"Frequency inverter  5,5kW 3P FS4",1,Critical,2.0,801.8,2.0,160.36,80.17999999999999,0.0158664691638337,93.4929416474954,B,0.0001586646916383,0.934929416474954,2.0,1.0,1.0,2.0,Uitgeschakeld,CON_C300-044-00135,844.0,Standard Approved,Nidec Netherlands B.V.,610-Motor control," 422,00",0 dagen,10.0,0.0,2025-10-22,
000716345,"Conveyor roller, drive, PolyVee",3,Wear,2.0,2899.34,2.0,579.868,289.934,0.0573737698995631,63.62517520672915,A,0.0005737376989956,0.6362517520672915,2.0,1.0,1.0,2.0,Uitgeschakeld,000716345,844.16,Custom Approved,Interroll Foerdertechnik GmbH,350-Conveyor," 228,15",0 dagen,10.0,0.0,2025-12-15,
000837554,"Conveyor roller, drive, PolyVee",3,Wear,1.0,782.14,1.0,156.428,156.428,0.0309548520623619,81.43788875875393,B,0.0003095485206236,0.8143788875875393,1.0,1.0,1.0,1.0,Uitgeschakeld,000837554,845.56,Custom Approved,Interroll Foerdertechnik GmbH,350-Conveyor," 228,53",0 dagen,10.0,0.0,2025-11-25,
000377198,"Motor, servo",2,Critical,2.0,1421.18,2.0,284.236,142.118,0.0281231088129922,83.50423040099781,B,0.0002812310881299,0.8350423040099781,2.0,1.0,1.0,2.0,Uitgeschakeld,000377198,846.14,Custom Approved,Beckhoff Automation B.V.,310-Electric motor," 423,07",0 dagen,10.0,1.0,2025-04-28,
000799075,"Conveyor roller, drive, PolyVee",3,Wear,1.0,756.03,1.0,151.206,151.206,0.0299214933448072,82.2273198680132,B,0.000299214933448,0.8222731986801319,1.0,1.0,1.0,1.0,Uitgeschakeld,000799075,847.67,Custom Approved,Interroll Foerdertechnik GmbH,350-Conveyor," 229,10",0 dagen,10.0,0.0,2025-12-16,
CILDNOR40L4175PRA,"Cylinder, standard",1,Critical,4.0,3330.85,4.0,666.1700000000001,166.5425,0.0329563661850558,80.38435917878694,B,0.0003295636618505,0.8038435917878693,4.0,1.0,1.0,4.0,Uitgeschakeld,CILDNOR40L4175PRA,847.7,Custom Approved,Norgren B.V.,510-Cylinder," 423,85",25 dagen,8.0,1.0,2024-11-01,
000482340,"Conveyor roller, drive, PolyVee",3,Wear,5.0,2938.69,4.0,587.738,146.9345,0.0290762249108671,82.87563484726098,B,0.0002907622491086,0.8287563484726098,5.0,1.25,2.0,4.0,Uitgeschakeld,000482340,849.08,Standard Approved,Interroll Foerdertechnik GmbH,350-Conveyor," 229,48",0 dagen,7.0,0.0,2025-10-08,
000522562,"Conveyor roller, drive, PolyVee",3,Wear,1.0,701.04,1.0,140.208,140.208,0.0277451472751658,83.92300997095795,B,0.0002774514727516,0.8392300997095795,1.0,1.0,1.0,1.0,Uitgeschakeld,000522562,849.75,Custom Approved,Interroll Foerdertechnik GmbH,350-Conveyor," 229,66",0 dagen,7.0,0.0,2025-10-08,
000684320,"Conveyor belt, welded",3,Wear,1.0,645.0,1.0,129.0,129.0,0.0255272452249258,85.59885593713041,B,0.0002552724522492,0.8559885593713041,1.0,1.0,1.0,1.0,Uitgeschakeld,000684320,849.89,Custom Approved,YONGLI Nederland Wormer B.V.,350-Conveyor," 229,70",0 dagen,7.0,0.0,2024-11-04,
000493434,"Conveyor roller, drive, PolyVee",3,Wear,4.0,2669.95,4.0,533.99,133.4975,0.0264172358094149,84.87307572695474,B,0.0002641723580941,0.8487307572695474,4.0,1.0,1.0,4.0,Uitgeschakeld,000493434,851.19,Standard Approved,Interroll Foerdertechnik GmbH,350-Conveyor," 230,05",0 dagen,7.0,0.0,2025-10-08,
000513772,"Conveyor belt, welded",3,Wear,1.0,676.88,1.0,135.376,135.376,0.0267889639501516,84.74052562485568,B,0.0002678896395015,0.8474052562485568,1.0,1.0,1.0,1.0,Uitgeschakeld,000513772,851.52,Custom Approved,YONGLI Nederland Wormer B.V.,350-Conveyor," 230,14",0 dagen,7.0,0.0,2021-11-17,
000702588,"Conveyor belt, welded",3,Wear,1.0,719.38,1.0,143.876,143.876,0.0284709917362901,83.30655905360828,B,0.0002847099173629,0.8330655905360829,1.0,1.0,1.0,1.0,Uitgeschakeld,000702588,853.11,Custom Approved,YONGLI Nederland Wormer B.V.,350-Conveyor," 230,57",0 dagen,7.0,0.0,2025-01-10,
000708209,"Conveyor belt, Rvs-verbinder",3,Wear,1.0,647.58,1.0,129.516,129.516,0.0256293542058255,85.44537762975641,B,0.0002562935420582,0.854453776297564,1.0,1.0,1.0,1.0,Uitgeschakeld,000708209,853.29,Custom Approved,YONGLI Nederland Wormer B.V.,350-Conveyor," 230,62",0 dagen,7.0,0.0,2024-12-20,
000715083,"Motor, servo",2,Critical,4.0,3231.43,4.0,646.286,161.5715,0.0319726767585976,80.99920820558337,B,0.0003197267675859,0.8099920820558337,4.0,1.0,1.0,4.0,Uitgeschakeld,000715083,853.76,Standard Approved,Bosch Rexroth B.V.,310-Electric motor," 438,84",0 dagen,10.0,0.0,2026-05-05,
CILDNOR40000M6#A,Double acting cylinder M/61040/M/..,1,Critical,1.0,439.34,1.0,87.868,87.868,0.0173878138249905,92.06130346976266,B,0.0001738781382499,0.9206130346976268,1.0,1.0,1.0,1.0,Uitgeschakeld,CILDNOR40000M6#A,854.74,Custom approved,Norgren B.V.,510-Cylinder," 427,37",25 dagen,8.0,1.0,2026-03-05,
000431491,"Conveyor roller, drive, PolyVee",3,Wear,2.0,1376.19,2.0,275.238,137.619,0.0272328214000702,84.36202747676947,B,0.0002723282140007,0.8436202747676947,2.0,1.0,1.0,2.0,Uitgeschakeld,000431491,857.7,Custom Approved,Interroll Foerdertechnik GmbH,350-Conveyor," 231,81",0 dagen,7.0,1.0,2025-07-11,
BELTRVS-00000019,"Conveyor belt, fastener",3,Wear,1.0,679.73,1.0,135.946,135.946,0.0269017587546338,84.68685746111179,B,0.0002690175875463,0.8468685746111179,1.0,1.0,1.0,1.0,Uitgeschakeld,BELTRVS-00000019,859.07,Standard Approved,YONGLI Nederland Wormer B.V.,350-Conveyor," 237,98",0 dagen,7.0,1.0,2023-05-16,
000338754,"Cylinder, rodless",1,Critical,1.0,739.56,1.0,147.912,147.912,0.029269658106273,82.64236942592429,B,0.0002926965810627,0.8264236942592429,1.0,1.0,1.0,1.0,Uitgeschakeld,000338754,860.92,Custom Approved Racupack,Festo B.V.,510-Cylinder," 430,46",0 dagen,8.0,1.0,2024-02-05,
000665092,"Conveyor belt, fastener",3,Wear,2.0,1454.6,1.0,290.92,290.92,0.0575688851227551,63.45277962755851,A,0.0005756888512275,0.6345277962755851,2.0,2.0,2.0,1.0,Uitgeschakeld,000665092,862.51,Standard Approved,YONGLI Nederland Wormer B.V.,350-Conveyor," 236,61",0 dagen,7.0,0.0,2025-07-01,
000632853,"Conveyor belt, welded",3,Wear,2.0,1312.8,1.0,262.56,262.56,0.0519568488857094,66.63658085923747,A,0.000519568488857,0.6663658085923747,2.0,2.0,2.0,1.0,Uitgeschakeld,000632853,864.91,Custom Approved,YONGLI Nederland Wormer B.V.,350-Conveyor," 243,20",0 dagen,7.0,0.0,2024-10-09,
000544342,"Conveyor belt, welded",3,Wear,1.0,681.32,1.0,136.264,136.264,0.0269646863823976,84.60609440224628,B,0.0002696468638239,0.8460609440224628,1.0,1.0,1.0,1.0,Uitgeschakeld,000544342,865.36,Custom Approved,YONGLI Nederland Wormer B.V.,350-Conveyor," 233,88",0 dagen,7.0,0.0,2022-04-20,
000750195,"Motor, three-phase geared",1,Critical,1.0,843.81,1.0,168.762,168.762,0.0333955733228599,80.05306471976755,B,0.0003339557332285,0.8005306471976755,1.0,1.0,1.0,1.0,Uitgeschakeld,000750195,866.24,Custom Approved,SEW-Eurodrive B.V.,310-Electric motor," 433,12",0 dagen,10.0,0.0,2025-04-28,
000375794,"Cylinder, rodless",1,Critical,1.0,667.34,1.0,133.468,133.468,0.0264113981835689,84.89948712513831,B,0.0002641139818356,0.8489948712513831,1.0,1.0,1.0,1.0,Uitgeschakeld,000375794,868.54,Custom Approved,Festo B.V.,510-Cylinder," 434,27",0 dagen,8.0,1.0,2022-12-28,
000238500,"Motor, three-phase geared",1,Critical,13.0,9757.7,12.0,1951.54,162.6283333333334,0.0321818088800075,80.80694487699317,B,0.0003218180888,0.8080694487699317,13.0,1.083333333333333,2.0,12.0,Uitgeschakeld,000238500,868.76,Standard Approved,SEW-Eurodrive B.V.,310-Electric motor," 449,45",0 dagen,10.0,1.0,2026-04-23,
000501957,"Motor, three-phase geared",1,Critical,14.0,10615.96,12.0,2123.192,176.9326666666667,0.0350124307775198,78.85648971040422,A,0.0003501243077751,0.7885648971040422,14.0,1.166666666666667,2.0,12.0,Uitgeschakeld,000501957,869.38,Standard Approved,Lenze B.V.,310-Electric motor," 434,69",30 dagen,10.0,1.0,2026-04-23,
000289231,"Conveyor belt, welded",3,Wear,1.0,622.38,1.0,124.476,124.476,0.0246320106714563,86.24971804555624,B,0.0002463201067145,0.8624971804555623,1.0,1.0,1.0,1.0,Uitgeschakeld,000289231,871.76,Custom Approved,YONGLI Nederland Wormer B.V.,350-Conveyor," 235,61",0 dagen,7.0,1.0,2022-12-15,
000351544,"Reductor, servo",2,Critical,1.0,767.65,1.0,153.53,153.53,0.0303813795300996,81.77468474431365,B,0.0003038137953009,0.8177468474431365,1.0,1.0,1.0,1.0,Uitgeschakeld,000351544,872.3,Custom Approved,Elcee Holland B.V.,370-Gear," 414,28",0 dagen,10.0,1.0,2024-05-15,
000642898,"Conveyor belt, welded",3,Wear,1.0,735.66,1.0,147.132,147.132,0.0291153073211921,82.84655862235012,B,0.0002911530732119,0.8284655862235012,1.0,1.0,1.0,1.0,Uitgeschakeld,000642898,872.42,Custom Approved,YONGLI Nederland Wormer B.V.,350-Conveyor," 235,79",0 dagen,7.0,0.0,2023-08-21,
000386865,"Motor, three-phase geared",1,Critical,2.0,1241.59,1.0,248.318,248.318,0.0491385618586288,68.40425118465046,A,0.0004913856185862,0.6840425118465046,2.0,2.0,2.0,1.0,Uitgeschakeld,000386865,873.1,Custom Approved,SEW-Eurodrive B.V.,310-Electric motor," 436,55",0 dagen,10.0,1.0,2023-05-30,
BELTENDL-00000807,"Conveyor belt, weld prepared",3,Wear,1.0,499.14,1.0,99.828,99.828,0.0197545258628984,89.84024405839341,B,0.0001975452586289,0.898402440583934,1.0,1.0,1.0,1.0,Uitgeschakeld,BELTENDL-00000807,873.83,Custom Approved,YONGLI Nederland Wormer B.V.,350-Conveyor," 236,17",0 dagen,7.0,1.0,2023-08-09,
000432497,"Conveyor roller, drive, PolyVee",3,Wear,5.0,4902.25,3.0,980.45,326.8166666666667,0.064672319330177,58.72640641043643,A,0.0006467231933017,0.5872640641043643,5.0,1.666666666666667,2.0,3.0,Uitgeschakeld,000432497,876.13,Standard Approved,Interroll Foerdertechnik GmbH,350-Conveyor," 236,79",0 dagen,7.0,1.0,2026-03-04,
000488529,"Conveyor belt, welded",3,Wear,1.0,658.36,1.0,131.672,131.672,0.0260559956066389,85.13555176772213,B,0.0002605599560663,0.8513555176772213,1.0,1.0,1.0,1.0,Uitgeschakeld,000488529,877.98,Custom Approved,YONGLI Nederland Wormer B.V.,350-Conveyor," 237,29",0 dagen,7.0,0.0,2023-02-28,
000548814,"Motor, servo",2,Critical,2.0,1565.75,2.0,313.15,156.575,0.030983941248781,81.40693390669156,B,0.0003098394124878,0.8140693390669157,2.0,1.0,1.0,2.0,Uitgeschakeld,000548814,878.4,Custom Approved,Groneman B.V.,310-Electric motor," 439,20",0 dagen,10.0,0.0,2024-02-05,
000746307,"Conveyor belt, welded",3,Wear,1.0,783.82,1.0,156.764,156.764,0.0310213416313199,81.37594996544279,B,0.0003102134163131,0.8137594996544278,1.0,1.0,1.0,1.0,Uitgeschakeld,000746307,878.82,Custom Approved,YONGLI Nederland Wormer B.V.,350-Conveyor," 241,08",0 dagen,7.0,0.0,2026-02-11,
DAN_136L2245,"Frequency inverter 1P 0,37kW FC280 ETC",1,Critical,4.0,3181.63,4.0,636.326,159.0815,0.03147994156007,81.18880509138037,B,0.0003147994156007,0.8118880509138038,4.0,1.0,1.0,4.0,Uitgeschakeld,DAN_136L2245,879.38,Custom Approved,Solar Nederland B.V.,610-Motor control," 441,59",0 dagen,10.0,0.0,2026-02-11,
000488360,"Conveyor belt, welded",3,Wear,1.0,1374.6,1.0,274.92,274.92,0.0544027151723767,65.41346304464398,A,0.0005440271517237,0.6541346304464398,1.0,1.0,1.0,1.0,Uitgeschakeld,000488360,879.57,Custom Approved,YONGLI Nederland Wormer B.V.,350-Conveyor," 237,72",0 dagen,7.0,0.0,2025-09-03,
KEBA_HCS01-W018-L,Converter HCS01-18A STO,Onbekend,Onbekend,2.0,2227.3,2.0,445.46,222.73,0.0440750645654862,71.97550499288884,A,0.0004407506456548,0.7197550499288884,2.0,1.0,1.0,2.0,Geselecteerd,KEBA_HCS01-W018-L,880.0,Custom approved,ABI B.V.,610-Motor control," 440,00",21 dagen,10.0,1.0,2022-10-19,
000770192,"Reductor, servo",2,Critical,1.0,720.18,1.0,144.036,144.036,0.0285026534357939,83.278088061872,B,0.0002850265343579,0.83278088061872,1.0,1.0,1.0,1.0,Uitgeschakeld,000770192,880.74,Custom Approved,Apex Dynamics B.V.,370-Gear," 440,37",0 dagen,10.0,0.0,2025-08-13,
000485952,"Motor, three-phase geared",1,Critical,1.0,704.04,1.0,140.808,140.808,0.027863878648305,83.78401715495443,B,0.000278638786483,0.8378401715495443,1.0,1.0,1.0,1.0,Uitgeschakeld,000485952,882.06,Custom Approved,Lenze B.V.,310-Electric motor," 441,03",16 dagen,10.0,1.0,2021-11-30,
000617690,"Motor, three-phase geared",1,Critical,1.0,736.94,1.0,147.388,147.388,0.0291659660403981,82.75920545057693,B,0.0002916596604039,0.8275920545057693,1.0,1.0,1.0,1.0,Uitgeschakeld,000617690,883.66,Custom Approved,SEW-Eurodrive B.V.,310-Electric motor," 441,83",0 dagen,10.0,0.0,2023-12-08,
000345379,"Photocell, diffused-reflective",2,Critical,3.0,3296.17,3.0,659.234,219.7446666666667,0.0434843100222448,72.41345650024864,A,0.0004348431002224,0.7241345650024864,3.0,1.0,1.0,3.0,Uitgeschakeld,000345379,884.5,Custom Approved,Omron Electronics B.V.,660-Sensor and lighting," 398,03",0 dagen,10.0,1.0,2025-08-29,
000523898,"Conveyor belt, fastener",3,Wear,1.0,688.65,1.0,137.73,137.73,0.027254786704101,84.33479465536941,B,0.000272547867041,0.843347946553694,1.0,1.0,1.0,1.0,Uitgeschakeld,000523898,885.53,Standard Approved,YONGLI Nederland Wormer B.V.,350-Conveyor," 239,33",0 dagen,7.0,0.0,2021-12-21,
000618689,"Motor, three-phase geared",1,Critical,1.0,739.4,1.0,147.88,147.88,0.0292633257663723,82.67163275169067,B,0.0002926332576637,0.8267163275169066,1.0,1.0,1.0,1.0,Uitgeschakeld,000618689,886.58,Custom Approved,SEW-Eurodrive B.V.,310-Electric motor," 443,29",0 dagen,10.0,0.0,2023-09-06,
000548606,"Hotmelt, hose, heated",2,Wear,1.0,625.01,1.0,125.002,125.002,0.024736098508575,86.15098697222234,B,0.0002473609850857,0.8615098697222234,1.0,1.0,1.0,1.0,Uitgeschakeld,000548606,887.1,Custom Approved,Robatech B.V.,670-Hotmelt," 443,55",0 dagen,5.0,0.0,2022-12-28,
000295229,"Conveyor belt, welded",3,Wear,1.0,408.63,1.0,81.726,81.726,0.016172400335289,93.22055679033735,B,0.0001617240033528,0.9322055679033736,1.0,1.0,1.0,1.0,Uitgeschakeld,000295229,887.23,Custom Approved,YONGLI Nederland Wormer B.V.,350-Conveyor," 239,79",0 dagen,7.0,1.0,2021-07-02,
BELTENDL-00000105,"Conveyor belt, welded",3,Wear,1.0,740.88,1.0,148.176,148.176,0.0293218999104543,82.5837799457066,B,0.0002932189991045,0.8258377994570659,1.0,1.0,1.0,1.0,Uitgeschakeld,BELTENDL-00000105,891.78,Standard Approved,YONGLI Nederland Wormer B.V.,350-Conveyor," 241,02",0 dagen,7.0,1.0,2023-09-13,
MOTRKOPSW30T056B4,"Motor, three-phase geared",1,Critical,1.0,245.82,1.0,49.164,49.164,0.0097288487150252,97.21162066239997,C,9.728848715025212e-05,0.9721162066239996,1.0,1.0,1.0,1.0,Uitgeschakeld,MOTRKOPSW30T056B4,892.0,Custom Approved,Koppe B.V. Technisch Bureau,310-Electric motor," 446,00",25 dagen,10.0,1.0,2021-08-16,
000350164,"Cylinder, rodless",1,Critical,1.0,710.62,1.0,142.124,142.124,0.0281242961267236,83.47610729218482,B,0.0002812429612672,0.8347610729218482,1.0,1.0,1.0,1.0,Uitgeschakeld,000350164,893.18,Custom Approved Racupack,Festo B.V.,510-Cylinder," 446,59",0 dagen,8.0,1.0,2024-12-20,
BELTENDL-00000828,"Conveyor belt, welded",3,Wear,1.0,709.99,1.0,141.998,141.998,0.0280993625383644,83.56043849266065,B,0.0002809936253836,0.8356043849266065,1.0,1.0,1.0,1.0,Uitgeschakeld,BELTENDL-00000828,899.51,Custom Approved,YONGLI Nederland Wormer B.V.,350-Conveyor," 243,11",0 dagen,7.0,1.0,2023-01-31,
000610959,"Conveyor roller, drive, PolyVee",3,Wear,2.0,1390.11,2.0,278.022,139.011,0.0275082781857531,84.08865169586358,B,0.0002750827818575,0.8408865169586358,2.0,1.0,1.0,2.0,Uitgeschakeld,000610959,900.95,Custom Approved,Itoh Denki Europe,350-Conveyor," 243,50",0 dagen,7.0,0.0,2025-09-09,
MOTOADJU-00000018,"Motor, three-phase geared",1,Critical,2.0,1154.22,1.0,230.844,230.844,0.0456807085015718,70.90300461240244,A,0.0004568070850157,0.7090300461240244,2.0,2.0,2.0,1.0,Uitgeschakeld,MOTOADJU-00000018,905.86,Custom Approved,AXIS & Stuifmeel B.V.,310-Electric motor," 452,93",0 dagen,10.0,1.0,2025-06-17,
000654682,"Conveyor belt, welded",3,Wear,1.0,764.56,1.0,152.912,152.912,0.0302590862157663,81.98689337935251,B,0.0003025908621576,0.8198689337935251,1.0,1.0,1.0,1.0,Uitgeschakeld,000654682,906.69,Custom Approved,YONGLI Nederland Wormer B.V.,350-Conveyor," 245,05",0 dagen,7.0,0.0,2024-02-05,
000487453,"Conveyor belt, welded",3,Wear,1.0,680.29,1.0,136.058,136.058,0.0269239219442864,84.65995570235715,B,0.0002692392194428,0.8465995570235715,1.0,1.0,1.0,1.0,Uitgeschakeld,000487453,907.24,Custom Approved,YONGLI Nederland Wormer B.V.,350-Conveyor," 245,20",0 dagen,7.0,0.0,2022-11-14,
000698307,"Conveyor belt, welded",3,Wear,1.0,907.94,1.0,181.588,181.588,0.035933654309332,77.89692956054117,A,0.0003593365430933,0.7789692956054117,1.0,1.0,1.0,1.0,Uitgeschakeld,000698307,907.94,Custom Approved,YONGLI Nederland Wormer B.V.,350-Conveyor," 249,07",0 dagen,7.0,0.0,2026-03-09,
BELTENDL-00000037,"Transport belt endless, VLV welded",3,Wear,1.0,683.19,1.0,136.638,136.638,0.0270386956049876,84.55209556121316,B,0.0002703869560498,0.8455209556121316,1.0,1.0,1.0,1.0,Uitgeschakeld,BELTENDL-00000037,908.87,Custom approved,YONGLI Nederland Wormer B.V.,350-Conveyor," 245,64",0 dagen,7.0,1.0,2023-12-20,
000740046,"Conveyor belt, welded",3,Wear,1.0,755.51,1.0,151.102,151.102,0.0299009132401297,82.31703645972712,B,0.0002990091324012,0.8231703645972712,1.0,1.0,1.0,1.0,Uitgeschakeld,000740046,909.39,Custom Approved,YONGLI Nederland Wormer B.V.,350-Conveyor," 245,78",0 dagen,7.0,0.0,2025-04-28,
000584375,"Motor, three-phase geared",1,Critical,1.0,760.4,1.0,152.08,152.08,0.0300944453783466,82.07731821313034,B,0.0003009444537834,0.8207731821313033,1.0,1.0,1.0,1.0,Uitgeschakeld,000584375,911.8,Custom Approved,SEW-Eurodrive B.V.,310-Electric motor," 455,90",0 dagen,10.0,0.0,2022-06-23,
000387381,"Conveyor belt, welded",3,Wear,1.0,1384.42,1.0,276.884,276.884,0.0547913625337857,65.2496264143917,A,0.0005479136253378,0.652496264143917,1.0,1.0,1.0,1.0,Uitgeschakeld,000387381,912.09,Custom Approved,YONGLI Nederland Wormer B.V.,350-Conveyor," 246,51",0 dagen,7.0,1.0,2023-11-30,
000630146,"Conveyor belt, welded",3,Wear,1.0,814.11,1.0,162.822,162.822,0.0322201327287819,80.6781739087507,B,0.0003222013272878,0.8067817390875069,1.0,1.0,1.0,1.0,Uitgeschakeld,000630146,912.79,Custom Approved,YONGLI Nederland Wormer B.V.,350-Conveyor," 250,40",0 dagen,7.0,0.0,2025-08-25,
000525225,"Motor, three-phase geared",1,Critical,1.0,778.8,1.0,155.76,155.76,0.0308226644669336,81.46871142322087,B,0.0003082266446693,0.8146871142322086,1.0,1.0,1.0,1.0,Uitgeschakeld,000525225,916.24,Custom Approved,Lenze B.V.,310-Electric motor," 458,12",77 dagen,10.0,1.0,2021-11-30,
BELTENDL-00000093,"Conveyor belt, welded",3,Wear,3.0,2334.93,1.0,466.986,466.986,0.0924098150279628,47.86708673669982,A,0.0009240981502796,0.4786708673669982,3.0,3.0,3.0,1.0,Uitgeschakeld,BELTENDL-00000093,919.71,Standard Approved,YONGLI Nederland Wormer B.V.,350-Conveyor," 254,78",0 dagen,7.0,1.0,2026-04-23,
000255372,"Conveyor belt, welded",3,Wear,4.0,5507.45,2.0,1101.49,550.745,0.1089845168325718,42.32695794187552,A,0.0010898451683257,0.4232695794187552,4.0,2.0,2.0,2.0,Uitgeschakeld,000255372,920.27,Custom Approved,YONGLI Nederland Wormer B.V.,350-Conveyor," 248,72",0 dagen,7.0,1.0,2026-01-21,
CILDNOR32000M/50,Double acting cylinder,1,Critical,2.0,2253.14,1.0,450.628,450.628,0.0891728020249447,48.59274063397018,A,0.0008917280202494,0.4859274063397018,2.0,2.0,2.0,1.0,Uitgeschakeld,CILDNOR32000M/50,924.78,Custom approved,Norgren B.V.,510-Cylinder," 462,39",25 dagen,8.0,1.0,2022-03-30,
CYLISERV-00000003,"Linear actuator, drive kit",1,Wear,2.0,1616.98,2.0,323.396,161.698,0.0319977092897678,80.96723552882477,B,0.0003199770928976,0.8096723552882478,2.0,1.0,1.0,2.0,Uitgeschakeld,CYLISERV-00000003,925.18,Standard Approved,Festo B.V.,330-Linear motion," 462,59",0 dagen,10.0,1.0,2024-10-16,
000563747,"Motor, three-phase geared",1,Critical,1.0,818.04,1.0,163.608,163.608,0.0323756708275942,80.64595377602191,B,0.0003237567082759,0.8064595377602192,1.0,1.0,1.0,1.0,Uitgeschakeld,000563747,925.38,Custom Approved,SEW-Eurodrive B.V.,310-Electric motor," 462,69",0 dagen,10.0,0.0,2023-01-05,
BELTENDL-00000778,"Conveyor belt, welded",3,Wear,2.0,1403.91,1.0,280.782,280.782,0.0555627206879466,64.69843381330533,A,0.0005556272068794,0.6469843381330533,2.0,2.0,2.0,1.0,Uitgeschakeld,BELTENDL-00000778,925.74,Custom Approved,YONGLI Nederland Wormer B.V.,350-Conveyor," 250,20",0 dagen,7.0,1.0,2022-12-21,
000341313,"Motor, stepper",2,Critical,2.0,724.8599999999999,2.0,144.972,72.48599999999999,0.0143439371889455,94.70271868050764,B,0.0001434393718894,0.9470271868050764,2.0,1.0,1.0,2.0,Uitgeschakeld,000341313,926.32,Custom Approved,Beckhoff Automation B.V.,310-Electric motor," 235,56",0 dagen,10.0,1.0,2024-05-15,
000770191,"Motor, servo",2,Critical,1.0,762.38,1.0,152.476,152.476,0.0301728080846185,82.01706618743712,B,0.0003017280808461,0.8201706618743713,1.0,1.0,1.0,1.0,Uitgeschakeld,000770191,932.34,Custom Approved,Bosch Rexroth B.V.,310-Electric motor," 479,23",0 dagen,10.0,0.0,2025-08-13,
000261902,"Linear actuator, adjustment",1,Wear,7.0,6300.64,7.0,1260.128,180.0182857142857,0.0356230304217002,78.29072717606915,A,0.000356230304217,0.7829072717606915,7.0,1.0,1.0,7.0,Uitgeschakeld,000261902,934.18,Custom Approved,Linak Actuator-Systems B.V.,330-Linear motion," 467,09",0 dagen,10.0,1.0,2025-12-15,
BELTENDL-00001009,"Conveyor belt, welded",3,Wear,3.0,3786.79,1.0,757.358,757.358,0.1498702588299175,30.84796921658238,A,0.0014987025882991,0.3084796921658238,3.0,3.0,3.0,1.0,Uitgeschakeld,BELTENDL-00001009,935.44,Custom Approved,YONGLI Nederland Wormer B.V.,350-Conveyor," 256,61",0 dagen,7.0,1.0,2025-10-31,
000855399,"Conveyor roller, drive, PolyVee",3,Wear,1.0,865.69,1.0,173.138,173.138,0.0342615208042884,79.47866271873919,A,0.0003426152080428,0.7947866271873919,1.0,1.0,1.0,1.0,Uitgeschakeld,000855399,935.88,Custom Approved,Interroll Foerdertechnik GmbH,350-Conveyor," 252,94",0 dagen,8.0,0.0,2025-11-25,
000683368,Safeguard Detector / Sensor pair,1,Critical,15.0,13527.8,10.0,2705.56,270.556,0.053539142318411,65.89881044732554,A,0.0005353914231841,0.6589881044732554,15.0,1.5,5.0,10.0,Uitgeschakeld,000683368,936.0,Standard Approved,Sick B.V.,660-Sensor and lighting," 409,70",30 dagen,10.0,0.0,2025-12-15,
000591538,"Conveyor belt, welded",3,Wear,1.0,759.75,1.0,151.95,151.95,0.0300687202474998,82.13746554790643,B,0.0003006872024749,0.8213746554790643,1.0,1.0,1.0,1.0,Uitgeschakeld,000591538,937.03,Custom Approved,YONGLI Nederland Wormer B.V.,350-Conveyor," 253,25",0 dagen,7.0,0.0,2022-02-21,
000448641,"Conveyor belt, welded",3,Wear,8.0,6512.82,2.0,1302.564,651.2819999999999,0.1288793436013963,35.93918097272671,A,0.0012887934360139,0.3593918097272671,8.0,4.0,7.0,2.0,Uitgeschakeld,000448641,938.51,Custom Approved,YONGLI Nederland Wormer B.V.,350-Conveyor," 263,89",0 dagen,7.0,1.0,2026-04-28,
000543647,"Reductor, servo",2,Critical,1.0,808.71,1.0,161.742,161.742,0.0320064162571314,80.935237819535,B,0.0003200641625713,0.8093523781953501,1.0,1.0,1.0,1.0,Uitgeschakeld,000543647,939.4,Custom Approved,Apex Dynamics B.V.,370-Gear," 484,41",0 dagen,10.0,0.0,2025-12-15,
000549922,"Motor, servo",2,Critical,2.0,1578.16,2.0,315.6319999999999,157.816,0.0312295173055572,81.2514082746734,B,0.0003122951730555,0.812514082746734,2.0,1.0,1.0,2.0,Uitgeschakeld,000549922,939.6,Custom Approved,Groneman B.V.,310-Electric motor," 469,80",0 dagen,10.0,0.0,2025-01-16,
000462356,"Motor, three-phase geared",1,Critical,1.0,691.03,1.0,138.206,138.206,0.0273489802601247,84.22558498427624,B,0.0002734898026012,0.8422558498427624,1.0,1.0,1.0,1.0,Uitgeschakeld,000462356,939.66,Custom Approved,Lenze B.V.,310-Electric motor," 469,83",16 dagen,10.0,1.0,2024-05-15,
REDUABG-00000002,"Reductor, servo",2,Critical,1.0,624.99,1.0,124.998,124.998,0.0247353069660874,86.17572227918842,B,0.0002473530696608,0.8617572227918843,1.0,1.0,1.0,1.0,Uitgeschakeld,REDUABG-00000002,939.96,Custom Approved,Apex Dynamics B.V.,370-Gear," 469,98",0 dagen,10.0,1.0,2024-10-17,
000537457,"Motor, servo",2,Critical,1.0,894.92,1.0,178.984,178.984,0.0354183601499079,78.57516302184574,A,0.000354183601499,0.7857516302184574,1.0,1.0,1.0,1.0,Uitgeschakeld,000537457,942.02,Custom Approved,Beckhoff Automation B.V.,310-Electric motor," 471,01",0 dagen,10.0,0.0,2025-08-19,
BELTENDL-00000495,"Transport belt endless, VLV welded",3,Wear,1.0,738.25,1.0,147.65,147.65,0.0292178120733356,82.70085056376399,B,0.0002921781207333,0.82700850563764,1.0,1.0,1.0,1.0,Uitgeschakeld,BELTENDL-00000495,942.51,Custom approved,YONGLI Nederland Wormer B.V.,350-Conveyor," 254,73",0 dagen,7.0,1.0,2025-09-29,
IXON_IX2400,Remote service 4x Ethernet + 1x WAN,Onbekend,Onbekend,1.0,755.82,1.0,151.164,151.164,0.0299131821486874,82.25723305016189,B,0.0002991318214868,0.8225723305016188,1.0,1.0,1.0,1.0,Uitgeschakeld,IXON_IX2400,946.0,Custom approved,Routeco B.V.,630-Automation," 473,00",0 dagen,15.0,1.0,2022-10-13,
000227809,"Conveyor belt, welded",3,Wear,1.0,711.77,1.0,142.354,142.354,0.0281698098197603,83.4479829960581,B,0.0002816980981976,0.834479829960581,1.0,1.0,1.0,1.0,Uitgeschakeld,000227809,946.95,Custom Approved,YONGLI Nederland Wormer B.V.,350-Conveyor," 255,93",0 dagen,7.0,1.0,2023-09-18,
000393671,"Linear actuator, adjustment",1,Wear,2.0,1511.1,2.0,302.22,151.11,0.0299024963251049,82.287135546487,B,0.000299024963251,0.8228713554648699,2.0,1.0,1.0,2.0,Uitgeschakeld,000393671,949.66,Standard Approved,Linak Actuator-Systems B.V.,330-Linear motion," 474,83",0 dagen,10.0,1.0,2024-10-23,
000448623,"Conveyor belt, welded",3,Wear,7.0,6234.76,2.0,1246.952,623.476,0.1233769359988825,37.95049210101779,A,0.0012337693599888,0.379504921010178,7.0,3.5,4.0,2.0,Uitgeschakeld,000448623,950.2,Custom Approved,YONGLI Nederland Wormer B.V.,350-Conveyor," 256,81",0 dagen,7.0,1.0,2025-08-27,
000768222,"Conveyor belt, welded",3,Wear,1.0,723.93,1.0,144.786,144.786,0.0286510676522178,83.10676119698336,B,0.0002865106765221,0.8310676119698336,1.0,1.0,1.0,1.0,Uitgeschakeld,000768222,953.9,Custom Approved,YONGLI Nederland Wormer B.V.,350-Conveyor," 257,81",0 dagen,7.0,0.0,2024-11-12,
000371210,"Linear actuator, adjustment",1,Wear,9.0,8600.91,9.0,1720.182,191.1313333333333,0.0378221427609847,76.68289127081633,A,0.0003782214276098,0.7668289127081632,9.0,1.0,1.0,9.0,Uitgeschakeld,000371210,957.96,Standard Approved,Linak Actuator-Systems B.V.,330-Linear motion," 478,98",0 dagen,10.0,1.0,2025-12-15,
LEN_I55BE255F1AV10000S,"Frequency inverter i55B 5,5kW 3P+STO",1,Critical,1.0,693.41,1.0,138.682,138.682,0.0274431738161485,84.11609486967973,B,0.0002744317381614,0.8411609486967973,1.0,1.0,1.0,1.0,Uitgeschakeld,LEN_I55BE255F1AV10000S,961.16,Standard Approved,Lenze B.V.,610-Motor control," 480,58",0 dagen,10.0,0.0,2024-01-11,
000756424,"Conveyor belt, welded",3,Wear,1.0,729.58,1.0,145.916,145.916,0.0288746784049633,83.02051908101873,B,0.0002887467840496,0.8302051908101874,1.0,1.0,1.0,1.0,Uitgeschakeld,000756424,961.33,Custom Approved,YONGLI Nederland Wormer B.V.,350-Conveyor," 263,72",0 dagen,7.0,0.0,2025-12-15,
000367800,"Motor, servo",2,Critical,2.0,1482.89,1.0,296.578,296.578,0.0586885219714577,62.46578730724173,A,0.0005868852197145,0.6246578730724173,2.0,2.0,2.0,1.0,Uitgeschakeld,000367800,961.92,Custom Approved,Beckhoff Automation B.V.,310-Electric motor," 480,96",0 dagen,10.0,1.0,2025-06-27,
000567776,"Conveyor roller, drive, PolyVee",3,Wear,4.0,8736.0,4.0,1747.2,436.8,0.0864364396453301,49.46927069215798,A,0.0008643643964533,0.4946927069215797,4.0,1.0,1.0,4.0,Uitgeschakeld,000567776,962.0,Standard Approved,Itoh Denki Europe,350-Conveyor," 260,00",0 dagen,7.0,0.0,2025-11-13,
000474815,"Conveyor belt, welded",3,Wear,1.0,722.22,1.0,144.444,144.444,0.0285833907695285,83.16396399370561,B,0.0002858339076952,0.831639639937056,1.0,1.0,1.0,1.0,Uitgeschakeld,000474815,963.19,Custom Approved,YONGLI Nederland Wormer B.V.,350-Conveyor," 260,32",0 dagen,7.0,0.0,2024-07-03,
CILZFESDGC32450#A,"Cylinder, rodless",1,Critical,1.0,845.81,1.0,169.162,169.162,0.0334747275716193,79.95275689379837,A,0.0003347472757161,0.7995275689379837,1.0,1.0,1.0,1.0,Uitgeschakeld,CILZFESDGC32450#A,967.1,Custom Approved,Festo B.V.,510-Cylinder," 483,55",21 dagen,8.0,1.0,2025-06-05,
000478807,"Reductor, servo",2,Critical,2.0,2569.32,2.0,513.864,256.932,0.0508431486056638,67.35516595228424,A,0.0005084314860566,0.6735516595228423,2.0,1.0,1.0,2.0,Uitgeschakeld,000478807,968.82,Custom Approved,Apex Dynamics B.V.,370-Gear," 461,34",0 dagen,10.0,0.0,2024-06-21,
REDUAPEAE090#G-FG,Gearbox,1,Critical,1.0,701.11,1.0,140.222,140.222,0.0277479176738724,83.89526482368278,B,0.0002774791767387,0.8389526482368278,1.0,1.0,1.0,1.0,Uitgeschakeld,REDUAPEAE090#G-FG,968.82,Custom approved,Apex Dynamics B.V.,310-Electric motor," 484,41",0 dagen,10.0,1.0,2025-03-28,
000476510,"Conveyor belt, welded",3,Wear,6.0,8600.92,5.0,1720.184,344.0368,0.0680799361240213,56.93453105125229,A,0.0006807993612402,0.5693453105125229,6.0,1.2,2.0,5.0,Uitgeschakeld,000476510,969.22,Standard Approved,YONGLI Nederland Wormer B.V.,350-Conveyor," 268,50",0 dagen,7.0,0.0,2026-03-25,
000732445,"Motor, vibration",Onbekend,Onbekend,1.0,921.39,1.0,184.278,184.278,0.0364659666322393,77.49872630245075,A,0.0003646596663223,0.7749872630245075,1.0,1.0,1.0,1.0,Uitgeschakeld,000732445,969.88,Custom Approved,Unidrive Transmissions B.V.,310-Electric motor," 484,94",0 dagen,10.0,0.0,2025-10-15,
CILDNOR63050M6100,Double acting cylinder,1,Critical,1.0,419.46,1.0,83.892,83.892,0.0166010205923215,92.86129924854592,B,0.0001660102059232,0.9286129924854593,1.0,1.0,1.0,1.0,Uitgeschakeld,CILDNOR63050M6100,970.46,Custom approved,Norgren B.V.,510-Cylinder," 485,23",25 dagen,8.0,1.0,2023-08-08,
000756760,"Linear actuator, adjustment",1,Wear,3.0,2912.34,3.0,582.4680000000001,194.156,0.0384206808053542,76.07275858605428,A,0.0003842068080535,0.7607275858605428,3.0,1.0,1.0,3.0,Uitgeschakeld,000756760,970.78,Standard Approved,Linak Actuator-Systems B.V.,330-Linear motion," 485,39",0 dagen,10.0,0.0,2026-04-23,
000522185,"Motor, three-phase geared",1,Critical,8.0,6793.48,7.0,1358.696,194.0994285714285,0.0384094861330296,76.11116807218731,A,0.0003840948613302,0.7611116807218731,8.0,1.142857142857143,2.0,7.0,Uitgeschakeld,000522185,973.6,Standard Approved,Lenze B.V.,310-Electric motor," 486,79",30 dagen,10.0,1.0,2026-04-23,
000522198,"Motor, three-phase geared",1,Critical,7.0,5927.309999999999,6.0,1185.462,197.577,0.0390976475178695,75.45170049829403,A,0.0003909764751786,0.7545170049829403,7.0,1.166666666666667,2.0,6.0,Uitgeschakeld,000522198,973.6,Standard Approved,Lenze B.V.,310-Electric motor," 486,79",30 dagen,10.0,1.0,2026-04-23,
000241245,"Conveyor belt, welded",3,Wear,6.0,5571.23,1.0,1114.246,1114.246,0.2204932626580828,21.29177739336772,A,0.0022049326265808,0.2129177739336772,6.0,6.0,6.0,1.0,Uitgeschakeld,000241245,975.36,Custom Approved,YONGLI Nederland Wormer B.V.,350-Conveyor," 263,61",0 dagen,7.0,1.0,2025-06-26,
CON_M753-014-00030,"Servo inverter  0,75kW/3A 3P",1,Critical,18.0,19445.32,17.0,3889.064,228.7684705882353,0.0452699910731558,71.13010299447092,A,0.0004526999107315,0.7113010299447091,18.0,1.058823529411765,2.0,17.0,Uitgeschakeld,CON_M753-014-00030,976.0,Custom Approved,Nidec Netherlands B.V.,610-Motor control," 488,00",30 dagen,10.0,0.0,2026-04-23,
000754031,"Motor, servo",2,Critical,1.0,880.56,1.0,176.112,176.112,0.0348500326438149,78.92634307108695,A,0.0003485003264381,0.7892634307108695,1.0,1.0,1.0,1.0,Uitgeschakeld,000754031,978.4,Custom Approved,Beckhoff Automation B.V.,310-Electric motor," 489,20",0 dagen,10.0,0.0,2025-09-24,
000704240,"Conveyor roller, drive, PolyVee",3,Wear,1.0,1959.67,1.0,391.934,391.934,0.0775581033332253,53.00613889034452,A,0.0007755810333322,0.5300613889034452,1.0,1.0,1.0,1.0,Uitgeschakeld,000704240,979.83,Custom Approved,Interroll Foerdertechnik GmbH,350-Conveyor," 222,93",0 dagen,10.0,0.0,2026-04-27,
000526383,"Motor, three-phase geared",1,Critical,9.0,7639.6,7.0,1527.92,218.2742857142857,0.0431933427730549,72.629927992066,A,0.0004319334277305,0.72629927992066,9.0,1.285714285714286,2.0,7.0,Uitgeschakeld,000526383,980.78,Standard Approved,Lenze B.V.,310-Electric motor," 490,39",30 dagen,10.0,1.0,2026-04-23,
000548608,"Hotmelt, hose, heated",2,Wear,2.0,2482.92,1.0,496.584,496.584,0.098266833664919,45.21977084212159,A,0.0009826683366491,0.4521977084212159,2.0,2.0,2.0,1.0,Uitgeschakeld,000548608,982.88,Custom Approved,Robatech B.V.,670-Hotmelt," 491,44",0 dagen,5.0,0.0,2025-06-05,
000671231,"Conveyor belt, welded",3,Wear,1.0,746.2,1.0,149.24,149.24,0.0295324502121544,82.49556332700666,B,0.0002953245021215,0.8249556332700667,1.0,1.0,1.0,1.0,Uitgeschakeld,000671231,983.24,Custom Approved,YONGLI Nederland Wormer B.V.,350-Conveyor," 265,74",0 dagen,7.0,0.0,2023-11-30,
000456197,"Conveyor roller, drive, PolyVee",3,Wear,6.0,4214.11,3.0,842.8219999999999,280.9406666666666,0.0555941185399545,64.64287109261738,A,0.0005559411853995,0.6464287109261738,6.0,2.0,4.0,3.0,Uitgeschakeld,000456197,983.65,Custom Approved,Interroll Foerdertechnik GmbH,350-Conveyor," 265,85",0 dagen,7.0,1.0,2025-12-15,
000670096,Vacuum pump,1,Critical,2.0,0.0,1.0,0.0,0.0,0.0,100.0000000000002,C,0.0,1.000000000000002,2.0,2.0,2.0,1.0,Uitgeschakeld,000670096,984.0,Custom Approved,Busch B.V.,560-Vacuum component," 492,00",0 dagen,10.0,0.0,2024-05-10,
000659728,"Conveyor belt, welded",3,Wear,1.0,830.36,1.0,166.072,166.072,0.0328632609999525,80.45017262204625,B,0.0003286326099995,0.8045017262204626,1.0,1.0,1.0,1.0,Uitgeschakeld,000659728,984.72,Custom Approved,YONGLI Nederland Wormer B.V.,350-Conveyor," 266,14",0 dagen,7.0,0.0,2024-03-29,
000504340,"Motor, three-phase geared",1,Critical,2.0,1606.06,1.0,321.212,321.212,0.063563236381309,59.4950509264305,A,0.000635632363813,0.594950509264305,2.0,2.0,2.0,1.0,Uitgeschakeld,000504340,985.74,Custom Approved,Lenze B.V.,310-Electric motor," 492,86",16 dagen,10.0,1.0,2025-05-29,
000432801,"Conveyor belt, welded",3,Wear,2.0,2649.42,1.0,529.884,529.884,0.1048564248741441,43.39125222184207,A,0.0010485642487414,0.4339125222184206,2.0,2.0,2.0,1.0,Uitgeschakeld,000432801,986.2,Custom Approved,YONGLI Nederland Wormer B.V.,350-Conveyor," 8,86",0 dagen,7.0,1.0,2026-04-07,
000237856,"Linear actuator, adjustment",1,Wear,4.0,3070.08,3.0,614.016,204.672,0.0405016460052404,74.37823729117716,A,0.0004050164600524,0.7437823729117715,4.0,1.333333333333333,2.0,3.0,Uitgeschakeld,000237856,990.66,Custom Approved,Linak Actuator-Systems B.V.,330-Linear motion," 495,33",0 dagen,10.0,1.0,2025-08-01,
000626753,"Conveyor belt, welded",3,Wear,1.0,836.0,1.0,167.2,167.2,0.0330864759814542,80.28534774393087,B,0.0003308647598145,0.8028534774393087,1.0,1.0,1.0,1.0,Uitgeschakeld,000626753,991.42,Custom Approved,YONGLI Nederland Wormer B.V.,350-Conveyor," 267,95",0 dagen,7.0,0.0,2023-10-25,
000663427,"Conveyor belt, welded",3,Wear,1.0,836.22,1.0,167.244,167.244,0.0330951829488177,80.25226126794941,B,0.0003309518294881,0.8025226126794941,1.0,1.0,1.0,1.0,Uitgeschakeld,000663427,991.67,Custom Approved,YONGLI Nederland Wormer B.V.,350-Conveyor," 268,02",0 dagen,7.0,0.0,2024-08-05,
CYLIRODL-00000001,"Linear actuator, drive",1,Wear,6.0,5109.5,4.0,1021.9,255.475,0.0505548292545575,67.55790398688315,A,0.0005055482925455,0.6755790398688315,6.0,1.5,3.0,4.0,Uitgeschakeld,CYLIRODL-00000001,991.74,Standard Approved,Festo B.V.,330-Linear motion," 495,87",0 dagen,10.0,1.0,2026-02-04,
000573787,"Motor, servo",2,Critical,1.0,812.17,1.0,162.434,162.434,0.0321433531074852,80.83908823010066,B,0.0003214335310748,0.8083908823010065,1.0,1.0,1.0,1.0,Uitgeschakeld,000573787,992.46,Custom Approved,Sigma Control B.V.,310-Electric motor," 0,00",0 dagen,10.0,0.0,2023-05-23,
DAN_136L2247,"Frequency inverter 1P 0,75kW FC280 ETC",1,Critical,1.0,899.9,1.0,179.98,179.98,0.0356154542293189,78.3975806626395,A,0.0003561545422931,0.783975806626395,1.0,1.0,1.0,1.0,Uitgeschakeld,DAN_136L2247,999.88,Custom Approved,Solar Nederland B.V.,610-Motor control," 499,94",0 dagen,10.0,0.0,2025-09-24,
DAN_134X3072,"Frequency inverter 1P 0,75kW FC280 Profinet",1,Critical,1.0,0.0,1.0,0.0,0.0,0.0,100.0000000000002,C,0.0,1.000000000000002,1.0,1.0,1.0,1.0,Uitgeschakeld,DAN_134X3072,999.88,Custom Approved,Solar Nederland B.V.,610-Motor control," 514,93",0 dagen,10.0,0.0,2025-01-24,
000360221,"Motor, servo",2,Critical,3.0,2580.33,3.0,516.066,172.022,0.0340406804502495,79.54691327184642,A,0.0003404068045024,0.7954691327184642,3.0,1.0,1.0,3.0,Uitgeschakeld,000360221,1006.52,Custom Approved,Beckhoff Automation B.V.,310-Electric motor," 503,26",0 dagen,10.0,1.0,2025-04-28,
000330908,"Conveyor belt, welded",3,Wear,1.0,775.63,1.0,155.126,155.126,0.0306972049826499,81.59167180998566,B,0.0003069720498264,0.8159167180998566,1.0,1.0,1.0,1.0,Uitgeschakeld,000330908,1008.85,Custom Approved,YONGLI Nederland Wormer B.V.,350-Conveyor," 272,66",0 dagen,7.0,1.0,2021-12-06,
000233468,"Conveyor belt, welded",3,Wear,1.0,836.76,1.0,167.352,167.352,0.0331165545959828,80.2191660850006,B,0.0003311655459598,0.8021916608500059,1.0,1.0,1.0,1.0,Uitgeschakeld,000233468,1009.59,Custom Approved,YONGLI Nederland Wormer B.V.,350-Conveyor," 272,86",0 dagen,7.0,1.0,2022-05-06,
000344633,"Conveyor belt, welded",3,Wear,1.0,873.07,1.0,174.614,174.614,0.0345535999822108,79.2038140685533,A,0.0003455359998221,0.792038140685533,1.0,1.0,1.0,1.0,Uitgeschakeld,000344633,1010.07,Custom Approved,YONGLI Nederland Wormer B.V.,350-Conveyor," 272,99",0 dagen,7.0,1.0,2023-03-31,
000665739,"Conveyor belt, welded",3,Wear,1.0,856.32,1.0,171.264,171.264,0.0338906831488503,79.75073308777458,A,0.0003389068314885,0.7975073308777458,1.0,1.0,1.0,1.0,Uitgeschakeld,000665739,1015.5,Custom Approved,YONGLI Nederland Wormer B.V.,350-Conveyor," 274,46",0 dagen,7.0,0.0,2024-08-05,
000361556,"Motor, three-phase geared",1,Critical,1.0,834.05,1.0,166.81,166.81,0.0330093005889137,80.35140281260188,B,0.0003300930058891,0.8035140281260188,1.0,1.0,1.0,1.0,Uitgeschakeld,000361556,1018.54,Custom Approved,Lenze B.V.,310-Electric motor," 509,27",16 dagen,10.0,1.0,2021-07-09,
000550811,"Motor, three-phase",1,Critical,1.0,954.72,1.0,190.944,190.944,0.0377850721878157,76.75847704815608,A,0.0003778507218781,0.7675847704815608,1.0,1.0,1.0,1.0,Uitgeschakeld,000550811,1019.7,Custom Approved,Lenze B.V.,310-Electric motor," 509,85",0 dagen,10.0,0.0,2022-09-02,
000684343,"Conveyor belt, welded",3,Wear,1.0,775.49,1.0,155.098,155.098,0.0306916641852367,81.6223634741709,B,0.0003069166418523,0.8162236347417089,1.0,1.0,1.0,1.0,Uitgeschakeld,000684343,1021.83,Custom Approved,YONGLI Nederland Wormer B.V.,350-Conveyor," 276,17",0 dagen,7.0,0.0,2024-11-04,
KEBA_HCS01-W009-L,Converter HCS01 STO 9A,Onbekend,Onbekend,7.0,7192.85,4.0,1438.57,359.6425,0.0711680797736851,55.8247340387139,A,0.0007116807977368,0.558247340387139,7.0,1.75,3.0,4.0,Geselecteerd,KEBA_HCS01-W009-L,1022.0,Custom approved,ABI B.V.,610-Motor control," 511,00",0 dagen,10.0,1.0,2023-07-21,
000678447,"Motor, three-phase geared",1,Critical,1.0,905.41,1.0,181.082,181.082,0.0358335241846512,78.11216289144544,A,0.0003583352418465,0.7811216289144544,1.0,1.0,1.0,1.0,Uitgeschakeld,000678447,1024.22,Custom Approved,SEW-Eurodrive B.V.,310-Electric motor," 512,11",0 dagen,10.0,0.0,2023-11-17,
000377150,"Motor, servo",2,Critical,1.0,905.77,1.0,181.154,181.154,0.0358477719494279,78.07632936726078,A,0.0003584777194942,0.7807632936726079,1.0,1.0,1.0,1.0,Uitgeschakeld,000377150,1024.62,Standard Approved,Beckhoff Automation B.V.,310-Electric motor," 512,31",0 dagen,10.0,1.0,2024-07-26,
000415086,"Linear actuator, drive",1,Wear,2.0,1632.96,1.0,326.592,326.592,0.0646278610271237,58.85570606309874,A,0.0006462786102712,0.5885570606309873,2.0,2.0,2.0,1.0,Uitgeschakeld,000415086,1026.24,Custom Approved,Festo B.V.,330-Linear motion," 513,12",0 dagen,10.0,1.0,2025-12-15,
REDUPLAN-00000005,"Reductor, servo",2,Critical,13.0,11506.09,12.0,2301.218,191.7681666666666,0.0379481629211972,76.6071802318779,A,0.0003794816292119,0.766071802318779,13.0,1.083333333333333,2.0,12.0,Uitgeschakeld,REDUPLAN-00000005,1028.4,Standard Approved,Apex Dynamics B.V.,370-Gear,514.2,15 dagen,10.0,1.0,2026-03-30,
000715081,"Motor, servo",2,Critical,13.0,13292.71,11.0,2658.542,241.6856363636364,0.047826112455789,69.13321419376673,A,0.0004782611245578,0.6913321419376673,13.0,1.181818181818182,2.0,11.0,Uitgeschakeld,000715081,1028.86,Standard Approved,Bosch Rexroth B.V.,310-Electric motor,514.43,30 dagen,10.0,0.0,2026-02-19,
000814405,"Conveyor belt, welded",3,Wear,1.0,849.06,1.0,169.812,169.812,0.0336033532258535,79.91928216622675,A,0.0003360335322585,0.7991928216622676,1.0,1.0,1.0,1.0,Uitgeschakeld,000814405,1029.16,Custom Approved,YONGLI Nederland Wormer B.V.,350-Conveyor," 278,15",0 dagen,7.0,0.0,2025-10-30,
000386966,"Motor, three-phase geared",1,Critical,4.0,2456.64,4.0,491.328,122.832,0.0243066867090549,86.54277943637393,B,0.0002430668670905,0.8654277943637393,4.0,1.0,1.0,4.0,Uitgeschakeld,000386966,1029.26,Standard Approved,Lenze B.V.,310-Electric motor," 514,62",16 dagen,10.0,1.0,2025-12-15,
CILDNORM6028690,"Cylinder, semi-rotary",1,Critical,8.0,7760.540000000001,6.0,1552.108,258.6846666666667,0.0511899761389782,67.15131961968275,A,0.0005118997613897,0.6715131961968275,8.0,1.333333333333333,2.0,6.0,Uitgeschakeld,CILDNORM6028690,1033.42,Custom Approved,Zimmer Group Benelux BV,510-Cylinder,516.71,20 dagen,8.0,1.0,2026-02-27,
REX_01-09AV20-E01,Servo Controller W0009-A-02-E-S3-EC-NN-L4-NN-FW,3,Wear,13.0,10774.22,13.0,2154.844,165.7572307692308,0.0328009726949672,80.48297359474122,B,0.0003280097269496,0.8048297359474123,13.0,1.0,1.0,13.0,Uitgeschakeld,REX_01-09AV20-E01,1035.28,Standard approved,Bosch Rexroth B.V.,610-Motor control," 532,14",0 dagen,10.0,0.0,2026-05-05,
000782934,"Conveyor belt, welded",3,Wear,1.0,874.14,1.0,174.828,174.828,0.0345959475052971,79.13467507496563,A,0.0003459594750529,0.7913467507496563,1.0,1.0,1.0,1.0,Uitgeschakeld,000782934,1036.3,Custom Approved,YONGLI Nederland Wormer B.V.,350-Conveyor," 280,08",0 dagen,7.0,0.0,2024-10-11,
000529005,"Conveyor roller, drive, PolyVee",3,Wear,1.0,607.47,1.0,121.494,121.494,0.0240419157469545,86.68782924103152,B,0.0002404191574695,0.8668782924103152,1.0,1.0,1.0,1.0,Uitgeschakeld,000529005,1038.89,Custom Approved,Interroll Foerdertechnik GmbH,350-Conveyor," 236,71",0 dagen,7.0,0.0,2024-01-11,
CILLNOR32461M/450,"Cylinder, rodless, magnetic",1,Critical,1.0,919.77,1.0,183.954,183.954,0.0364018516907442,77.64446352218168,A,0.0003640185169074,0.7764446352218168,1.0,1.0,1.0,1.0,Uitgeschakeld,CILLNOR32461M/450,1040.46,Custom Approved,Norgren B.V.,510-Cylinder," 520,23",25 dagen,8.0,1.0,2021-10-01,
CYLIRODL-00000003,"Cylinder, rodless",1,Critical,5.0,5860.68,4.0,1172.136,293.034,0.0579872153274489,62.99097015749192,A,0.0005798721532744,0.6299097015749192,5.0,1.25,2.0,4.0,Uitgeschakeld,CYLIRODL-00000003,1041.0,Standard Approved,Festo B.V.,510-Cylinder," 520,50",0 dagen,8.0,1.0,2024-12-20,
MOTRKOPSW40T063A4,"Motor, three-phase geared",1,Critical,1.0,295.26,1.0,59.052,59.052,0.011685541744359,96.34635020621072,C,0.0001168554174435,0.9634635020621072,1.0,1.0,1.0,1.0,Uitgeschakeld,MOTRKOPSW40T063A4,1042.0,Custom Approved,Koppe B.V. Technisch Bureau,310-Electric motor," 521,00",25 dagen,10.0,1.0,2022-07-22,
000528805,"Motor, three-phase geared",1,Critical,1.0,776.69,1.0,155.338,155.338,0.0307391567344924,81.53023544826851,B,0.0003073915673449,0.8153023544826851,1.0,1.0,1.0,1.0,Uitgeschakeld,000528805,1042.12,Custom Approved,Lenze B.V.,310-Electric motor," 521,06",16 dagen,10.0,1.0,2024-01-11,
000528833,"Motor, three-phase geared",1,Critical,1.0,776.69,1.0,155.338,155.338,0.0307391567344924,81.560974605003,B,0.0003073915673449,0.81560974605003,1.0,1.0,1.0,1.0,Uitgeschakeld,000528833,1042.12,Custom Approved,Lenze B.V.,310-Electric motor," 521,06",16 dagen,10.0,1.0,2024-01-11,
000528828,"Motor, three-phase geared",1,Critical,1.0,748.25,1.0,149.65,149.65,0.0296135833171329,82.46603087679452,B,0.0002961358331713,0.8246603087679452,1.0,1.0,1.0,1.0,Uitgeschakeld,000528828,1042.12,Custom Approved,Lenze B.V.,310-Electric motor," 521,06",16 dagen,10.0,1.0,2022-09-02,
000232542,"Conveyor belt, welded",3,Wear,2.0,1645.8,1.0,329.16,329.16,0.0651360313041595,58.46710470538532,A,0.0006513603130415,0.5846710470538532,2.0,2.0,2.0,1.0,Uitgeschakeld,000232542,1042.7,Custom Approved,YONGLI Nederland Wormer B.V.,350-Conveyor," 281,81",0 dagen,7.0,1.0,2023-07-04,
000609629,"Conveyor belt, welded",3,Wear,1.0,840.12,1.0,168.024,168.024,0.0332495337338987,80.11964610765406,B,0.0003324953373389,0.8011964610765406,1.0,1.0,1.0,1.0,Uitgeschakeld,000609629,1046.1,Custom Approved,YONGLI Nederland Wormer B.V.,350-Conveyor," 282,73",0 dagen,7.0,0.0,2023-05-10,
000538149,"Motor, three-phase geared",1,Critical,2.0,1812.54,2.0,362.508,181.254,0.0358675605116178,78.00461931174965,A,0.0003586756051161,0.7800461931174966,2.0,1.0,1.0,2.0,Uitgeschakeld,000538149,1046.2,Standard Approved,Lenze B.V.,310-Electric motor," 523,10",0 dagen,10.0,0.0,2025-10-08,
000665141,"Conveyor belt, fastener",3,Wear,3.0,2699.76,3.0,539.952,179.984,0.0356162457718065,78.36196520841018,A,0.000356162457718,0.7836196520841018,3.0,1.0,1.0,3.0,Uitgeschakeld,000665141,1047.03,Standard Approved,YONGLI Nederland Wormer B.V.,350-Conveyor," 290,05",0 dagen,7.0,0.0,2026-04-22,
REX_HCS01-W018-L4,Servocontroller HCS01 STO 18A,3,Wear,2.0,1797.73,2.0,359.546,179.773,0.0355744919055859,78.468732614735,A,0.0003557449190558,0.78468732614735,2.0,1.0,1.0,2.0,Geselecteerd,REX_HCS01-W018-L4,1047.74,Custom approved,Bosch Rexroth B.V.,610-Motor control," 523,87",15 dagen,10.0,1.0,2024-05-10,
CON_M753-014-00042,"Servo inverter  1,5kW/4,2A 3P",1,Critical,2.0,1819.13,2.0,363.826,181.913,0.035997967136449,77.82503336062172,A,0.0003599796713644,0.7782503336062172,2.0,1.0,1.0,2.0,Uitgeschakeld,CON_M753-014-00042,1050.0,Custom Approved,Nidec Netherlands B.V.,610-Motor control," 525,00",0 dagen,10.0,0.0,2025-10-08,
000714738,"Conveyor belt, welded",3,Wear,1.0,798.37,1.0,159.674,159.674,0.0315971887910449,81.09425781480746,B,0.0003159718879104,0.8109425781480747,1.0,1.0,1.0,1.0,Uitgeschakeld,000714738,1051.98,Custom Approved,YONGLI Nederland Wormer B.V.,350-Conveyor," 284,32",0 dagen,7.0,0.0,2024-12-20,
000775571,"Motor, three-phase geared",1,Critical,2.0,1823.53,2.0,364.706,182.353,0.0360850368100844,77.75300754561991,A,0.0003608503681008,0.7775300754561991,2.0,1.0,1.0,2.0,Uitgeschakeld,000775571,1052.54,Standard Approved,Lenze B.V.,310-Electric motor," 526,27",0 dagen,10.0,0.0,2025-10-08,
000512280,"Conveyor roller, drive, PolyVee",3,Wear,2.0,1828.88,2.0,365.776,182.888,0.0361909056178002,77.71692250880983,A,0.000361909056178,0.7771692250880983,2.0,1.0,1.0,2.0,Uitgeschakeld,000512280,1054.02,Custom Approved,Interroll Foerdertechnik GmbH,350-Conveyor," 284,87",0 dagen,7.0,0.0,2025-09-24,
000549859,"Cylinder, rodless",1,Critical,1.0,908.67,1.0,181.734,181.734,0.0359625456101292,77.86099590623185,A,0.0003596254561012,0.7786099590623184,1.0,1.0,1.0,1.0,Uitgeschakeld,000549859,1054.36,Custom Approved,Festo B.V.,510-Cylinder," 527,18",0 dagen,8.0,0.0,2022-07-22,
000396402,"Motor, servo",2,Critical,3.0,2491.64,2.0,498.328,249.164,0.0493059730947551,68.25663761345267,A,0.0004930597309475,0.6825663761345266,3.0,1.5,2.0,2.0,Uitgeschakeld,000396402,1060.52,Custom Approved,Sigma Control B.V.,310-Electric motor," 530,26",0 dagen,10.0,0.0,2025-02-07,
000228447,Optical distance sensor,Onbekend,Onbekend,3.0,2587.42,1.0,517.484,517.484,0.1024026431626008,44.32249371326287,A,0.001024026431626,0.4432249371326287,3.0,3.0,3.0,1.0,Uitgeschakeld,000228447,1064.2,Standard approved,Leuze Electronic B.V.,660-Sensor and lighting," 544,85",0 dagen,10.0,1.0,2026-03-10,
000252308,"Conveyor belt, welded",3,Wear,1.0,1038.36,1.0,207.672,207.672,0.0410953028709363,73.8073836288574,A,0.0004109530287093,0.7380738362885739,1.0,1.0,1.0,1.0,Uitgeschakeld,000252308,1064.42,Custom Approved,YONGLI Nederland Wormer B.V.,350-Conveyor," 287,68",0 dagen,7.0,1.0,2026-03-27,
CILZFESDGC32650,"Cylinder, rodless",1,Critical,12.0,14595.22,4.0,2919.044,729.761,0.1444092093223805,32.3069632250832,A,0.0014440920932238,0.323069632250832,12.0,3.0,5.0,4.0,Uitgeschakeld,CILZFESDGC32650,1065.64,Standard Approved,Festo B.V.,510-Cylinder," 532,82",21 dagen,8.0,1.0,2026-02-24,
000225415,"Conveyor belt, fastener",3,Wear,5.0,4459.34,1.0,891.868,891.868,0.1764878538315049,27.56043013353877,A,0.001764878538315,0.2756043013353877,5.0,5.0,5.0,1.0,Uitgeschakeld,000225415,1065.86,Custom Approved,YONGLI Nederland Wormer B.V.,350-Conveyor," 299,70",0 dagen,7.0,1.0,2026-03-12,
BELTENDL-00000810,"Conveyor belt, weld prepared",3,Wear,1.0,850.55,1.0,170.11,170.11,0.0336623231411792,79.88567881300091,A,0.0003366232314117,0.798856788130009,1.0,1.0,1.0,1.0,Uitgeschakeld,BELTENDL-00000810,1067.79,Custom Approved,YONGLI Nederland Wormer B.V.,350-Conveyor," 288,59",0 dagen,7.0,1.0,2023-08-09,
000303254,"Conveyor belt, welded",3,Wear,2.0,4610.75,1.0,922.15,922.15,0.1824802262338398,26.49310309570951,A,0.0018248022623383,0.2649310309570951,2.0,2.0,2.0,1.0,Uitgeschakeld,000303254,1069.3,Custom Approved,YONGLI Nederland Wormer B.V.,350-Conveyor," 289,00",0 dagen,7.0,1.0,2024-06-04,
000727375,"Conveyor belt, welded",3,Wear,1.0,811.82,1.0,162.364,162.364,0.0321295011139523,80.8712177312146,B,0.0003212950111395,0.8087121773121461,1.0,1.0,1.0,1.0,Uitgeschakeld,000727375,1069.71,Custom Approved,YONGLI Nederland Wormer B.V.,350-Conveyor," 289,11",0 dagen,7.0,0.0,2024-12-20,
000466685,"Motor, three-phase geared",1,Critical,1.0,858.71,1.0,171.742,171.742,0.0339852724761178,79.68292995405847,A,0.0003398527247611,0.7968292995405847,1.0,1.0,1.0,1.0,Uitgeschakeld,000466685,1070.06,Custom Approved,SEW-Eurodrive B.V.,310-Electric motor," 535,03",0 dagen,10.0,0.0,2024-12-20,
000361443,"Motor, servo",2,Critical,3.0,2718.41,3.0,543.682,181.2273333333333,0.0358622835617005,78.04048159531136,A,0.000358622835617,0.7804048159531136,3.0,1.0,1.0,3.0,Uitgeschakeld,000361443,1070.84,Custom Approved,Beckhoff Automation B.V.,310-Electric motor," 535,42",0 dagen,10.0,1.0,2025-12-29,
REDUAPE060#C-FG,"Reductor, servo",2,Critical,21.0,22829.14,19.0,4565.828,240.3067368421052,0.0475532480664351,69.22854455061314,A,0.0004755324806643,0.6922854455061314,21.0,1.105263157894737,3.0,19.0,Uitgeschakeld,REDUAPE060#C-FG,1073.16,Standard Approved,Apex Dynamics B.V.,370-Gear,536.58,15 dagen,10.0,1.0,2026-04-06,
REDUPLAN-00000014,"Reductor, servo",2,Critical,46.0,43786.42,29.0,8757.284,301.9753103448276,0.0597565720856239,61.45935285522982,A,0.0005975657208562,0.6145935285522982,46.0,1.586206896551724,8.0,29.0,Uitgeschakeld,REDUPLAN-00000014,1073.16,Standard Approved,Apex Dynamics B.V.,370-Gear,536.58,15 dagen,10.0,1.0,2026-04-23,
SIG_CP 112-2,"Processormoduul, Edge2, 64 module",Onbekend,Onbekend,2.0,1874.92,2.0,374.984,187.492,0.0371019710210216,77.05744559848443,A,0.0003710197102102,0.7705744559848444,2.0,1.0,1.0,2.0,Uitgeschakeld,SIG_CP 112-2,1074.08,Standard Approved,Sigma Control B.V.,630-Automation," 537,04",0 dagen,10.0,0.0,2025-12-15,
000392195,"Linear actuator, adjustment",1,Wear,8.0,9308.11,7.0,1861.622,265.946,0.0526268896014583,66.32288593124174,A,0.0005262688960145,0.6632288593124175,8.0,1.142857142857143,2.0,7.0,Uitgeschakeld,000392195,1074.84,Standard Approved,Linak Actuator-Systems B.V.,330-Linear motion," 537,42",0 dagen,10.0,1.0,2024-06-28,
REDUPLAN-00000055,"Reductor, servo",2,Critical,2.0,1980.4,1.0,396.08,396.08,0.0783785371216171,52.53772271339637,A,0.0007837853712161,0.5253772271339637,2.0,2.0,2.0,1.0,Uitgeschakeld,REDUPLAN-00000055,1079.82,Custom Approved,Apex Dynamics B.V.,370-Gear," 539,91",0 dagen,10.0,1.0,2025-08-21,
000396522,"Conveyor belt, welded",3,Wear,1.0,1639.72,1.0,327.944,327.944,0.0648954023879307,58.59699841068458,A,0.0006489540238793,0.5859699841068458,1.0,1.0,1.0,1.0,Uitgeschakeld,000396522,1080.29,Custom Approved,YONGLI Nederland Wormer B.V.,350-Conveyor," 291,97",0 dagen,7.0,1.0,2023-11-30,
MOTRKOPSW40T063B4,"Motor, three-phase geared",1,Critical,3.0,4372.76,3.0,874.552,291.5173333333333,0.0576870888009026,63.33752526826682,A,0.000576870888009,0.6333752526826681,3.0,1.0,1.0,3.0,Uitgeschakeld,MOTRKOPSW40T063B4,1081.2,Custom Approved,Koppe B.V. Technisch Bureau,310-Electric motor," 559,10",25 dagen,10.0,1.0,2026-04-13,
000801671,"Conveyor belt, welded",3,Wear,1.0,965.09,1.0,193.018,193.018,0.0381954869676335,76.34095550305622,A,0.0003819548696763,0.7634095550305622,1.0,1.0,1.0,1.0,Uitgeschakeld,000801671,1082.07,Custom Approved,YONGLI Nederland Wormer B.V.,350-Conveyor," 292,45",0 dagen,7.0,0.0,2025-12-16,
000383226,"Conveyor belt, welded",3,Wear,1.0,822.21,1.0,164.442,164.442,0.0325407074362577,80.61357810519432,B,0.0003254070743625,0.8061357810519433,1.0,1.0,1.0,1.0,Uitgeschakeld,000383226,1083.4,Standard Approved,YONGLI Nederland Wormer B.V.,350-Conveyor," 297,20",0 dagen,7.0,1.0,2025-12-15,
000693851,Vacuum generator,Onbekend,Onbekend,2.0,2847.03,2.0,569.406,284.703,0.0563386302114112,64.30787721183918,A,0.0005633863021141,0.6430787721183918,2.0,1.0,1.0,2.0,Uitgeschakeld,000693851,1084.26,Custom Approved,Pneutec B.V.,560-Vacuum component," 542,13",0 dagen,10.0,0.0,2024-06-21,
000245243,Toothed belt endless,3,Wear,1.0,2768.69,1.0,553.738,553.738,0.1095767884989145,42.21797342504295,A,0.0010957678849891,0.4221797342504295,1.0,1.0,1.0,1.0,Uitgeschakeld,000245243,1088.0,Custom Approved,Ammertech B.V.,360-Drive belt," 544,00",0 dagen,5.0,1.0,2023-07-27,
000714648,"Motor, servo",2,Critical,2.0,1877.92,2.0,375.584,187.792,0.0371613367075912,77.02034362746342,A,0.0003716133670759,0.7702034362746342,2.0,1.0,1.0,2.0,Uitgeschakeld,000714648,1089.32,Standard Approved,Bosch Rexroth B.V.,310-Electric motor," 559,92",0 dagen,10.0,0.0,2026-01-26,
000317592,"Linear actuator, adjustment",1,Wear,14.0,14132.93,13.0,2826.586,217.4296923076923,0.0430262098815397,72.71600580207657,A,0.0004302620988153,0.7271600580207657,14.0,1.076923076923077,2.0,13.0,Uitgeschakeld,000317592,1090.62,Standard Approved,Linak Actuator-Systems B.V.,330-Linear motion," 545,31",0 dagen,10.0,1.0,2024-12-20,
000785054,"Conveyor belt, welded",3,Wear,1.0,1093.79,1.0,218.758,218.758,0.0432890628753048,72.54354017574491,A,0.000432890628753,0.7254354017574491,1.0,1.0,1.0,1.0,Uitgeschakeld,000785054,1093.79,Custom Approved,YONGLI Nederland Wormer B.V.,350-Conveyor," 295,62",0 dagen,7.0,0.0,2026-05-22,
000528774,"Conveyor belt, welded",3,Wear,1.0,904.58,1.0,180.916,180.916,0.0358006751714161,78.14796356661685,A,0.0003580067517141,0.7814796356661685,1.0,1.0,1.0,1.0,Uitgeschakeld,000528774,1094.21,Custom Approved,YONGLI Nederland Wormer B.V.,350-Conveyor," 295,73",0 dagen,7.0,0.0,2021-12-17,
MOTOADJU-00000040,"Motor, three-phase geared",1,Critical,12.0,9342.98,10.0,1868.596,186.8596,0.0369768281537329,77.16855958887902,A,0.0003697682815373,0.7716855958887902,12.0,1.2,2.0,10.0,Uitgeschakeld,MOTOADJU-00000040,1098.58,Standard Approved,AXIS & Stuifmeel B.V.,310-Electric motor," 549,29",30 dagen,10.0,1.0,2026-03-11,
SIE_7MH4960-2AA0,CPU S7 1200 Siwarex module,Onbekend,Onbekend,8.0,5844.8,7.0,1168.96,166.9942857142857,0.0330457680820922,80.31839351201296,B,0.0003304576808209,0.8031839351201296,8.0,1.142857142857143,2.0,7.0,Uitgeschakeld,SIE_7MH4960-2AA0,1100.1,Custom approved,Solar Nederland B.V.,"699-Electro part, Miscellaneous"," 574,75",21 dagen,10.0,1.0,2026-03-13,
000250502,"Conveyor belt, welded",3,Wear,1.0,1655.74,1.0,331.148,331.148,0.065529427920494,58.2711532175551,A,0.0006552942792049,0.582711532175551,1.0,1.0,1.0,1.0,Uitgeschakeld,000250502,1101.42,Custom Approved,YONGLI Nederland Wormer B.V.,350-Conveyor," 297,68",0 dagen,7.0,1.0,2024-01-18,
000548610,"Hotmelt, hose, heated",2,Wear,1.0,877.23,1.0,175.446,175.446,0.0347182408196304,79.06542302272598,A,0.0003471824081963,0.7906542302272598,1.0,1.0,1.0,1.0,Uitgeschakeld,000548610,1102.6,Custom Approved,Robatech B.V.,670-Hotmelt," 551,30",0 dagen,5.0,0.0,2025-06-05,
DAN_136L2196,"Frequency inverter 3P 0,75kW FC280 ETC",1,Critical,1.0,1048.92,1.0,209.784,209.784,0.0415132373043863,73.55955642524644,A,0.0004151323730438,0.7355955642524644,1.0,1.0,1.0,1.0,Uitgeschakeld,DAN_136L2196,1104.12,Custom Approved,Solar Nederland B.V.,610-Motor control," 539,22",0 dagen,0.0,0.0,2026-02-11,
BELTENDL-00000821,"Conveyor belt, welded",3,Wear,1.0,1105.23,1.0,221.046,221.046,0.0437418251782089,72.23897600476185,A,0.000437418251782,0.7223897600476186,1.0,1.0,1.0,1.0,Uitgeschakeld,BELTENDL-00000821,1105.23,Custom Approved,YONGLI Nederland Wormer B.V.,350-Conveyor," 312,32",0 dagen,7.0,1.0,2026-05-04,
000663698,"Conveyor belt, welded",3,Wear,1.0,932.26,1.0,186.452,186.452,0.036896169974247,77.2793021875384,A,0.0003689616997424,0.772793021875384,1.0,1.0,1.0,1.0,Uitgeschakeld,000663698,1105.56,Custom Approved,YONGLI Nederland Wormer B.V.,350-Conveyor," 298,80",0 dagen,7.0,0.0,2024-08-05,
KOPBABIVKW60,"Torque limiter, sprocket",3,Wear,14.0,11097.92,2.0,2219.584,1109.792,0.2196118800981462,21.7317291088051,A,0.0021961188009814,0.2173172910880511,14.0,7.0,11.0,2.0,Uitgeschakeld,KOPBABIVKW60,1110.0,Standard Approved,ABI B.V.,320-Shaft coupler and locking bush," 555,00",31 dagen,10.0,1.0,2024-12-06,
000306602,"Linear actuator, adjustment",1,Wear,21.0,21964.48,19.0,4392.896,231.2050526315789,0.04575215562611,70.85732390390088,A,0.0004575215562611,0.7085732390390087,21.0,1.105263157894737,2.0,19.0,Uitgeschakeld,000306602,1113.24,Standard Approved,Linak Actuator-Systems B.V.,330-Linear motion," 556,62",15 dagen,10.0,1.0,2026-02-17,
000797198,"Conveyor belt, welded",3,Wear,1.0,993.1,1.0,198.62,198.62,0.0393040422215098,75.33413605666716,A,0.000393040422215,0.7533413605666717,1.0,1.0,1.0,1.0,Uitgeschakeld,000797198,1113.48,Custom Approved,YONGLI Nederland Wormer B.V.,350-Conveyor," 300,94",0 dagen,7.0,0.0,2025-12-16,
000368818,"Motor, servo",2,Critical,2.0,1713.74,2.0,342.7479999999999,171.374,0.0339124505672591,79.71684240462574,A,0.0003391245056725,0.7971684240462573,2.0,1.0,1.0,2.0,Uitgeschakeld,000368818,1113.84,Custom Approved,Beckhoff Automation B.V.,310-Electric motor," 556,92",0 dagen,10.0,1.0,2024-05-15,
000742929,"Motor, servo",2,Critical,1.0,984.78,1.0,196.956,196.956,0.0389747605466704,75.6858106663662,A,0.0003897476054667,0.7568581066636619,1.0,1.0,1.0,1.0,Uitgeschakeld,000742929,1114.0,Custom Approved,Beckhoff Automation B.V.,310-Electric motor," 557,00",0 dagen,10.0,0.0,2025-04-28,
000244860,"Motor, three-phase geared",1,Critical,1.0,1493.59,1.0,298.718,298.718,0.0591119972023208,62.11251240795179,A,0.0005911199720232,0.6211251240795179,1.0,1.0,1.0,1.0,Uitgeschakeld,000244860,1114.88,Custom Approved,Groschopp B.V.,310-Electric motor," 557,44",0 dagen,10.0,1.0,2021-09-08,
000413215,"Cylinder, rodless",1,Critical,1.0,0.0,1.0,0.0,0.0,0.0,100.0000000000002,C,0.0,1.000000000000002,1.0,1.0,1.0,1.0,Uitgeschakeld,000413215,1114.94,Custom Approved,Festo B.V.,510-Cylinder," 557,47",0 dagen,8.0,1.0,2022-09-23,
MOTSELAUSH0558001,"Motor, servo",2,Critical,4.0,2959.65,3.0,591.93,197.31,0.0390448120568225,75.568850369543,A,0.0003904481205682,0.75568850369543,4.0,1.333333333333333,2.0,3.0,Uitgeschakeld,MOTSELAUSH0558001,1116.0,Custom Approved,Automotion International B.V.,310-Electric motor," 558,00",0 dagen,10.0,0.0,2024-08-22,
CILLNOR32461M/400,Lintra-cylinder external sliding,1,Critical,1.0,895.85,1.0,179.17,179.17,0.035455166875581,78.53974466169583,A,0.0003545516687558,0.7853974466169583,1.0,1.0,1.0,1.0,Uitgeschakeld,CILLNOR32461M/400,1116.5,Custom approved,Norgren B.V.,510-Cylinder," 583,62",25 dagen,8.0,1.0,2023-05-05,
000396392,"Reductor, servo",2,Critical,2.0,3320.43,1.0,664.086,664.086,0.1314130711041867,35.0258074316115,A,0.0013141307110418,0.3502580743161151,2.0,2.0,2.0,1.0,Uitgeschakeld,000396392,1118.88,Custom Approved,Apex Dynamics B.V.,370-Gear," 559,44",0 dagen,10.0,0.0,2025-02-07,
CILKDES82L32-1110,Clamping cylinder w. lever left h.s,1,Critical,2.0,2968.11,2.0,593.6220000000001,296.811,0.0587346293213601,62.40709878527026,A,0.0005873462932136,0.6240709878527027,2.0,1.0,1.0,2.0,Geselecteerd,CILKDES82L32-1110,1119.2,Custom approved,De-Sta-Co Benelux B.V.,510-Cylinder," 559,60",21 dagen,8.0,1.0,2023-05-22,
000745983,"Reductor, servo",2,Critical,3.0,2832.23,3.0,566.446,188.8153333333333,0.0373638396606675,76.94600927879655,A,0.0003736383966066,0.7694600927879655,3.0,1.0,1.0,3.0,Uitgeschakeld,000745983,1123.24,Custom Approved,SEW-Eurodrive B.V.,370-Gear," 581,09",0 dagen,10.0,0.0,2025-04-28,
000692777,"Conveyor belt, welded",3,Wear,1.0,853.38,1.0,170.676,170.676,0.0337743264031739,79.8182959883457,A,0.0003377432640317,0.798182959883457,1.0,1.0,1.0,1.0,Uitgeschakeld,000692777,1124.47,Custom Approved,YONGLI Nederland Wormer B.V.,350-Conveyor," 303,91",0 dagen,7.0,0.0,2024-11-04,
000316940,"Linear actuator, adjustment",1,Wear,10.0,12666.02,10.0,2533.204,253.3204,0.0501284648936146,67.80948068463631,A,0.0005012846489361,0.6780948068463631,10.0,1.0,1.0,10.0,Uitgeschakeld,000316940,1124.56,Standard Approved,Linak Actuator-Systems B.V.,330-Linear motion," 562,28",0 dagen,10.0,1.0,2025-05-12,
REDUAPE060#G-FG,"Reductor, servo",2,Critical,7.0,9510.39,3.0,1902.078,634.026,0.1254646293099133,37.08073030826534,A,0.0012546462930991,0.3708073030826534,7.0,2.333333333333333,4.0,3.0,Uitgeschakeld,REDUAPE060#G-FG,1126.82,Custom Approved,Apex Dynamics B.V.,370-Gear," 563,41",0 dagen,10.0,1.0,2025-01-16,
000466902,"Conveyor belt, welded",3,Wear,2.0,3995.32,1.0,799.064,799.064,0.1581232765768226,30.39196507531047,A,0.0015812327657682,0.3039196507531047,2.0,2.0,2.0,1.0,Uitgeschakeld,000466902,1128.25,Custom Approved,YONGLI Nederland Wormer B.V.,350-Conveyor," 304,93",0 dagen,7.0,0.0,2025-07-03,
000358171,"Cylinder, rodless",1,Critical,1.0,742.6,1.0,148.52,148.52,0.0293899725643874,82.55445804579614,B,0.0002938997256438,0.8255445804579614,1.0,1.0,1.0,1.0,Uitgeschakeld,000358171,1131.34,Custom Approved,Festo B.V.,510-Cylinder," 565,67",0 dagen,8.0,1.0,2022-06-20,
000382346,"Conveyor belt, welded",3,Wear,1.0,764.9,1.0,152.98,152.98,0.0302725424380554,81.95663429313674,B,0.0003027254243805,0.8195663429313674,1.0,1.0,1.0,1.0,Uitgeschakeld,000382346,1133.43,Custom Approved,YONGLI Nederland Wormer B.V.,350-Conveyor," 306,33",0 dagen,7.0,1.0,2023-05-31,
CHAIBELT-00000009,Intralox chain,2,Wear,1.0,0.0,1.0,0.0,0.0,0.0,100.0000000000002,C,0.0,1.000000000000002,1.0,1.0,1.0,1.0,Uitgeschakeld,CHAIBELT-00000009,1133.58,Custom Approved,"Intralox, L.L.C. Europe",350-Conveyor," 566,79",0 dagen,10.0,1.0,2024-05-31,
000382347,"Conveyor belt, welded",3,Wear,1.0,804.69,1.0,160.938,160.938,0.0318473162171248,81.0310555218005,B,0.0003184731621712,0.810310555218005,1.0,1.0,1.0,1.0,Uitgeschakeld,000382347,1135.24,Custom Approved,YONGLI Nederland Wormer B.V.,350-Conveyor," 306,82",0 dagen,7.0,1.0,2023-05-31,
000236043,"Conveyor belt, welded",3,Wear,1.0,766.98,1.0,153.396,153.396,0.0303548628567652,81.83540157977488,B,0.0003035486285676,0.8183540157977488,1.0,1.0,1.0,1.0,Uitgeschakeld,000236043,1136.02,Custom Approved,YONGLI Nederland Wormer B.V.,350-Conveyor," 307,03",0 dagen,7.0,1.0,2023-05-30,
000236044,"Conveyor belt, welded",3,Wear,1.0,767.85,1.0,153.57,153.57,0.0303892949549756,81.74430336478355,B,0.0003038929495497,0.8174430336478355,1.0,1.0,1.0,1.0,Uitgeschakeld,000236044,1137.31,Custom Approved,YONGLI Nederland Wormer B.V.,350-Conveyor," 307,38",0 dagen,7.0,1.0,2023-05-30,
CILLNOR32M461M,Pneumatic slotted cylinder,1,Critical,1.0,974.03,1.0,194.806,194.806,0.0385493064595883,76.03433790524893,A,0.0003854930645958,0.7603433790524893,1.0,1.0,1.0,1.0,Geselecteerd,CILLNOR32M461M,1137.5,Custom approved,Norgren B.V.,510-Cylinder," 568,75",25 dagen,8.0,1.0,2023-04-10,
CILZFESDGC32800A,"Cylinder, rodless",1,Critical,1.0,3032.04,1.0,606.408,606.408,0.1199994242043163,38.67758851850993,A,0.0011999942420431,0.3867758851850993,1.0,1.0,1.0,1.0,Uitgeschakeld,CILZFESDGC32800A,1139.58,Custom Approved,Festo B.V.,510-Cylinder," 569,79",21 dagen,8.0,1.0,2023-01-31,
000380116,"Cylinder, rodless",1,Critical,1.0,825.25,1.0,165.05,165.05,0.0326610218943721,80.5483918109422,B,0.0003266102189437,0.8054839181094221,1.0,1.0,1.0,1.0,Uitgeschakeld,000380116,1143.22,Custom Approved,Festo B.V.,510-Cylinder," 571,61",0 dagen,8.0,1.0,2022-07-22,
BELTENDL-00000681,"Conveyor belt, welded",3,Wear,3.0,2973.15,1.0,594.63,594.63,0.1176687273495941,39.38856174322473,A,0.0011766872734959,0.3938856174322474,3.0,3.0,3.0,1.0,Uitgeschakeld,BELTENDL-00000681,1146.41,Custom Approved,YONGLI Nederland Wormer B.V.,350-Conveyor," 322,35",0 dagen,7.0,1.0,2026-04-02,
000528097,"Wagen, Lineair",Onbekend,Onbekend,1.0,885.22,1.0,177.044,177.044,0.0350344620434245,78.8214772796267,A,0.0003503446204342,0.7882147727962671,1.0,1.0,1.0,1.0,Uitgeschakeld,000528097,1146.74,Custom Approved,Festo B.V.,330-Linear motion," 573,37",0 dagen,10.0,0.0,2024-01-11,
000532829,"Cylinder, rodless",1,Critical,1.0,1013.85,1.0,202.77,202.77,0.0401252675523891,74.53915510850643,A,0.0004012526755238,0.7453915510850644,1.0,1.0,1.0,1.0,Uitgeschakeld,000532829,1146.88,Custom Approved,Festo B.V.,510-Cylinder," 573,44",0 dagen,8.0,0.0,2024-05-13,
000548818,"Motor, servo",2,Critical,7.0,6908.58,7.0,1381.716,197.388,0.0390602471353306,75.49076074542936,A,0.0003906024713533,0.7549076074542935,7.0,1.0,1.0,7.0,Uitgeschakeld,000548818,1148.4,Custom Approved,Groneman B.V.,310-Electric motor,574.2,25 dagen,10.0,0.0,2026-03-04,
000658096,"Motor, three-phase",1,Critical,3.0,3334.66,2.0,666.932,333.466,0.0659881267920551,58.1398592735953,A,0.0006598812679205,0.581398592735953,3.0,1.5,2.0,2.0,Uitgeschakeld,000658096,1153.08,Custom Approved,SEW-Eurodrive B.V.,310-Electric motor," 588,64",0 dagen,10.0,0.0,2025-11-24,
000449641,"Cylinder, rodless",1,Critical,1.0,935.93,1.0,187.186,187.186,0.0370414180207206,77.13158276072528,A,0.0003704141802072,0.7713158276072528,1.0,1.0,1.0,1.0,Uitgeschakeld,000449641,1154.04,Custom Approved,Festo B.V.,510-Cylinder," 577,02",0 dagen,8.0,1.0,2022-10-31,
000646294,Encoder,3,Critical,1.0,1040.4,1.0,208.08,208.08,0.041176040204671,73.725130491259,A,0.0004117604020467,0.7372513049125899,1.0,1.0,1.0,1.0,Uitgeschakeld,000646294,1156.0,Custom Approved,Sick B.V.,660-Sensor and lighting," 595,00",0 dagen,10.0,0.0,2025-12-23,
000784439,"Conveyor belt, welded",3,Wear,1.0,1164.5,1.0,232.9,232.9,0.0460875613401955,70.49029830666802,A,0.0004608756134019,0.7049029830666802,1.0,1.0,1.0,1.0,Uitgeschakeld,000784439,1164.5,Custom Approved,YONGLI Nederland Wormer B.V.,350-Conveyor," 314,73",0 dagen,7.0,0.0,2026-05-22,
000356052,"Conveyor belt, welded",3,Wear,2.0,2133.66,2.0,426.732,213.366,0.0422220636020272,73.14058882363545,A,0.0004222206360202,0.7314058882363546,2.0,1.0,1.0,2.0,Uitgeschakeld,000356052,1165.43,Standard Approved,YONGLI Nederland Wormer B.V.,350-Conveyor," 314,98",0 dagen,7.0,1.0,2025-11-20,
000276116,"Conveyor belt, welded",3,Wear,2.0,1855.98,2.0,371.196,185.598,0.0367271756531455,77.31602936319155,A,0.0003672717565314,0.7731602936319155,2.0,1.0,1.0,2.0,Uitgeschakeld,000276116,1165.43,Custom Approved,YONGLI Nederland Wormer B.V.,350-Conveyor," 314,98",0 dagen,7.0,1.0,2026-02-19,
000441768,"Reductor, servo",2,Critical,1.0,948.38,1.0,189.676,189.676,0.0375341532192482,76.87122079814786,A,0.0003753415321924,0.7687122079814785,1.0,1.0,1.0,1.0,Uitgeschakeld,000441768,1172.16,Standard Approved,Apex Dynamics B.V.,370-Gear," 586,08",0 dagen,10.0,1.0,2021-11-23,
000368177,"Motor, servo",2,Critical,2.0,1805.28,2.0,361.056,180.528,0.0357238955501194,78.21942976107992,A,0.0003572389555011,0.7821942976107993,2.0,1.0,1.0,2.0,Uitgeschakeld,000368177,1173.34,Custom Approved,Beckhoff Automation B.V.,310-Electric motor," 586,67",0 dagen,10.0,1.0,2024-05-15,
000370500,"Motor, servo",2,Critical,1.0,871.76,1.0,174.352,174.352,0.0345017539492733,79.23831582250259,A,0.0003450175394927,0.7923831582250258,1.0,1.0,1.0,1.0,Uitgeschakeld,000370500,1173.34,Custom Approved,Beckhoff Automation B.V.,310-Electric motor," 586,67",0 dagen,10.0,1.0,2021-07-09,
000687556,"Conveyor belt, welded",3,Wear,3.0,2973.79,1.0,594.758,594.758,0.1176940567091971,39.27089301587514,A,0.0011769405670919,0.3927089301587514,3.0,3.0,3.0,1.0,Uitgeschakeld,000687556,1176.12,Custom Approved,YONGLI Nederland Wormer B.V.,350-Conveyor," 317,87",0 dagen,7.0,0.0,2026-02-16,
000455530,"Motor, drum",2,Critical,2.0,1878.51,2.0,375.702,187.851,0.0371730119592832,76.98318229075582,A,0.0003717301195928,0.7698318229075582,2.0,1.0,1.0,2.0,Uitgeschakeld,000455530,1177.0,Custom Approved,Van der Graaf B.V.,310-Electric motor," 588,50",0 dagen,10.0,1.0,2025-04-23,
000559761,"Reductor, servo",2,Critical,2.0,3696.1,1.0,739.22,739.22,0.1462810094199198,31.58258980609502,A,0.0014628100941991,0.3158258980609502,2.0,2.0,2.0,1.0,Uitgeschakeld,000559761,1183.64,Custom Approved,Apex Dynamics B.V.,370-Gear," 591,82",0 dagen,10.0,0.0,2023-01-11,
000691879,"Conveyor belt, welded",3,Wear,2.0,2574.25,1.0,514.85,514.85,0.1018814124345198,44.42437512569739,A,0.0010188141243451,0.4442437512569739,2.0,2.0,2.0,1.0,Uitgeschakeld,000691879,1188.07,Custom Approved,YONGLI Nederland Wormer B.V.,350-Conveyor," 321,10",0 dagen,7.0,0.0,2023-11-27,
000380946,"Motor, servo",2,Critical,3.0,2882.44,2.0,576.488,288.244,0.0570393431985543,63.85407781677544,A,0.0005703934319855,0.6385407781677543,3.0,1.5,2.0,2.0,Uitgeschakeld,000380946,1189.82,Custom Approved,Beckhoff Automation B.V.,310-Electric motor," 594,91",0 dagen,10.0,1.0,2025-02-27,
000742526,"Conveyor belt, welded",3,Wear,1.0,1004.83,1.0,200.966,200.966,0.039768281890484,74.93896044859176,A,0.0003976828189048,0.7493896044859176,1.0,1.0,1.0,1.0,Uitgeschakeld,000742526,1191.62,Custom Approved,YONGLI Nederland Wormer B.V.,350-Conveyor," 322,06",0 dagen,7.0,0.0,2025-01-17,
000635790,"Motor, three-phase geared",1,Critical,1.0,859.29,1.0,171.858,171.858,0.0340082272082581,79.64894468158235,A,0.0003400822720825,0.7964894468158235,1.0,1.0,1.0,1.0,Uitgeschakeld,000635790,1199.1,Custom Approved,SEW-Eurodrive B.V.,310-Electric motor," 599,55",0 dagen,10.0,0.0,2022-10-13,
000552245,"Conveyor belt, welded",3,Wear,2.0,1990.55,1.0,398.11,398.11,0.0787802449340714,52.22324763232997,A,0.0007878024493407,0.5222324763232997,2.0,2.0,2.0,1.0,Uitgeschakeld,000552245,1201.62,Custom Approved,YONGLI Nederland Wormer B.V.,350-Conveyor," 329,63",0 dagen,7.0,0.0,2025-10-31,
000550109,"Motor, three-phase geared",1,Critical,4.0,4419.71,4.0,883.942,220.9855,0.043729853098084,72.28270585785994,A,0.0004372985309808,0.7228270585785994,4.0,1.0,1.0,4.0,Uitgeschakeld,000550109,1203.08,Standard Approved,SEW-Eurodrive B.V.,310-Electric motor," 614,18",0 dagen,10.0,0.0,2025-01-10,
000546484,"Reductor, servo",2,Critical,2.0,2133.34,2.0,426.668,213.334,0.0422157312621265,73.18280455489759,A,0.0004221573126212,0.7318280455489758,2.0,1.0,1.0,2.0,Uitgeschakeld,000546484,1206.64,Custom Approved,Lenze B.V.,370-Gear," 603,32",0 dagen,10.0,0.0,2023-04-21,
000715236,"Motor, servo",2,Critical,1.0,1152.94,1.0,230.588,230.588,0.0456300497823658,70.9486346621848,A,0.0004563004978236,0.7094863466218481,1.0,1.0,1.0,1.0,Uitgeschakeld,000715236,1213.62,Custom Approved,Bosch Rexroth B.V.,310-Electric motor," 623,80",0 dagen,10.0,0.0,2026-01-26,
000566041,"Reductor, servo",2,Critical,1.0,0.0,1.0,0.0,0.0,0.0,100.0000000000002,C,0.0,1.000000000000002,1.0,1.0,1.0,1.0,Uitgeschakeld,000566041,1216.0,Custom Approved,Koppe B.V. Technisch Bureau,370-Gear," 680,00",0 dagen,10.0,0.0,2023-11-03,
000749594,"Motor, three-phase geared",1,Critical,2.0,1962.35,2.0,392.47,196.235,0.0388320850132815,75.76358664176914,A,0.0003883208501328,0.7576358664176913,2.0,1.0,1.0,2.0,Uitgeschakeld,000749594,1216.36,Custom Approved,SEW-Eurodrive B.V.,310-Electric motor," 620,95",0 dagen,0.0,0.0,2025-08-13,
EVER_SW5A9052H221,Ethercat stepper drive,3,Critical,4.0,4383.639999999999,3.0,876.7279999999998,292.2426666666666,0.0578306218386531,63.10663681004289,A,0.0005783062183865,0.6310663681004289,4.0,1.333333333333333,2.0,3.0,Uitgeschakeld,EVER_SW5A9052H221,1217.0,Standard Approved,ABI B.V.,610-Motor control," 608,50",0 dagen,10.0,0.0,2025-10-15,
000736038,"Conveyor belt, welded",3,Wear,1.0,1011.16,1.0,202.232,202.232,0.0400188050878077,74.77954260427649,A,0.000400188050878,0.7477954260427648,1.0,1.0,1.0,1.0,Uitgeschakeld,000736038,1217.12,Custom Approved,YONGLI Nederland Wormer B.V.,350-Conveyor," 328,95",0 dagen,7.0,0.0,2025-05-25,
BELTENDL-00000697,"Conveyor belt, welded",3,Wear,2.0,4727.02,1.0,945.404,945.404,0.187081858485471,25.38707703681301,A,0.0018708185848547,0.2538707703681302,2.0,2.0,2.0,1.0,Uitgeschakeld,BELTENDL-00000697,1219.64,Custom Approved,YONGLI Nederland Wormer B.V.,350-Conveyor," 329,63",0 dagen,7.0,1.0,2024-07-17,
MOTODRUM-00000085,"Motor, drum",2,Critical,1.0,991.1,1.0,198.22,198.22,0.0392248879727503,75.41260285077615,A,0.0003922488797275,0.7541260285077616,1.0,1.0,1.0,1.0,Uitgeschakeld,MOTODRUM-00000085,1225.0,Custom Approved,Van der Graaf B.V.,310-Electric motor," 612,50",0 dagen,10.0,1.0,2022-03-25,
000352848,"Conveyor belt, welded",3,Wear,1.0,968.7,1.0,193.74,193.74,0.0383383603866443,76.22624991500894,A,0.0003833836038664,0.7622624991500894,1.0,1.0,1.0,1.0,Uitgeschakeld,000352848,1227.29,Custom Approved,YONGLI Nederland Wormer B.V.,350-Conveyor," 331,70",0 dagen,7.0,1.0,2022-01-14,
000549218,Transportband eindl. dmv verbinder,3,Wear,3.0,3176.5,1.0,635.3,635.3,0.1257167355922121,36.95526567895542,A,0.0012571673559221,0.3695526567895542,3.0,3.0,3.0,1.0,Uitgeschakeld,000549218,1229.14,Custom Approved,YONGLI Nederland Wormer B.V.,350-Conveyor," 332,20",0 dagen,7.0,0.0,2026-01-21,
MOTODRUM-00000039,"Motor, drum",2,Critical,1.0,961.8,1.0,192.36,192.36,0.0380652782284242,76.4171336180242,A,0.0003806527822842,0.764171336180242,1.0,1.0,1.0,1.0,Uitgeschakeld,MOTODRUM-00000039,1232.0,Custom Approved,Van der Graaf B.V.,310-Electric motor," 616,00",0 dagen,10.0,1.0,2023-03-24,
000517190,"Cylinder, rodless",1,Critical,2.0,1934.42,2.0,386.884,193.442,0.0382793904713185,76.26452930548025,A,0.0003827939047131,0.7626452930548026,2.0,1.0,1.0,2.0,Uitgeschakeld,000517190,1239.32,Custom Approved,Festo B.V.,510-Cylinder," 619,66",0 dagen,8.0,0.0,2024-08-27,
000489101,"Linear actuator, adjustment",1,Wear,2.0,1851.7,2.0,370.34,185.17,0.0366424806069729,77.35267184379853,A,0.0003664248060697,0.7735267184379853,2.0,1.0,1.0,2.0,Uitgeschakeld,000489101,1245.96,Standard Approved,Linak Actuator-Systems B.V.,330-Linear motion," 622,98",0 dagen,10.0,0.0,2022-12-29,
BECK_AX8108-0100,Servo Controller 1x8A STO,3,Wear,8.0,9458.59,5.0,1891.718,378.3436,0.0748687585773739,54.14451693770735,A,0.0007486875857737,0.5414451693770735,8.0,1.6,3.0,5.0,Uitgeschakeld,BECK_AX8108-0100,1247.72,Custom approved,Beckhoff Automation B.V.,630-Automation," 623,86",0 dagen,10.0,1.0,2026-01-12,
000629842,"Conveyor belt, welded",3,Wear,1.0,1002.33,1.0,200.466,200.466,0.0396693390795347,75.01832880959412,A,0.0003966933907953,0.7501832880959413,1.0,1.0,1.0,1.0,Uitgeschakeld,000629842,1248.08,Custom Approved,YONGLI Nederland Wormer B.V.,350-Conveyor," 337,32",0 dagen,7.0,0.0,2023-06-30,
000469920,"Conveyor belt, welded",3,Wear,1.0,985.52,1.0,197.104,197.104,0.0390040476187114,75.6078544171617,A,0.0003900404761871,0.756078544171617,1.0,1.0,1.0,1.0,Uitgeschakeld,000469920,1248.53,Custom Approved,YONGLI Nederland Wormer B.V.,350-Conveyor," 337,44",0 dagen,7.0,0.0,2022-06-17,
BELTENDL-00000123,"Conveyor belt, welded",3,Wear,7.0,8078.84,5.0,1615.768,323.1536,0.0639474511047874,59.1767401887777,A,0.0006394745110478,0.591767401887777,7.0,1.4,2.0,5.0,Uitgeschakeld,BELTENDL-00000123,1248.57,Standard Approved,YONGLI Nederland Wormer B.V.,350-Conveyor," 345,89",0 dagen,7.0,1.0,2025-05-12,
000330386,"Conveyor belt, welded",3,Wear,1.0,961.8,1.0,192.36,192.36,0.0380652782284242,76.49326417448106,A,0.0003806527822842,0.7649326417448106,1.0,1.0,1.0,1.0,Uitgeschakeld,000330386,1251.01,Custom Approved,YONGLI Nederland Wormer B.V.,350-Conveyor," 338,11",0 dagen,7.0,1.0,2021-12-06,
000354653,"Motor, drum",2,Critical,1.0,1127.7,1.0,225.54,225.54,0.0446311231630214,71.39933865197257,A,0.0004463112316302,0.7139933865197257,1.0,1.0,1.0,1.0,Uitgeschakeld,000354653,1253.0,Custom Approved,Van der Graaf B.V.,310-Electric motor," 626,50",0 dagen,10.0,1.0,2025-07-18,
000366413,"Motor, servo",2,Critical,1.0,875.66,1.0,175.132,175.132,0.0346561047343543,79.10007912746033,A,0.0003465610473435,0.7910007912746033,1.0,1.0,1.0,1.0,Uitgeschakeld,000366413,1253.34,Custom Approved,Dynamic Drives,310-Electric motor," 626,67",0 dagen,10.0,1.0,2023-11-28,
000580723,"Linear actuator, adjustment",1,Wear,3.0,1996.16,2.0,399.232,199.616,0.0395011363009208,75.17658348222389,A,0.0003950113630092,0.7517658348222389,3.0,1.5,2.0,2.0,Uitgeschakeld,000580723,1254.5,Custom Approved,Linak Actuator-Systems B.V.,330-Linear motion," 627,25",0 dagen,10.0,0.0,2024-11-12,
000499134,Chain RTC220 SS,2,Wear,1.0,3097.29,1.0,619.458,619.458,0.1225818315700937,38.07307393258789,A,0.0012258183157009,0.3807307393258789,1.0,1.0,1.0,1.0,Uitgeschakeld,000499134,1255.5,Custom Approved,Tsubakimoto Europe B.V.,300-Chain," 627,75",0 dagen,10.0,0.0,2022-07-04,
000285683,"Motor, three-phase geared",1,Critical,1.0,0.0,1.0,0.0,0.0,0.0,100.0000000000002,C,0.0,1.000000000000002,1.0,1.0,1.0,1.0,Uitgeschakeld,000285683,1255.96,Custom Approved,Groschopp B.V.,310-Electric motor," 627,98",0 dagen,10.0,1.0,2023-06-05,
000348206,"Reductor, servo",2,Critical,5.0,4113.0,3.0,822.6,274.2,0.0542602375246097,65.5220701935956,A,0.000542602375246,0.6552207019359559,5.0,1.666666666666667,3.0,3.0,Uitgeschakeld,000348206,1257.48,Standard Approved,Apex Dynamics B.V.,370-Gear," 628,74",0 dagen,10.0,1.0,2025-01-16,
000529895,"Cylinder, rodless",1,Critical,1.0,970.25,1.0,194.05,194.05,0.0383997049294329,76.14956777711674,A,0.0003839970492943,0.7614956777711674,1.0,1.0,1.0,1.0,Uitgeschakeld,000529895,1262.76,Custom Approved,Festo B.V.,510-Cylinder," 631,38",0 dagen,8.0,0.0,2024-01-11,
000747409,"Conveyor belt, welded",3,Wear,1.0,959.94,1.0,191.988,191.988,0.0379916647770779,76.53125583925814,A,0.0003799166477707,0.7653125583925814,1.0,1.0,1.0,1.0,Uitgeschakeld,000747409,1264.88,Custom Approved,YONGLI Nederland Wormer B.V.,350-Conveyor," 341,86",0 dagen,7.0,0.0,2024-11-12,
000550111,"Motor, three-phase geared",1,Critical,5.0,5553.12,5.0,1110.624,222.1248,0.0439553041871131,72.10753641698435,A,0.0004395530418711,0.7210753641698434,5.0,1.0,1.0,5.0,Uitgeschakeld,000550111,1270.98,Standard Approved,SEW-Eurodrive B.V.,310-Electric motor,635.49,25 dagen,10.0,0.0,2025-01-10,
000374465,"Motor, drum",2,Critical,1.0,984.0,1.0,196.8,196.8,0.0389438903896542,75.72475455675584,A,0.0003894389038965,0.7572475455675585,1.0,1.0,1.0,1.0,Uitgeschakeld,000374465,1279.0,Custom Approved,Van der Graaf B.V.,310-Electric motor," 639,50",0 dagen,10.0,1.0,2023-12-06,
000620254,"Conveyor belt, welded",3,Wear,1.0,1032.19,1.0,206.438,206.438,0.0408511120135134,74.09400764221859,A,0.0004085111201351,0.7409400764221858,1.0,1.0,1.0,1.0,Uitgeschakeld,000620254,1285.27,Custom Approved,YONGLI Nederland Wormer B.V.,350-Conveyor," 347,37",0 dagen,7.0,0.0,2023-04-27,
000469719,"Conveyor belt, welded, vacuum",3,Wear,8.0,16593.63,3.0,3318.726,1106.242,0.218909386140406,21.95063849494551,A,0.002189093861404,0.2195063849494551,8.0,2.666666666666667,5.0,3.0,Uitgeschakeld,000469719,1288.68,Custom Approved,Chiorino Benelux B.V.,350-Conveyor," 348,29",0 dagen,7.0,0.0,2025-10-30,
MOTODRUM-00000002,"Motor, drum",2,Critical,12.0,11806.61,11.0,2361.322,214.6656363636363,0.0424792429520875,72.92915713937536,A,0.0004247924295208,0.7292915713937537,12.0,1.090909090909091,2.0,11.0,Uitgeschakeld,MOTODRUM-00000002,1289.0,Standard Approved,Van der Graaf B.V.,310-Electric motor,644.5,30 dagen,10.0,1.0,2025-09-19,
MOTODRUM-00000017,"Motor, drum",2,Critical,7.0,7452.48,7.0,1490.496,212.928,0.0421353896996356,73.22493994459722,A,0.0004213538969963,0.7322493994459722,7.0,1.0,1.0,7.0,Uitgeschakeld,MOTODRUM-00000017,1289.0,Standard Approved,Van der Graaf B.V.,310-Electric motor,644.5,30 dagen,10.0,1.0,2026-01-09,
000380380,"Motor, drum",2,Critical,1.0,2320.2,1.0,464.04,464.04,0.0918268439858493,48.05126363425582,A,0.0009182684398584,0.4805126363425582,1.0,1.0,1.0,1.0,Uitgeschakeld,000380380,1289.0,Custom Approved,Van der Graaf B.V.,310-Electric motor," 644,50",0 dagen,10.0,1.0,2025-11-18,
000233690,"Motor, drum",2,Critical,3.0,2299.58,3.0,459.916,153.3053333333333,0.0303369212270464,81.86573850100193,B,0.0003033692122704,0.8186573850100193,3.0,1.0,1.0,3.0,Uitgeschakeld,000233690,1289.0,Custom Approved,Van der Graaf B.V.,310-Electric motor," 644,50",0 dagen,10.0,1.0,2025-09-19,
BELTENDL-00000598,"Transport belt endless, VLV welded",3,Wear,1.0,1015.69,1.0,203.138,203.138,0.0401980894612478,74.45883847960394,A,0.0004019808946124,0.7445883847960394,1.0,1.0,1.0,1.0,Uitgeschakeld,BELTENDL-00000598,1289.34,Custom approved,YONGLI Nederland Wormer B.V.,350-Conveyor," 348,47",0 dagen,7.0,1.0,2022-06-08,
000560129,"Conveyor belt, welded",3,Wear,1.0,1036.69,1.0,207.338,207.338,0.0410292090732222,73.8894733129321,A,0.0004102920907322,0.738894733129321,1.0,1.0,1.0,1.0,Uitgeschakeld,000560129,1290.86,Custom Approved,YONGLI Nederland Wormer B.V.,350-Conveyor," 348,88",0 dagen,7.0,0.0,2022-06-23,
MOTODRUM-00000076,"Motor, drum",2,Critical,1.0,961.8,1.0,192.36,192.36,0.0380652782284242,76.45519889625263,A,0.0003806527822842,0.7645519889625263,1.0,1.0,1.0,1.0,Uitgeschakeld,MOTODRUM-00000076,1291.0,Standard Approved,Van der Graaf B.V.,310-Electric motor," 645,50",0 dagen,10.0,1.0,2022-08-02,
000476511,"Conveyor belt, welded",3,Wear,2.0,1910.23,2.0,382.046,191.023,0.0378007051519457,76.72069197596826,A,0.0003780070515194,0.7672069197596827,2.0,1.0,1.0,2.0,Uitgeschakeld,000476511,1293.49,Standard Approved,YONGLI Nederland Wormer B.V.,350-Conveyor," 349,59",0 dagen,7.0,0.0,2022-12-30,
MOTOGEAR-00000240,Gear motor,Onbekend,Onbekend,2.0,859.29,1.0,171.858,171.858,0.0340082272082581,79.61493645437409,A,0.0003400822720825,0.7961493645437409,2.0,2.0,2.0,1.0,Uitgeschakeld,MOTOGEAR-00000240,1295.4,Custom approved,SEW-Eurodrive B.V.,310-Electric motor," 647,70",0 dagen,10.0,1.0,2023-10-04,
000306025,"Hotmelt, hose, heated",2,Wear,2.0,2397.05,2.0,479.41,239.705,0.0474341729972158,69.27597872361035,A,0.0004743417299721,0.6927597872361035,2.0,1.0,1.0,2.0,Uitgeschakeld,000306025,1295.7,Standard Approved,Robatech B.V.,670-Hotmelt," 647,85",0 dagen,10.0,1.0,2026-02-11,
000283849,"Motor, servo",2,Critical,20.0,23780.14,15.0,4756.028,317.0685333333333,0.0627433039031594,59.87383062895686,A,0.0006274330390315,0.5987383062895686,20.0,1.333333333333333,5.0,15.0,Uitgeschakeld,000283849,1304.38,Custom Approved Racupack,Sigma Control B.V.,310-Electric motor,652.19,55 dagen,10.0,1.0,2026-03-04,
000377379,"Conveyor belt, welded",3,Wear,2.0,4370.74,1.0,874.1479999999999,874.1479999999999,0.1729813206114608,28.43244439236343,A,0.0017298132061146,0.2843244439236343,2.0,2.0,2.0,1.0,Uitgeschakeld,000377379,1306.96,Custom Approved,YONGLI Nederland Wormer B.V.,350-Conveyor," 353,23",0 dagen,7.0,1.0,2026-01-23,
000603981,"Motor, servo",2,Critical,1.0,980.15,1.0,196.03,196.03,0.0387915184607922,75.84117759411559,A,0.0003879151846079,0.7584117759411559,1.0,1.0,1.0,1.0,Uitgeschakeld,000603981,1310.42,Standard Approved,Bosch Rexroth B.V.,310-Electric motor," 622,41",0 dagen,10.0,0.0,2025-07-04,
000611512,"Motor, drum",2,Critical,2.0,2134.44,2.0,426.888,213.444,0.0422374986805353,73.09836676003343,A,0.0004223749868053,0.7309836676003343,2.0,1.0,1.0,2.0,Uitgeschakeld,000611512,1311.0,Custom Approved,Van der Graaf B.V.,310-Electric motor," 655,50",0 dagen,10.0,0.0,2025-10-08,
000231469,"Motor, drum",2,Critical,1.0,0.0,1.0,0.0,0.0,0.0,100.0000000000002,C,0.0,1.000000000000002,1.0,1.0,1.0,1.0,Uitgeschakeld,000231469,1311.0,Custom Approved,Van der Graaf B.V.,310-Electric motor," 656,00",0 dagen,10.0,1.0,2022-03-11,
MOTODRUM-00000007,"Motor, drum",2,Critical,2.0,2087.66,1.0,417.532,417.532,0.0826235794825869,51.1645269837062,A,0.0008262357948258,0.511645269837062,2.0,2.0,2.0,1.0,Uitgeschakeld,MOTODRUM-00000007,1312.0,Standard Approved,Van der Graaf B.V.,310-Electric motor," 656,00",0 dagen,10.0,1.0,2024-11-12,
MOTODRUM-00000018,"Motor, drum",2,Critical,2.0,2288.46,2.0,457.692,228.846,0.0452853330290183,71.08483300339775,A,0.0004528533302901,0.7108483300339775,2.0,1.0,1.0,2.0,Uitgeschakeld,MOTODRUM-00000018,1312.0,Standard Approved,Van der Graaf B.V.,310-Electric motor," 656,00",0 dagen,10.0,1.0,2025-09-19,
000233693,"Motor, drum",2,Critical,1.0,0.0,1.0,0.0,0.0,0.0,100.0000000000002,C,0.0,1.000000000000002,1.0,1.0,1.0,1.0,Uitgeschakeld,000233693,1312.0,Custom Approved,Van der Graaf B.V.,310-Electric motor," 656,00",0 dagen,10.0,1.0,2022-03-11,
000331112,"Linear actuator, adjustment",1,Wear,8.0,11849.91,8.0,2369.982,296.24775,0.0586231702448256,62.58307683626835,A,0.0005862317024482,0.6258307683626835,8.0,1.0,1.0,8.0,Uitgeschakeld,000331112,1312.74,Custom Approved,Linak Actuator-Systems B.V.,330-Linear motion," 656,37",0 dagen,10.0,1.0,2026-02-24,
REDUAPEAE090#F,Gearbox,1,Critical,1.0,2066.28,1.0,413.256,413.256,0.0817774205633483,51.74068025878859,A,0.0008177742056334,0.5174068025878859,1.0,1.0,1.0,1.0,Uitgeschakeld,REDUAPEAE090#F,1312.92,Custom approved,Apex Dynamics B.V.,310-Electric motor," 656,46",20 dagen,10.0,1.0,2025-01-03,
REDUAPE075#A-FG,"Reductor, servo",2,Critical,38.0,47988.36,32.0,9597.672,299.92725,0.0593512903906017,61.81660631998749,A,0.000593512903906,0.6181660631998749,38.0,1.1875,3.0,32.0,Uitgeschakeld,REDUAPE075#A-FG,1317.36,Standard Approved,Apex Dynamics B.V.,370-Gear,658.68,15 dagen,10.0,1.0,2026-04-02,
000590852,"Conveyor belt, fastener",3,Wear,4.0,5281.23,2.0,1056.246,528.1229999999999,0.1045079482939806,43.49576017013604,A,0.0010450794829398,0.4349576017013604,4.0,2.0,3.0,2.0,Uitgeschakeld,000590852,1317.87,Custom Approved,YONGLI Nederland Wormer B.V.,350-Conveyor," 356,18",0 dagen,7.0,0.0,2024-12-20,
CILDFES50500NCI,"Cylinder, standard",1,Critical,13.0,13435.06,9.0,2687.012,298.5568888888889,0.0590801156299038,62.1715925235817,A,0.000590801156299,0.621715925235817,13.0,1.444444444444444,2.0,9.0,Uitgeschakeld,CILDFES50500NCI,1318.26,Standard Approved,Festo B.V.,510-Cylinder,659.13,2 dagen,8.0,1.0,2026-05-06,
REX_01-18AV20-E01,Servo Controller W0018-A-03-E-S3-EC-NN-L4-NN-FW,3,Wear,27.0,37288.44,25.0,7457.688,298.30752,0.0590307691122438,62.23062329269394,A,0.0005903076911224,0.6223062329269394,27.0,1.08,2.0,25.0,Uitgeschakeld,REX_01-18AV20-E01,1319.08,Standard Approved,Bosch Rexroth B.V.,610-Motor control," 678,01",0 dagen,10.0,0.0,2026-04-14,
MOTSGROBGK80-60NV,Volksservo motor,2,Critical,1.0,0.0,1.0,0.0,0.0,0.0,100.0000000000002,C,0.0,1.000000000000002,1.0,1.0,1.0,1.0,Geselecteerd,MOTSGROBGK80-60NV,1320.0,Custom approved,Groschopp B.V.,310-Electric motor," 660,00",21 dagen,10.0,1.0,2024-07-22,
MOTODRUM-00000008,"Motor, drum",2,Critical,16.0,17107.76,11.0,3421.552,311.0501818181818,0.0615523586707789,60.2453467230259,A,0.0006155235867077,0.602453467230259,16.0,1.454545454545455,3.0,11.0,Uitgeschakeld,MOTODRUM-00000008,1323.0,Standard Approved,Van der Graaf B.V.,310-Electric motor,661.5,30 dagen,10.0,1.0,2025-09-19,
000339532,"Conveyor belt, welded",3,Wear,1.0,1037.48,1.0,207.496,207.496,0.0410604750014822,73.84844410385888,A,0.0004106047500148,0.7384844410385888,1.0,1.0,1.0,1.0,Uitgeschakeld,000339532,1324.49,Custom Approved,YONGLI Nederland Wormer B.V.,350-Conveyor," 357,97",0 dagen,7.0,1.0,2022-01-06,
MOTODRUM-00000034,"Motor, drum",2,Critical,5.0,5569.51,5.0,1113.902,222.7804,0.0440850380008299,71.93142992832335,A,0.0004408503800082,0.7193142992832335,5.0,1.0,1.0,5.0,Uitgeschakeld,MOTODRUM-00000034,1327.0,Standard Approved,Van der Graaf B.V.,310-Electric motor,663.5,30 dagen,10.0,1.0,2025-11-03,
REDUAPE060#E,"Reductor, servo",2,Critical,1.0,0.0,1.0,0.0,0.0,0.0,100.0000000000002,C,0.0,1.000000000000002,1.0,1.0,1.0,1.0,Uitgeschakeld,REDUAPE060#E,1328.04,Custom Approved,Apex Dynamics B.V.,370-Gear," 664,02",0 dagen,10.0,1.0,2023-05-05,
000293121,"Conveyor belt, welded",3,Wear,1.0,996.41,1.0,199.282,199.282,0.0394350425032067,75.2160185247271,A,0.000394350425032,0.752160185247271,1.0,1.0,1.0,1.0,Uitgeschakeld,000293121,1328.82,Custom Approved,YONGLI Nederland Wormer B.V.,350-Conveyor," 359,14",0 dagen,7.0,1.0,2024-08-08,
BELTENDL-00000446,"Transport belt endless, VLV welded",3,Wear,1.0,1000.25,1.0,200.05,200.05,0.0395870186608248,75.05791582825495,A,0.0003958701866082,0.7505791582825495,1.0,1.0,1.0,1.0,Uitgeschakeld,BELTENDL-00000446,1330.71,Custom approved,YONGLI Nederland Wormer B.V.,350-Conveyor," 359,65",0 dagen,7.0,1.0,2023-10-10,
000610763,"Motor, three-phase",1,Critical,3.0,3432.97,2.0,686.5939999999999,343.297,0.0679335403409407,57.00246459159322,A,0.0006793354034094,0.5700246459159323,3.0,1.5,2.0,2.0,Uitgeschakeld,000610763,1331.48,Custom Approved,SEW-Eurodrive B.V.,310-Electric motor," 641,86",0 dagen,10.0,0.0,2025-06-16,
000900852,"Motor, three-phase geared",1,Critical,1.0,1599.26,1.0,319.852,319.852,0.0632941119355268,59.62165973040624,A,0.0006329411193552,0.5962165973040624,1.0,1.0,1.0,1.0,Uitgeschakeld,000900852,1332.62,Custom Approved,SEW-Eurodrive B.V.,310-Electric motor," 666,31",0 dagen,10.0,0.0,2026-01-23,
SLAHNRD2300_6FT,Hotmelt Hose,2,Wear,2.0,1813.8,2.0,362.76,181.38,0.035892494099977,77.96875175123805,A,0.0003589249409997,0.7796875175123804,2.0,1.0,1.0,2.0,Uitgeschakeld,SLAHNRD2300_6FT,1332.76,Standard Approved,Nordson Benelux B.V.,700-General parts," 678,04",5 dagen,10.0,1.0,2021-11-30,
MOTODRUM-00000005,"Motor, drum",2,Critical,11.0,12794.73,9.0,2558.946,284.3273333333333,0.0562642911794513,64.36414150301863,A,0.0005626429117945,0.6436414150301863,11.0,1.222222222222222,2.0,9.0,Uitgeschakeld,MOTODRUM-00000005,1333.0,Standard Approved,Van der Graaf B.V.,310-Electric motor,666.5,30 dagen,10.0,1.0,2025-06-27,
000591676,"Conveyor belt, welded",3,Wear,1.0,2160.0,1.0,432.0,432.0,0.0854865886602166,50.07130311627219,A,0.0008548658866021,0.5007130311627219,1.0,1.0,1.0,1.0,Uitgeschakeld,000591676,1334.52,Custom Approved,YONGLI Nederland Wormer B.V.,350-Conveyor," 360,68",0 dagen,7.0,0.0,2022-02-21,
000585495,"Reductor, servo",2,Critical,1.0,1091.4,1.0,218.28,218.28,0.0431944735480372,72.58673464929295,A,0.0004319447354803,0.7258673464929295,1.0,1.0,1.0,1.0,Uitgeschakeld,000585495,1334.72,Custom Approved,Apex Dynamics B.V.,370-Gear," 667,36",0 dagen,10.0,0.0,2022-10-04,
000287690,"Motor, drum",2,Critical,1.0,0.0,1.0,0.0,0.0,0.0,100.0000000000002,C,0.0,1.000000000000002,1.0,1.0,1.0,1.0,Uitgeschakeld,000287690,1335.0,Custom Approved,Van der Graaf B.V.,310-Electric motor," 667,50",0 dagen,10.0,1.0,2023-06-05,
000398650,"Conveyor belt, welded",3,Wear,1.0,1106.89,1.0,221.378,221.378,0.0438075232046792,72.19523417958365,A,0.0004380752320467,0.7219523417958364,1.0,1.0,1.0,1.0,Uitgeschakeld,000398650,1335.96,Custom Approved,YONGLI Nederland Wormer B.V.,350-Conveyor," 361,07",0 dagen,7.0,1.0,2022-02-25,
000596545,"Linear actuator, adjustment",1,Wear,2.0,2246.07,2.0,449.2140000000001,224.607,0.04444649587779,71.66658418524644,A,0.0004444649587779,0.7166658418524644,2.0,1.0,1.0,2.0,Uitgeschakeld,000596545,1337.26,Standard Approved,Linak Actuator-Systems B.V.,330-Linear motion," 668,63",0 dagen,10.0,0.0,2025-01-17,
000726357,"Reductor, servo",2,Critical,1.0,1193.47,1.0,238.694,238.694,0.0472341106334762,69.46518890792122,A,0.0004723411063347,0.6946518890792122,1.0,1.0,1.0,1.0,Uitgeschakeld,000726357,1338.48,Custom Approved,SEW-Eurodrive B.V.,370-Gear," 669,24",0 dagen,10.0,0.0,2024-12-06,
000583473,"Motor, three-phase geared",1,Critical,2.0,2251.0,2.0,450.2,225.1,0.044544053489386,71.57760246329875,A,0.0004454405348938,0.7157760246329874,2.0,1.0,1.0,2.0,Uitgeschakeld,000583473,1340.2,Standard Approved,SEW-Eurodrive B.V.,310-Electric motor," 670,10",0 dagen,10.0,0.0,2024-11-04,
MOTODRUM-00000116,"Motor, drum",2,Critical,2.0,2244.48,1.0,448.896,448.896,0.0888300641278162,48.77060498018761,A,0.0008883006412781,0.4877060498018761,2.0,2.0,2.0,1.0,Uitgeschakeld,MOTODRUM-00000116,1344.0,Custom Approved,Van der Graaf B.V.,310-Electric motor," 672,00",0 dagen,10.0,1.0,2022-08-03,
000518470,"Conveyor belt, welded",3,Wear,1.0,1125.72,1.0,225.144,225.144,0.0445527604567495,71.53305840980936,A,0.0004455276045674,0.7153305840980936,1.0,1.0,1.0,1.0,Uitgeschakeld,000518470,1345.36,Custom Approved,YONGLI Nederland Wormer B.V.,350-Conveyor," 363,61",0 dagen,7.0,0.0,2022-03-25,
BELTENDL-00000888,"Conveyor belt, welded",3,Wear,1.0,977.66,1.0,195.532,195.532,0.0386929714210867,75.91857699318005,A,0.0003869297142108,0.7591857699318005,1.0,1.0,1.0,1.0,Uitgeschakeld,BELTENDL-00000888,1346.06,Custom Approved,YONGLI Nederland Wormer B.V.,350-Conveyor," 363,80",0 dagen,7.0,1.0,2025-03-14,
BELTENDL-00000437,"Transport belt endless, VLV welded",3,Wear,1.0,1012.1,1.0,202.42,202.42,0.0400560075847246,74.6994962871335,A,0.0004005600758472,0.746994962871335,1.0,1.0,1.0,1.0,Uitgeschakeld,BELTENDL-00000437,1346.58,Custom approved,YONGLI Nederland Wormer B.V.,350-Conveyor," 363,94",0 dagen,7.0,1.0,2023-10-10,
000482003,"Conveyor belt, welded",3,Wear,2.0,4068.3,1.0,813.6600000000001,813.6600000000001,0.1610116151140553,29.91526270179281,A,0.0016101161511405,0.2991526270179281,2.0,2.0,2.0,1.0,Uitgeschakeld,000482003,1346.62,Custom Approved,YONGLI Nederland Wormer B.V.,350-Conveyor," 363,95",0 dagen,7.0,0.0,2023-02-11,
SIG_MDP 101-1,Servo Power Supply-mod 5A/400V,Onbekend,Onbekend,14.0,15361.43,13.0,3072.286,236.3296923076923,0.0467662481354242,69.7941073028137,A,0.0004676624813542,0.697941073028137,14.0,1.076923076923077,2.0,13.0,Uitgeschakeld,SIG_MDP 101-1,1347.56,Standard approved,Sigma Control B.V.,630-Automation,673.78,40 dagen,10.0,1.0,2026-02-28,
000337979,"Reductor, servo",2,Critical,1.0,2128.32,1.0,425.664,425.664,0.0842327853598668,50.66532033168563,A,0.0008423278535986,0.5066532033168563,1.0,1.0,1.0,1.0,Uitgeschakeld,000337979,1350.72,Custom Approved,Apex Dynamics B.V.,370-Gear," 675,36",0 dagen,10.0,1.0,2024-12-23,
MOTODRUM-00000119,"Motor, drum",2,Critical,1.0,1064.34,1.0,212.868,212.868,0.0421235165623217,73.26706346115954,A,0.0004212351656232,0.7326706346115954,1.0,1.0,1.0,1.0,Uitgeschakeld,MOTODRUM-00000119,1353.0,Custom Approved,Van der Graaf B.V.,310-Electric motor," 676,50",0 dagen,10.0,1.0,2022-05-31,
BELTENDL-00000457,"Conveyor belt, weld prepared",3,Wear,1.0,995.88,1.0,199.176,199.176,0.0394140666272854,75.25543259135439,A,0.0003941406662728,0.7525543259135439,1.0,1.0,1.0,1.0,Uitgeschakeld,BELTENDL-00000457,1354.28,Custom Approved,YONGLI Nederland Wormer B.V.,350-Conveyor," 366,02",0 dagen,7.0,1.0,2024-03-15,
MOTODRUM-00000024,"Motor, drum",2,Critical,5.0,4111.58,3.0,822.316,274.1053333333334,0.0542415043524033,65.576311697948,A,0.000542415043524,0.65576311697948,5.0,1.666666666666667,3.0,3.0,Uitgeschakeld,MOTODRUM-00000024,1355.0,Standard Approved,Van der Graaf B.V.,310-Electric motor," 677,50",0 dagen,10.0,1.0,2024-11-12,
BELTENDL-00000426,"Conveyor belt, welded",3,Wear,2.0,2050.55,2.0,410.11,205.055,0.0405774361984276,74.25664528348779,A,0.0004057743619842,0.7425664528348779,2.0,1.0,1.0,2.0,Uitgeschakeld,BELTENDL-00000426,1358.09,Custom Approved,YONGLI Nederland Wormer B.V.,350-Conveyor," 367,05",0 dagen,7.0,1.0,2022-08-04,
000587135,Conveyor belt eindl. VLV-welded,3,Wear,1.0,1094.5,1.0,218.9,218.9,0.0433171626336144,72.5002511128696,A,0.0004331716263361,0.7250025111286961,1.0,1.0,1.0,1.0,Uitgeschakeld,000587135,1362.86,Custom Approved,YONGLI Nederland Wormer B.V.,350-Conveyor," 368,34",0 dagen,7.0,0.0,2023-08-18,
MOTODRUM-00000050,"Motor, drum",2,Critical,1.0,4441.24,1.0,888.2479999999999,888.2479999999999,0.1757715078802317,27.736201641419,A,0.0017577150788023,0.27736201641419,1.0,1.0,1.0,1.0,Uitgeschakeld,MOTODRUM-00000050,1364.0,Standard Approved,Van der Graaf B.V.,310-Electric motor," 682,00",0 dagen,10.0,1.0,2022-09-23,
SIE_6AV7862-2BC00-0AA0,"Monitor 12,1 IFP1200 Basic Flat Panel",1,Critical,8.0,9483.46,8.0,1896.692,237.0865,0.0469160094962742,69.70046274239297,A,0.0004691600949627,0.6970046274239298,8.0,1.0,1.0,8.0,Uitgeschakeld,SIE_6AV7862-2BC00-0AA0,1364.1,Custom Approved,Solar Nederland B.V.,630-Automation,682.05,30 dagen,10.0,0.0,2025-11-25,
MOTOGEAR-00000417,"Motor, three-phase geared",1,Critical,5.0,7975.45,3.0,1595.09,531.6966666666666,0.1052151255447724,43.07635505074414,A,0.0010521512554477,0.4307635505074414,5.0,1.666666666666667,3.0,3.0,Uitgeschakeld,MOTOGEAR-00000417,1364.6,Custom Approved,Groschopp B.V.,310-Electric motor," 682,30",0 dagen,10.0,1.0,2025-06-27,
000405722,"Motor, three-phase geared",1,Critical,1.0,1176.82,1.0,235.364,235.364,0.0465751515125537,70.02739298044224,A,0.0004657515151255,0.7002739298044224,1.0,1.0,1.0,1.0,Uitgeschakeld,000405722,1364.6,Custom Approved,Groschopp B.V.,310-Electric motor," 682,30",0 dagen,10.0,1.0,2025-06-27,
MOTRGROIGL80-40#A,"Motor, three-phase geared",1,Critical,1.0,1024.93,1.0,204.986,204.986,0.0405637820905166,74.2972090655783,A,0.0004056378209051,0.7429720906557831,1.0,1.0,1.0,1.0,Uitgeschakeld,MOTRGROIGL80-40#A,1364.6,Custom Approved,Groschopp B.V.,310-Electric motor," 695,98",0 dagen,10.0,1.0,2021-09-10,
000603975,"Motor, servo",2,Critical,9.0,11002.32,9.0,2200.464,244.496,0.0483822430117322,68.9410740549727,A,0.0004838224301173,0.6894107405497271,9.0,1.0,1.0,9.0,Uitgeschakeld,000603975,1365.28,Standard Approved,Bosch Rexroth B.V.,310-Electric motor,682.64,25 dagen,10.0,0.0,2026-05-05,
REX_01-09AV20-B02,Servo Controller W0009-A-02-B-ET-EC-NN-L3-NN-FW,3,Wear,3.0,3587.69,3.0,717.538,239.1793333333333,0.047330151121971,69.37067358987625,A,0.0004733015112197,0.6937067358987625,3.0,1.0,1.0,3.0,Uitgeschakeld,REX_01-09AV20-B02,1367.36,Custom Approved,Bosch Rexroth B.V.,610-Motor control," 683,68",0 dagen,10.0,1.0,2025-06-14,
000615498,"Conveyor belt, welded",3,Wear,1.0,1098.55,1.0,219.71,219.71,0.0434774499873523,72.45693395023599,A,0.0004347744998735,0.7245693395023599,1.0,1.0,1.0,1.0,Uitgeschakeld,000615498,1367.93,Custom Approved,YONGLI Nederland Wormer B.V.,350-Conveyor," 369,71",0 dagen,7.0,0.0,2024-09-10,
BELTENDL-00000330,"Transport belt endless, VLV welded",3,Wear,1.0,1175.2,1.0,235.04,235.04,0.0465110365710586,70.12047837698336,A,0.0004651103657105,0.7012047837698336,1.0,1.0,1.0,1.0,Uitgeschakeld,BELTENDL-00000330,1371.45,Custom approved,YONGLI Nederland Wormer B.V.,350-Conveyor," 370,66",0 dagen,7.0,1.0,2026-04-15,
000548816,"Motor, servo",2,Critical,3.0,3627.95,2.0,725.5899999999999,362.795,0.0717919141967206,55.61081097447409,A,0.0007179191419672,0.5561081097447409,3.0,1.5,2.0,2.0,Uitgeschakeld,000548816,1371.6,Custom Approved,Groneman B.V.,310-Electric motor," 685,80",0 dagen,10.0,0.0,2024-02-05,
MOTODRUM-00000022,"Motor, drum",2,Critical,12.0,14852.06,10.0,2970.412,297.0412,0.0587801825915211,62.34836415594891,A,0.0005878018259152,0.6234836415594891,12.0,1.2,2.0,10.0,Uitgeschakeld,MOTODRUM-00000022,1374.0,Standard Approved,Van der Graaf B.V.,310-Electric motor,687,30 dagen,10.0,1.0,2025-05-15,
MOTODRUM-00000099,"Motor, drum",2,Critical,1.0,1159.81,1.0,231.962,231.962,0.0459019446268545,70.67409486805873,A,0.0004590194462685,0.7067409486805873,1.0,1.0,1.0,1.0,Uitgeschakeld,MOTODRUM-00000099,1374.0,Custom Approved,Van der Graaf B.V.,310-Electric motor," 687,00",0 dagen,10.0,1.0,2024-08-01,
MOTODRUM-00000097,"Motor, drum",2,Critical,4.0,4290.48,4.0,858.0959999999999,214.524,0.0424512151521859,72.97160835452755,A,0.0004245121515218,0.7297160835452755,4.0,1.0,1.0,4.0,Uitgeschakeld,MOTODRUM-00000097,1374.0,Standard Approved,Van der Graaf B.V.,310-Electric motor," 687,00",0 dagen,10.0,1.0,2023-03-21,
MOTODRUM-00000006,"Motor, drum",2,Critical,2.0,2069.45,2.0,413.89,206.945,0.040951440023816,73.97141715530347,A,0.0004095144002381,0.7397141715530346,2.0,1.0,1.0,2.0,Uitgeschakeld,MOTODRUM-00000006,1374.0,Custom Approved,Van der Graaf B.V.,310-Electric motor," 687,00",0 dagen,10.0,1.0,2022-12-23,
MOTODRUM-00000084,"Motor, drum",2,Critical,1.0,986.55,1.0,197.31,197.31,0.0390448120568225,75.52980555748617,A,0.0003904481205682,0.7552980555748617,1.0,1.0,1.0,1.0,Uitgeschakeld,MOTODRUM-00000084,1374.0,Custom Approved,Van der Graaf B.V.,310-Electric motor," 687,00",0 dagen,10.0,1.0,2023-11-21,
BELTENDL-00000599,"Transport belt endless, VLV welded",3,Wear,2.0,1926.16,1.0,385.232,385.232,0.0762318738952606,53.46730037308512,A,0.0007623187389526,0.5346730037308512,2.0,2.0,2.0,1.0,Uitgeschakeld,BELTENDL-00000599,1374.11,Custom approved,YONGLI Nederland Wormer B.V.,350-Conveyor," 371,38",0 dagen,7.0,1.0,2025-07-16,
000605813,"Hotmelt, hose, heated",2,Wear,1.0,1114.74,1.0,222.948,222.948,0.0441182036310601,71.84324311119809,A,0.0004411820363106,0.7184324311119809,1.0,1.0,1.0,1.0,Uitgeschakeld,000605813,1374.52,Custom Approved,Robatech B.V.,670-Hotmelt," 687,26",0 dagen,5.0,0.0,2024-08-27,
REDUAPEAE090#A-FG,"Reductor, servo",2,Critical,15.0,20474.65,13.0,4094.93,314.9946153846154,0.0623329053601105,59.99884103465466,A,0.0006233290536011,0.5999884103465466,15.0,1.153846153846154,2.0,13.0,Uitgeschakeld,REDUAPEAE090#A-FG,1375.44,Standard Approved,Apex Dynamics B.V.,370-Gear,687.72,15 dagen,10.0,1.0,2026-05-04,
REDUAPEAE090#D-FG,"Reductor, servo",2,Critical,7.0,9331.22,6.0,1866.244,311.0406666666667,0.0615504757591039,60.30689719878502,A,0.000615504757591,0.6030689719878501,7.0,1.166666666666667,2.0,6.0,Uitgeschakeld,REDUAPEAE090#D-FG,1375.44,Custom Approved,Apex Dynamics B.V.,370-Gear,687.72,15 dagen,10.0,1.0,2024-09-05,
REDUPLAN-00000041,"Reductor, servo",2,Critical,33.0,42116.41,23.0,8423.282000000001,366.2296521739131,0.0724715824781609,55.32186079444909,A,0.0007247158247816,0.553218607944491,33.0,1.434782608695652,6.0,23.0,Uitgeschakeld,REDUPLAN-00000041,1375.44,Standard Approved,Apex Dynamics B.V.,370-Gear,687.72,15 dagen,10.0,1.0,2026-05-05,
000438904,"Linear actuator, adjustment",1,Wear,2.0,3108.17,2.0,621.634,310.817,0.0615062153416726,60.49143048834605,A,0.0006150621534167,0.6049143048834605,2.0,1.0,1.0,2.0,Uitgeschakeld,000438904,1379.2,Custom Approved,Linak Actuator-Systems B.V.,330-Linear motion," 689,60",0 dagen,10.0,1.0,2024-02-01,
000357049,"Conveyor belt, welded",3,Wear,3.0,3305.12,1.0,661.024,661.024,0.130807145329933,35.41907027726561,A,0.0013080714532993,0.3541907027726561,3.0,3.0,3.0,1.0,Uitgeschakeld,000357049,1379.7,Custom Approved,YONGLI Nederland Wormer B.V.,350-Conveyor," 372,89",0 dagen,7.0,1.0,2023-04-27,
000368845,"Reductor, servo",2,Critical,3.0,4917.799999999999,2.0,983.5599999999998,491.7799999999999,0.0973161911373179,45.5126605595513,A,0.0009731619113731,0.455126605595513,3.0,1.5,2.0,2.0,Uitgeschakeld,000368845,1383.22,Custom Approved,Apex Dynamics B.V.,370-Gear," 658,68",0 dagen,10.0,1.0,2026-05-04,
000258429,"Reductor, servo",2,Critical,1.0,1244.9,1.0,248.98,248.98,0.0492695621403258,68.30590717559299,A,0.0004926956214032,0.68305907175593,1.0,1.0,1.0,1.0,Uitgeschakeld,000258429,1383.22,Custom Approved,Apex Dynamics B.V.,370-Gear," 691,61",0 dagen,10.0,1.0,2025-05-27,
REDUPLAN-00000024,"Reductor, servo",2,Critical,2.0,2259.74,2.0,451.948,225.974,0.0447170055229254,71.35470752880954,A,0.0004471700552292,0.7135470752880955,2.0,1.0,1.0,2.0,Uitgeschakeld,REDUPLAN-00000024,1383.22,Custom Approved,Apex Dynamics B.V.,370-Gear," 691,61",0 dagen,10.0,1.0,2025-11-21,
000610909,"Conveyor belt, welded",3,Wear,2.0,2549.72,1.0,509.9440000000001,509.9440000000001,0.100910585573485,44.62679351565124,A,0.0010091058557348,0.4462679351565124,2.0,2.0,2.0,1.0,Uitgeschakeld,000610909,1383.28,Custom Approved,YONGLI Nederland Wormer B.V.,350-Conveyor," 379,54",0 dagen,7.0,0.0,2026-01-19,
MOTODRUM-00000014,"Motor, drum",2,Critical,4.0,4201.77,3.0,840.354,280.118,0.0554313246350059,64.80933544604287,A,0.00055431324635,0.6480933544604286,4.0,1.333333333333333,2.0,3.0,Uitgeschakeld,MOTODRUM-00000014,1384.0,Standard Approved,Van der Graaf B.V.,310-Electric motor," 692,00",0 dagen,10.0,1.0,2024-11-28,
MOTODRUM-00000071,"Motor, drum",2,Critical,1.0,1384.0,1.0,276.8,276.8,0.0547747401415462,65.30440115453325,A,0.0005477474014154,0.6530440115453325,1.0,1.0,1.0,1.0,Uitgeschakeld,MOTODRUM-00000071,1384.0,Custom Approved,Van der Graaf B.V.,310-Electric motor," 692,00",0 dagen,10.0,1.0,2026-04-14,
MOTODRUM-00000098,"Motor, drum",2,Critical,1.0,1189.8,1.0,237.96,237.96,0.0470888625870026,69.60660945069607,A,0.00047088862587,0.6960660945069607,1.0,1.0,1.0,1.0,Uitgeschakeld,MOTODRUM-00000098,1384.0,Custom Approved,Van der Graaf B.V.,310-Electric motor," 692,00",0 dagen,10.0,1.0,2025-06-02,
000464998,"Motor, three-phase geared",1,Critical,11.0,12787.34,10.0,2557.468,255.7468,0.0506086145665895,67.5073491576286,A,0.0005060861456658,0.6750734915762859,11.0,1.1,2.0,10.0,Uitgeschakeld,000464998,1384.5,Standard Approved,SEW-Eurodrive B.V.,310-Electric motor,692.25,20 dagen,10.0,0.0,2026-04-23,
000277504,"Motor, drum",2,Critical,3.0,3498.36,3.0,699.672,233.224,0.0461516762816906,70.39808281532076,A,0.0004615167628169,0.7039808281532076,3.0,1.0,1.0,3.0,Uitgeschakeld,000277504,1386.0,Custom Approved,Van der Graaf B.V.,310-Electric motor," 693,00",0 dagen,10.0,1.0,2025-04-15,
000550113,"Motor, three-phase geared",1,Critical,6.0,8339.34,5.0,1667.868,333.5736,0.0660094192849714,58.07387114680323,A,0.0006600941928497,0.5807387114680324,6.0,1.2,2.0,5.0,Uitgeschakeld,000550113,1391.24,Standard Approved,SEW-Eurodrive B.V.,310-Electric motor,695.62,35 dagen,10.0,0.0,2025-02-26,
MOTOGEAR-00000620,"Motor, three-phase geared",1,Critical,2.0,3178.86,2.0,635.772,317.886,0.0629050688028741,59.81108732505371,A,0.0006290506880287,0.598110873250537,2.0,1.0,1.0,2.0,Uitgeschakeld,MOTOGEAR-00000620,1391.96,Custom Approved,Groschopp B.V.,310-Electric motor," 695,98",0 dagen,10.0,1.0,2025-11-14,
MOTODRUM-00000040,"Motor, drum",2,Critical,2.0,2232.75,1.0,446.55,446.55,0.088365824458842,48.85897080464645,A,0.0008836582445884,0.4885897080464645,2.0,2.0,2.0,1.0,Uitgeschakeld,MOTODRUM-00000040,1394.0,Standard Approved,Van der Graaf B.V.,310-Electric motor," 697,00",0 dagen,10.0,1.0,2024-06-20,
MOTODRUM-00000003,"Motor, drum",2,Critical,2.0,2217.96,2.0,443.592,221.796,0.0438902393946329,72.15142665637897,A,0.0004389023939463,0.7215142665637897,2.0,1.0,1.0,2.0,Uitgeschakeld,MOTODRUM-00000003,1394.0,Custom Approved,Van der Graaf B.V.,310-Electric motor," 697,00",0 dagen,10.0,1.0,2024-08-02,
MOTODRUM-00000068,"Motor, drum",2,Critical,3.0,3083.16,3.0,616.632,205.544,0.040674202267536,74.17547240349933,A,0.0004067420226753,0.7417547240349933,3.0,1.0,1.0,3.0,Uitgeschakeld,MOTODRUM-00000068,1394.0,Custom Approved,Van der Graaf B.V.,310-Electric motor," 697,00",0 dagen,10.0,1.0,2023-08-21,
MOTODRUM-00000109,"Motor, drum",2,Critical,1.0,1023.99,1.0,204.798,204.798,0.0405265795935996,74.3377356451719,A,0.0004052657959359,0.7433773564517191,1.0,1.0,1.0,1.0,Uitgeschakeld,MOTODRUM-00000109,1394.0,Custom Approved,Van der Graaf B.V.,310-Electric motor," 697,00",0 dagen,10.0,1.0,2021-11-12,
MOTODRUM-00000101,"Motor, drum",2,Critical,1.0,1048.43,1.0,209.686,209.686,0.0414938445134402,73.6425456973583,A,0.0004149384451344,0.736425456973583,1.0,1.0,1.0,1.0,Uitgeschakeld,MOTODRUM-00000101,1395.0,Custom Approved,Van der Graaf B.V.,310-Electric motor," 697,50",0 dagen,10.0,1.0,2024-04-08,
000727716,"Conveyor belt, welded",3,Wear,1.0,1176.8,1.0,235.36,235.36,0.0465743599700661,70.0739673404123,A,0.0004657435997006,0.700739673404123,1.0,1.0,1.0,1.0,Uitgeschakeld,000727716,1395.57,Custom Approved,YONGLI Nederland Wormer B.V.,350-Conveyor," 377,18",0 dagen,7.0,0.0,2025-01-17,
000584262,"Motor, three-phase geared",1,Critical,1.0,1287.79,1.0,257.558,257.558,0.0509670250049724,67.25339891773918,A,0.0005096702500497,0.6725339891773917,1.0,1.0,1.0,1.0,Uitgeschakeld,000584262,1395.84,Custom Approved,SEW-Eurodrive B.V.,310-Electric motor," 605,00",0 dagen,10.0,0.0,2023-12-14,
000586531,"Motor, three-phase geared",1,Critical,2.0,2430.04,1.0,486.008,486.008,0.0961739953277189,45.80233760390948,A,0.0009617399532771,0.4580233760390948,2.0,2.0,2.0,1.0,Uitgeschakeld,000586531,1395.96,Custom Approved,SEW-Eurodrive B.V.,310-Electric motor," 697,98",0 dagen,10.0,0.0,2023-08-18,
REDUPLAN-00000042,"Reductor, servo",2,Critical,4.0,5999.48,1.0,1199.896,1199.896,0.2374421661737021,19.20622350860344,A,0.002374421661737,0.1920622350860344,4.0,4.0,4.0,1.0,Uitgeschakeld,REDUPLAN-00000042,1396.0,Custom Approved,Harmonic Drive Ag,370-Gear," 698,00",0 dagen,10.0,1.0,2025-05-12,
REDUPLAN-00000026,"Reductor, servo",2,Critical,4.0,7819.97,3.0,1563.994,521.3313333333334,0.1031639751119189,44.01446337113045,A,0.0010316397511191,0.4401446337113045,4.0,1.333333333333333,2.0,3.0,Uitgeschakeld,REDUPLAN-00000026,1396.0,Custom Approved,Harmonic Drive Ag,370-Gear," 698,00",0 dagen,10.0,1.0,2026-03-06,
REDUPLAN-00000025,"Reductor, servo",2,Critical,64.0,89683.23,38.0,17936.646,472.017,0.0934053775917349,46.93909512084747,A,0.0009340537759173,0.4693909512084747,64.0,1.684210526315789,5.0,38.0,Uitgeschakeld,REDUPLAN-00000025,1396.0,Standard Approved,Harmonic Drive Ag,370-Gear,698,35 dagen,5.0,1.0,2026-05-04,
MOTODRUM-00000043,"Motor, drum",2,Critical,1.0,1178.38,1.0,235.676,235.676,0.0466368918265861,69.93419083138419,A,0.0004663689182658,0.6993419083138419,1.0,1.0,1.0,1.0,Uitgeschakeld,MOTODRUM-00000043,1396.0,Standard Approved,Van der Graaf B.V.,310-Electric motor," 698,00",0 dagen,10.0,1.0,2023-11-02,
000777922,"Conveyor belt, welded",3,Wear,1.0,1160.05,1.0,232.01,232.01,0.0459114431367057,70.62819292343188,A,0.000459114431367,0.7062819292343188,1.0,1.0,1.0,1.0,Uitgeschakeld,000777922,1396.34,Custom Approved,YONGLI Nederland Wormer B.V.,350-Conveyor," 377,39",0 dagen,7.0,0.0,2025-05-15,
BELTENDL-00000720,"Conveyor belt, welded",3,Wear,1.0,2194.18,1.0,438.836,438.836,0.0868393347715158,49.38283425251264,A,0.0008683933477151,0.4938283425251264,1.0,1.0,1.0,1.0,Uitgeschakeld,BELTENDL-00000720,1400.38,Custom Approved,YONGLI Nederland Wormer B.V.,350-Conveyor," 378,48",0 dagen,7.0,1.0,2025-05-29,
MOTODRUM-00000021,"Motor, drum",2,Critical,3.0,5538.11,3.0,1107.622,369.2073333333333,0.0730608227662087,55.17683642755802,A,0.000730608227662,0.5517683642755802,3.0,1.0,1.0,3.0,Uitgeschakeld,MOTODRUM-00000021,1405.0,Standard Approved,Van der Graaf B.V.,310-Electric motor," 702,50",0 dagen,10.0,1.0,2023-11-30,
000501529,Chain with flights Rake,2,Wear,2.0,1734.42,2.0,346.884,173.442,0.0343216780333456,79.34151729693984,A,0.0003432167803334,0.7934151729693985,2.0,1.0,1.0,2.0,Uitgeschakeld,000501529,1406.2,Custom Approved,Tsubakimoto Europe B.V.,300-Chain," 703,10",0 dagen,10.0,0.0,2023-02-13,
000449352,"Conveyor belt, welded",3,Wear,26.0,30694.18,4.0,6138.836,1534.709,0.3036968448984548,14.12759934766372,A,0.0030369684489845,0.1412759934766372,26.0,6.5,9.0,4.0,Uitgeschakeld,000449352,1406.89,Custom Approved,YONGLI Nederland Wormer B.V.,350-Conveyor," 389,75",0 dagen,7.0,1.0,2026-04-01,
MOTODRUM-00000095,"Motor, drum",2,Critical,8.0,9425.04,8.0,1885.008,235.626,0.0466269975454912,69.98081782892969,A,0.0004662699754549,0.6998081782892969,8.0,1.0,1.0,8.0,Uitgeschakeld,MOTODRUM-00000095,1407.0,Standard Approved,Van der Graaf B.V.,310-Electric motor,703.5,30 dagen,10.0,1.0,2025-11-14,
000590305,"Motor, three-phase geared",1,Critical,1.0,1169.2,1.0,233.84,233.84,0.0462735738247802,70.25942970296816,A,0.0004627357382478,0.7025942970296817,1.0,1.0,1.0,1.0,Uitgeschakeld,000590305,1408.12,Custom Approved,SEW-Eurodrive B.V.,310-Electric motor," 704,06",0 dagen,10.0,0.0,2024-12-20,
POMOSIE2BH13007AH,Vacuum pump,1,Critical,1.0,552.5,1.0,110.5,110.5,0.0218663612198007,88.03487587703353,B,0.000218663612198,0.8803487587703352,1.0,1.0,1.0,1.0,Uitgeschakeld,POMOSIE2BH13007AH,1411.06,Custom Approved,Gardner Denver Nederland B.V.,560-Vacuum component," 705,53",21 dagen,0.0,1.0,2022-12-29,
MOTODRUM-00000013,"Motor, drum",2,Critical,1.0,1126.58,1.0,225.316,225.316,0.0445867967837161,71.44392544875629,A,0.0004458679678371,0.7144392544875628,1.0,1.0,1.0,1.0,Uitgeschakeld,MOTODRUM-00000013,1416.0,Standard Approved,Van der Graaf B.V.,310-Electric motor," 708,00",0 dagen,10.0,1.0,2023-10-18,
000377208,"Motor, servo",2,Critical,7.0,8580.41,5.0,1716.082,343.2164,0.0679175907598157,57.07038218235304,A,0.0006791759075981,0.5707038218235304,7.0,1.4,2.0,5.0,Uitgeschakeld,000377208,1419.16,Standard Approved,Beckhoff Automation B.V.,310-Electric motor,709.58,30 dagen,10.0,1.0,2026-01-28,
000728634,"Conveyor belt, welded",3,Wear,1.0,1196.77,1.0,239.354,239.354,0.0473647151439293,69.32334343875428,A,0.0004736471514392,0.6932334343875428,1.0,1.0,1.0,1.0,Uitgeschakeld,000728634,1419.25,Custom Approved,YONGLI Nederland Wormer B.V.,350-Conveyor," 383,58",0 dagen,7.0,0.0,2025-01-17,
MOTOGEAR-00000089,"Motor, three-phase geared",1,Critical,14.0,18324.88,5.0,3664.976,732.9952000000001,0.1450492110007251,32.01810898914088,A,0.0014504921100072,0.3201810898914088,14.0,2.8,7.0,5.0,Uitgeschakeld,MOTOGEAR-00000089,1429.02,Standard Approved,Groschopp B.V.,310-Electric motor,714.51,10 dagen,10.0,1.0,2024-07-18,
REDUPLAN-00000002,"Reductor, servo",2,Critical,1.0,0.0,1.0,0.0,0.0,0.0,100.0000000000002,C,0.0,1.000000000000002,1.0,1.0,1.0,1.0,Uitgeschakeld,REDUPLAN-00000002,1430.36,Custom Approved,Apex Dynamics B.V.,370-Gear," 715,18",0 dagen,10.0,1.0,2023-01-06,
000667388,"Conveyor belt, welded",3,Wear,1.0,1210.34,1.0,242.068,242.068,0.0479017767217623,69.08538808131095,A,0.0004790177672176,0.6908538808131095,1.0,1.0,1.0,1.0,Uitgeschakeld,000667388,1435.34,Custom Approved,YONGLI Nederland Wormer B.V.,350-Conveyor," 387,93",0 dagen,7.0,0.0,2023-12-29,
REX_01-09AV20-B01,Servo Controller W0009-A-02-B-ET-EC-NN-L4-NN-FW,3,Wear,6.0,9209.54,6.0,1841.908,306.9846666666667,0.060747851676683,60.85763192112579,A,0.0006074785167668,0.6085763192112579,6.0,1.0,1.0,6.0,Uitgeschakeld,REX_01-09AV20-B01,1435.36,Standard approved,Bosch Rexroth B.V.,610-Motor control," 737,77",21 dagen,10.0,1.0,2026-04-14,
000268320,"Motor, three-phase geared",1,Critical,5.0,6023.12,2.0,1204.624,602.312,0.1191888846970195,38.91677247392758,A,0.0011918888469701,0.3891677247392758,5.0,2.5,4.0,2.0,Uitgeschakeld,000268320,1436.5,Custom Approved,SEW-Eurodrive B.V.,310-Electric motor," 733,34",0 dagen,10.0,1.0,2025-11-26,
MOTODRUM-00000010,"Motor, drum",2,Critical,1.0,2289.74,1.0,457.948,457.948,0.0906213247772428,48.32453615844422,A,0.0009062132477724,0.4832453615844422,1.0,1.0,1.0,1.0,Uitgeschakeld,MOTODRUM-00000010,1439.0,Standard Approved,Van der Graaf B.V.,310-Electric motor," 719,50",0 dagen,10.0,1.0,2023-11-30,
000591867,"Motor, servo",2,Critical,14.0,16642.71,12.0,3328.542,277.3785,0.0548892169738145,65.13998630249378,A,0.0005488921697381,0.6513998630249378,14.0,1.166666666666667,2.0,12.0,Uitgeschakeld,000591867,1439.86,Standard Approved,Bosch Rexroth B.V.,310-Electric motor,719.93,25 dagen,10.0,0.0,2026-04-02,
000744168,"Reductor, servo",2,Critical,1.0,1299.8,1.0,259.96,259.96,0.0514423462687729,66.94619718866753,A,0.0005144234626877,0.6694619718866752,1.0,1.0,1.0,1.0,Uitgeschakeld,000744168,1444.22,Custom Approved,Apex Dynamics B.V.,370-Gear," 687,72",0 dagen,10.0,0.0,2025-09-24,
REDUAPEAE090#E-FG,"Reductor, servo",2,Critical,2.0,2553.4,2.0,510.68,255.34,0.0505281146956012,67.60843210157876,A,0.000505281146956,0.6760843210157875,2.0,1.0,1.0,2.0,Uitgeschakeld,REDUAPEAE090#E-FG,1444.22,Custom Approved,Apex Dynamics B.V.,370-Gear," 687,72",0 dagen,10.0,1.0,2024-04-22,
000679539,"Reductor, servo",2,Critical,1.0,1276.68,1.0,255.336,255.336,0.0505273231531136,67.65895942473186,A,0.0005052732315311,0.6765895942473187,1.0,1.0,1.0,1.0,Uitgeschakeld,000679539,1444.22,Custom Approved,Apex Dynamics B.V.,370-Gear," 722,11",0 dagen,10.0,0.0,2024-01-11,
REDUPLAN-00000049,"Reductor, servo",2,Critical,2.0,2359.8,2.0,471.96,235.98,0.0466970490556433,69.8875539395576,A,0.0004669704905564,0.698875539395576,2.0,1.0,1.0,2.0,Uitgeschakeld,REDUPLAN-00000049,1444.22,Custom Approved,Apex Dynamics B.V.,370-Gear," 722,11",0 dagen,10.0,1.0,2023-04-07,
000709292,"Reductor, servo",2,Critical,1.0,1149.04,1.0,229.808,229.808,0.0454756989972848,70.9941103611821,A,0.0004547569899728,0.709941103611821,1.0,1.0,1.0,1.0,Uitgeschakeld,000709292,1444.24,Custom Approved,Apex Dynamics B.V.,370-Gear," 722,11",0 dagen,10.0,0.0,2024-12-20,
BECK_AX8118-0100,Servo Controller 1x18A STO,3,Wear,8.0,9706.3,5.0,1941.26,388.252,0.0768294884733945,53.31443768788085,A,0.0007682948847339,0.5331443768788086,8.0,1.6,4.0,5.0,Uitgeschakeld,BECK_AX8118-0100,1446.08,Custom approved,Beckhoff Automation B.V.,630-Automation," 723,04",0 dagen,10.0,1.0,2026-04-15,
000735720,"Conveyor belt, welded",3,Wear,2.0,2892.96,1.0,578.592,578.592,0.1144950377455835,40.42997017083844,A,0.0011449503774558,0.4042997017083845,2.0,2.0,2.0,1.0,Uitgeschakeld,000735720,1446.48,Custom Approved,YONGLI Nederland Wormer B.V.,350-Conveyor," 396,80",0 dagen,7.0,0.0,2025-12-10,
000668745,"Conveyor belt, welded",3,Wear,1.0,1207.19,1.0,241.438,241.438,0.0477771087799661,69.1809913025467,A,0.0004777710877996,0.691809913025467,1.0,1.0,1.0,1.0,Uitgeschakeld,000668745,1453.06,Custom Approved,YONGLI Nederland Wormer B.V.,350-Conveyor," 392,72",0 dagen,7.0,0.0,2025-03-10,
000271315,"Motor, servo",2,Critical,15.0,19420.68,12.0,3884.136,323.678,0.0640512223249111,59.11279273767291,A,0.0006405122232491,0.5911279273767291,15.0,1.25,2.0,12.0,Uitgeschakeld,000271315,1453.72,Standard Approved,Sigma Control B.V.,310-Electric motor,726.86,55 dagen ,10.0,0.0,2025-12-03,
000244877,"Motor, three-phase geared",1,Critical,1.0,878.58,1.0,175.716,175.716,0.0347716699375431,79.03070478190635,A,0.0003477166993754,0.7903070478190635,1.0,1.0,1.0,1.0,Uitgeschakeld,000244877,1454.86,Custom Approved,Groschopp B.V.,310-Electric motor," 727,43",0 dagen,10.0,1.0,2026-02-06,
000572848,"Reductor, servo",2,Critical,1.0,1241.15,1.0,248.23,248.23,0.0491211479239018,68.45337233257436,A,0.000491211479239,0.6845337233257436,1.0,1.0,1.0,1.0,Uitgeschakeld,000572848,1460.84,Custom Approved,Apex Dynamics B.V.,370-Gear," 730,42",0 dagen,10.0,0.0,2024-02-05,
000368672,"Reductor, servo",2,Critical,2.0,2270.74,2.0,454.148,227.074,0.0449346797070139,71.26510056573017,A,0.0004493467970701,0.7126510056573017,2.0,1.0,1.0,2.0,Uitgeschakeld,000368672,1460.84,Custom Approved,Apex Dynamics B.V.,370-Gear," 695,64",0 dagen,10.0,1.0,2024-05-15,
MOTRGROIGL80-60,"Motor, three-phase geared",1,Critical,9.0,14831.71,4.0,2966.342,741.5854999999999,0.146749107858521,31.28975153892701,A,0.0014674910785852,0.3128975153892701,9.0,2.25,6.0,4.0,Uitgeschakeld,MOTRGROIGL80-60,1462.0,Custom Approved,Groschopp B.V.,310-Electric motor," 731,00",21 dagen,10.0,1.0,2026-05-05,
OPNLAESWS10500420,Linear reader,Onbekend,Onbekend,1.0,1232.3,1.0,246.46,246.46,0.0487708903731411,68.74680142875869,A,0.0004877089037314,0.6874680142875869,1.0,1.0,1.0,1.0,Uitgeschakeld,OPNLAESWS10500420,1462.0,Custom approved,AE Sensors B.V.,660-Sensor and lighting," 731,00",21 dagen,10.0,1.0,2022-07-29,
000754025,"Conveyor belt, welded",3,Wear,1.0,1115.48,1.0,223.096,223.096,0.0441474907031011,71.79912490756702,A,0.000441474907031,0.7179912490756702,1.0,1.0,1.0,1.0,Uitgeschakeld,000754025,1469.83,Custom Approved,YONGLI Nederland Wormer B.V.,350-Conveyor," 397,25",0 dagen,7.0,0.0,2024-12-20,
000348207,"Motor, servo",2,Critical,4.0,3444.21,3.0,688.842,229.614,0.0454373091866365,71.03954767036873,A,0.0004543730918663,0.7103954767036873,4.0,1.333333333333333,2.0,3.0,Uitgeschakeld,000348207,1470.74,Custom Approved Racupack,Dynamic Drives,310-Electric motor," 735,37",0 dagen,10.0,1.0,2024-11-12,
000285383,"Motor, servo",2,Critical,2.0,2226.78,2.0,445.3559999999999,222.678,0.0440647745131475,72.01956976740199,A,0.0004406477451314,0.7201956976740199,2.0,1.0,1.0,2.0,Uitgeschakeld,000285383,1470.74,Custom Approved Racupack,Sigma Control B.V.,310-Electric motor," 735,37",0 dagen,10.0,1.0,2024-11-29,
000691131,"Cylinder, semi-rotary",1,Critical,5.0,12059.18,5.0,2411.836,482.3672,0.0954535333555103,46.0894386128189,A,0.0009545353335551,0.4608943861281891,5.0,1.0,1.0,5.0,Uitgeschakeld,000691131,1474.0,Custom Approved,Koppe B.V. Technisch Bureau,510-Cylinder,737,2 dagen,8.0,0.0,2025-03-05,
000548817,"Motor, servo",2,Critical,3.0,3769.39,3.0,753.8779999999999,251.2926666666666,0.0497272056219034,68.00883098994639,A,0.000497272056219,0.6800883098994639,3.0,1.0,1.0,3.0,Uitgeschakeld,000548817,1476.0,Custom Approved,Groneman B.V.,310-Electric motor," 738,00",0 dagen,10.0,0.0,2024-01-16,
000551525,Transportband eindl. dmv VLV-las,3,Wear,2.0,2432.92,1.0,486.584,486.584,0.0962879774459325,45.70616360858175,A,0.0009628797744593,0.4570616360858176,2.0,2.0,2.0,1.0,Uitgeschakeld,000551525,1477.78,Custom Approved,YONGLI Nederland Wormer B.V.,350-Conveyor," 399,40",0 dagen,7.0,0.0,2022-10-28,
000308170,"Hotmelt, hose, heated",2,Wear,4.0,4927.92,4.0,985.584,246.396,0.0487582256933396,68.79555965445202,A,0.0004875822569333,0.6879555965445202,4.0,1.0,1.0,4.0,Uitgeschakeld,000308170,1487.18,Standard Approved,Robatech B.V.,670-Hotmelt," 756,97",0 dagen,10.0,1.0,2026-02-11,
BELTENDL-00000799,"Conveyor belt, welded",3,Wear,3.0,4774.52,1.0,954.904,954.904,0.1889617718935082,24.82404181275102,A,0.001889617718935,0.2482404181275102,3.0,3.0,3.0,1.0,Uitgeschakeld,BELTENDL-00000799,1492.1,Custom Approved,YONGLI Nederland Wormer B.V.,350-Conveyor," 403,27",0 dagen,7.0,1.0,2023-09-26,
000593729,"Motor, servo",2,Critical,11.0,14660.22,9.0,2932.044,325.7826666666667,0.0644677055971338,58.92017376869588,A,0.0006446770559713,0.5892017376869587,11.0,1.222222222222222,2.0,9.0,Uitgeschakeld,000593729,1497.22,Standard Approved,Bosch Rexroth B.V.,310-Electric motor,748.61,25 dagen,10.0,0.0,2025-12-24,
000683255,"Safety sensor, light curtain",2,Critical,1.0,1330.65,1.0,266.13,266.13,0.0526633005558876,66.27025904164029,A,0.0005266330055588,0.6627025904164029,1.0,1.0,1.0,1.0,Uitgeschakeld,000683255,1498.86,Custom Approved,Schmersal Nederland B.V.,660-Sensor and lighting," 749,43",0 dagen,10.0,0.0,2024-07-02,
000608495,"Vision, camera",1,Critical,6.0,8938.6,6.0,1787.72,297.9533333333333,0.0589606806634423,62.28958397335739,A,0.0005896068066344,0.6228958397335739,6.0,1.0,1.0,6.0,Uitgeschakeld,000608495,1506.0,Standard Approved,Balluff GmbH,660-Sensor and lighting,753,20 dagen,10.0,1.0,2026-05-04,
MOTODRUM-00000102,"Motor, drum",2,Critical,1.0,1049.31,1.0,209.862,209.862,0.0415286723828944,73.51804318794206,A,0.0004152867238289,0.7351804318794205,1.0,1.0,1.0,1.0,Uitgeschakeld,MOTODRUM-00000102,1506.0,Custom Approved,Van der Graaf B.V.,310-Electric motor," 753,00",0 dagen,10.0,1.0,2023-11-02,
REX_HCS01-W018-ME,Servocontroller HCS01 STO 18A ET 2E,3,Wear,2.0,1989.45,1.0,397.89,397.89,0.0787367100972537,52.38073015526308,A,0.0007873671009725,0.5238073015526308,2.0,2.0,2.0,1.0,Uitgeschakeld,REX_HCS01-W018-ME,1506.38,Custom approved,Bosch Rexroth B.V.,610-Motor control," 753,19",15 dagen,10.0,1.0,2021-09-03,
000732631,"Motor, drum",2,Critical,1.0,1432.6,1.0,286.52,286.52,0.0566981883864011,64.1949411170229,A,0.000566981883864,0.6419494111702291,1.0,1.0,1.0,1.0,Uitgeschakeld,000732631,1508.0,Custom Approved,Van der Graaf B.V.,310-Electric motor," 754,00",0 dagen,10.0,0.0,2025-10-15,
000296883,"Conveyor belt, welded",3,Wear,1.0,1226.55,1.0,245.31,245.31,0.0485433219079577,68.89269181196097,A,0.0004854332190795,0.6889269181196097,1.0,1.0,1.0,1.0,Uitgeschakeld,000296883,1509.05,Custom Approved,YONGLI Nederland Wormer B.V.,350-Conveyor," 407,85",0 dagen,7.0,1.0,2021-09-20,
BELTENDL-00000174,"Conveyor belt, welded",3,Wear,3.0,6131.26,3.0,1226.252,408.7506666666666,0.0808858798748209,51.98385114775439,A,0.0008088587987482,0.5198385114775439,3.0,1.0,1.0,3.0,Uitgeschakeld,BELTENDL-00000174,1510.79,Custom Approved,YONGLI Nederland Wormer B.V.,350-Conveyor," 414,44",0 dagen,7.0,1.0,2025-11-20,
BELTENDL-00000341,"Transport belt endless, VLV welded",3,Wear,1.0,2108.54,1.0,421.708,421.708,0.0834499498396357,50.91593752467971,A,0.0008344994983963,0.5091593752467971,1.0,1.0,1.0,1.0,Uitgeschakeld,BELTENDL-00000341,1511.45,Custom approved,YONGLI Nederland Wormer B.V.,350-Conveyor," 408,50",0 dagen,7.0,1.0,2023-02-01,
REDUPLAN-00000052,Planetary gearbox,1,Critical,2.0,2874.99,2.0,574.9979999999999,287.499,0.0568919184102398,63.96788477982894,A,0.0005689191841023,0.6396788477982893,2.0,1.0,1.0,2.0,Uitgeschakeld,REDUPLAN-00000052,1526.0,Custom approved,Harmonic Drive Ag,310-Electric motor," 763,00",0 dagen,10.0,1.0,2026-04-14,
LINIUNIT-00000006,"Linear actuator, drive",1,Wear,7.0,10749.27,3.0,2149.854,716.618,0.1418083985937665,32.59146773717057,A,0.0014180839859376,0.3259146773717057,7.0,2.333333333333333,5.0,3.0,Uitgeschakeld,LINIUNIT-00000006,1529.46,Custom Approved,Festo B.V.,330-Linear motion," 764,73",0 dagen,10.0,1.0,2026-02-25,
000264777,"Reductor, servo",2,Critical,2.0,2700.18,1.0,540.036,540.036,0.1068653597076592,42.75802166178383,A,0.0010686535970765,0.4275802166178383,2.0,2.0,2.0,1.0,Uitgeschakeld,000264777,1532.92,Custom Approved,Apex Dynamics B.V.,370-Gear," 766,46",0 dagen,10.0,1.0,2022-07-04,
REDUPLAN-00000011,"Reductor, servo",2,Critical,2.0,2333.42,1.0,466.684,466.684,0.0923500535701494,47.95943679026997,A,0.0009235005357014,0.4795943679026997,2.0,2.0,2.0,1.0,Uitgeschakeld,REDUPLAN-00000011,1532.92,Custom Approved,Apex Dynamics B.V.,370-Gear," 766,46",0 dagen,10.0,1.0,2022-04-08,
000264778,"Reductor, servo",2,Critical,1.0,1349.11,1.0,269.822,269.822,0.0533938942719374,65.95220434159748,A,0.0005339389427193,0.6595220434159748,1.0,1.0,1.0,1.0,Uitgeschakeld,000264778,1532.92,Custom Approved,Apex Dynamics B.V.,370-Gear," 766,46",0 dagen,10.0,1.0,2022-08-03,
000303128,"Conveyor belt, welded",3,Wear,1.0,1192.44,1.0,238.488,238.488,0.0471933461953651,69.51238225411657,A,0.0004719334619536,0.6951238225411658,1.0,1.0,1.0,1.0,Uitgeschakeld,000303128,1534.06,Custom Approved,YONGLI Nederland Wormer B.V.,350-Conveyor," 414,61",0 dagen,7.0,1.0,2025-03-20,
BECK_AX8206-0100,Servo Controller 2x6A STO,3,Wear,4.0,4944.559999999999,4.0,988.912,247.228,0.0489228665307593,68.64922086243051,A,0.0004892286653075,0.6864922086243052,4.0,1.0,1.0,4.0,Uitgeschakeld,BECK_AX8206-0100,1536.92,Custom approved,Beckhoff Automation B.V.,630-Automation," 768,46",0 dagen,10.0,1.0,2024-12-20,
000666541,"Conveyor belt, welded",3,Wear,1.0,1305.88,1.0,261.176,261.176,0.0516829751850017,66.74019983935601,A,0.00051682975185,0.6674019983935601,1.0,1.0,1.0,1.0,Uitgeschakeld,000666541,1548.64,Custom Approved,YONGLI Nederland Wormer B.V.,350-Conveyor," 418,55",0 dagen,7.0,0.0,2024-08-05,
KEBA_HCS01-W009-M,Converter HCS01-9A STO MEM,Onbekend,Onbekend,4.0,5301.650000000001,2.0,1060.33,530.1650000000001,0.1049120307338976,43.28639579696792,A,0.0010491203073389,0.4328639579696792,4.0,2.0,3.0,2.0,Geselecteerd,KEBA_HCS01-W009-M,1564.0,Custom approved,ABI B.V.,610-Motor control," 782,00",0 dagen,10.0,1.0,2023-01-06,
MOTSBERVRDM39135#,Stepping motor with planetary equa.,Onbekend,Onbekend,2.0,1212.85,2.0,242.57,121.285,0.0240005576519777,86.71182979868351,B,0.0002400055765197,0.867118297986835,2.0,1.0,1.0,2.0,Geselecteerd,MOTSBERVRDM39135#,1564.0,Custom approved,ABI B.V.,310-Electric motor," 782,00",31 dagen,10.0,1.0,2024-11-04,
BELTENDL-00000272,"Transport belt endless, VLV welded",3,Wear,1.0,1296.96,1.0,259.392,259.392,0.0513299472355345,67.04891090802775,A,0.0005132994723553,0.6704891090802775,1.0,1.0,1.0,1.0,Uitgeschakeld,BELTENDL-00000272,1565.33,Custom approved,YONGLI Nederland Wormer B.V.,350-Conveyor," 423,06",0 dagen,7.0,1.0,2022-01-07,
REX_01-28AV20-E01,Servo Controller W0028-A-03-E-S3-EC-NN-L4-NN-FW,3,Wear,6.0,5778.01,6.0,1155.602,192.6003333333333,0.0381128367395538,76.37906833979578,A,0.0003811283673955,0.7637906833979577,6.0,1.0,1.0,6.0,Uitgeschakeld,REX_01-28AV20-E01,1572.7,Standard Approved,Bosch Rexroth B.V.,610-Motor control," 808,37",0 dagen,10.0,0.0,2026-04-02,
SIE_6AV7862-2BD00-0AA0,"Monitor 15,6 IFP1500 Basic Flat Panel",1,Critical,2.0,2647.06,2.0,529.412,264.706,0.0523815114303039,66.53255337723346,A,0.000523815114303,0.6653255337723345,2.0,1.0,1.0,2.0,Uitgeschakeld,SIE_6AV7862-2BD00-0AA0,1576.0,Custom Approved,Solar Nederland B.V.,630-Automation," 788,00",0 dagen,10.0,0.0,2024-10-23,
BELTENDL-00000399,"Conveyor belt, welded",3,Wear,8.0,38043.17,2.0,7608.634,3804.317,0.7528196354446052,4.403786404742551,A,0.007528196354446,0.0440378640474255,8.0,4.0,7.0,2.0,Uitgeschakeld,BELTENDL-00000399,1581.72,Custom Approved,YONGLI Nederland Wormer B.V.,350-Conveyor," 427,49",0 dagen,7.0,1.0,2024-05-21,
VENSNORP72F3GCPFB,"Air valve, soft-start",2,Wear,1.0,669.96,1.0,133.992,133.992,0.0265150902494438,84.79376437680006,B,0.0002651509024944,0.8479376437680005,1.0,1.0,1.0,1.0,Uitgeschakeld,VENSNORP72F3GCPFB,1610.88,Custom Approved,Norgren B.V.,500-Air supply," 805,44",25 dagen,8.0,1.0,2023-09-04,
000687550,"Conveyor belt, welded",3,Wear,2.0,2861.38,1.0,572.2760000000001,572.2760000000001,0.1132451921576716,40.77037697534095,A,0.0011324519215767,0.4077037697534095,2.0,2.0,2.0,1.0,Uitgeschakeld,000687550,1634.07,Custom Approved,YONGLI Nederland Wormer B.V.,350-Conveyor," 448,26",0 dagen,7.0,0.0,2026-02-16,
000271314,Servomotor,Onbekend,Onbekend,1.0,1448.86,1.0,289.772,289.772,0.0573417124288155,63.68251691915796,A,0.0005734171242881,0.6368251691915796,1.0,1.0,1.0,1.0,Uitgeschakeld,000271314,1638.98,Custom approved Racupack,Sigma Control B.V.,310-Electric motor," 819,49",0 dagen,10.0,0.0,2025-03-20,
BELTENDL-00000288,"Transport belt endless, VLV welded",3,Wear,1.0,1233.28,1.0,246.656,246.656,0.0488096759550333,68.69803053838555,A,0.0004880967595503,0.6869803053838555,1.0,1.0,1.0,1.0,Uitgeschakeld,BELTENDL-00000288,1640.7,Custom approved,YONGLI Nederland Wormer B.V.,350-Conveyor," 443,43",0 dagen,7.0,1.0,2024-05-02,
000586207,"Linear actuator, drive",1,Wear,1.0,1408.39,1.0,281.678,281.678,0.0557400262051678,64.58727697407743,A,0.0005574002620516,0.6458727697407742,1.0,1.0,1.0,1.0,Uitgeschakeld,000586207,1640.98,Custom Approved,Festo B.V.,330-Linear motion," 820,49",0 dagen,10.0,0.0,2024-08-27,
REDUAPE100#A,Gearbox,1,Critical,10.0,17580.93,8.0,3516.186,439.52325,0.0869753316651656,49.29599491774113,A,0.0008697533166516,0.4929599491774113,10.0,1.25,2.0,8.0,Uitgeschakeld,REDUAPE100#A,1641.6,Custom approved,Apex Dynamics B.V.,310-Electric motor,820.8,15 dagen,10.0,2.0,2025-07-31,
REDUPLAN-00000006,"Reductor, servo",2,Critical,6.0,7502.860000000001,6.0,1500.572,250.0953333333333,0.0494902705706167,68.2073316403579,A,0.0004949027057061,0.682073316403579,6.0,1.0,1.0,6.0,Uitgeschakeld,REDUPLAN-00000006,1641.6,Custom Approved,Apex Dynamics B.V.,370-Gear,820.8,15 dagen,10.0,1.0,2025-03-20,
BECK_CP2913-0000,Touch panel 12.1 inch,1,Critical,8.0,11449.79,7.0,2289.958,327.1368571428571,0.064735680421684,58.66173409110625,A,0.0006473568042168,0.5866173409110625,8.0,1.142857142857143,2.0,7.0,Uitgeschakeld,BECK_CP2913-0000,1643.28,Custom approved,Beckhoff Automation B.V.,630-Automation,821.64,21 dagen,10.0,1.0,2025-12-31,
BECK_CP2916-0000,"Touch panel 15,6 Inch - 1366x768",1,Critical,15.0,23803.51,13.0,4760.701999999999,366.2078461538461,0.0724672673803188,55.39432806182941,A,0.0007246726738031,0.5539432806182941,15.0,1.153846153846154,2.0,13.0,Uitgeschakeld,BECK_CP2916-0000,1643.28,Standard Approved,Beckhoff Automation B.V.,630-Automation,821.64,21 dagen,10.0,10.0,2026-04-22,
000515712,"Reductor, servo",2,Critical,2.0,2860.11,2.0,572.0219999999999,286.011,0.0565974646048546,64.25153858162777,A,0.0005659746460485,0.6425153858162777,2.0,1.0,1.0,2.0,Uitgeschakeld,000515712,1656.28,Custom Approved,Apex Dynamics B.V.,370-Gear," 828,14",0 dagen,10.0,0.0,2022-10-04,
REX_01-18AV20-B01,Servo Controller W0018-A-03-B-ET-EC-NN-L4-NN-FW,3,Wear,2.0,2771.74,2.0,554.348,277.174,0.0548487493641363,65.19483505185791,A,0.0005484874936413,0.6519483505185791,2.0,1.0,1.0,2.0,Uitgeschakeld,REX_01-18AV20-B01,1657.78,Custom approved,Bosch Rexroth B.V.,610-Motor control," 828,89",21 dagen,10.0,1.0,2024-11-12,
000589502,"Conveyor belt, welded",3,Wear,1.0,1332.24,1.0,266.448,266.448,0.0527262281836514,66.2175957410844,A,0.0005272622818365,0.662175957410844,1.0,1.0,1.0,1.0,Uitgeschakeld,000589502,1658.9,Custom Approved,YONGLI Nederland Wormer B.V.,350-Conveyor," 448,35",0 dagen,7.0,0.0,2023-08-18,
MOTSBERVRDM3913#A,"Motor, stepper",2,Critical,5.0,8035.08,5.0,1607.016,321.4032,0.063601072112216,59.43148769004919,A,0.0006360107211221,0.5943148769004919,5.0,1.0,1.0,5.0,Uitgeschakeld,MOTSBERVRDM3913#A,1674.0,Standard Approved,ABI B.V.,310-Electric motor,837,30 dagen,10.0,2.0,2025-10-07,
BELTENDL-00000700,"Conveyor belt, welded",3,Wear,4.0,6810.74,1.0,1362.148,1362.148,0.2695495040980018,16.43442921752882,A,0.00269549504098,0.1643442921752882,4.0,4.0,4.0,1.0,Uitgeschakeld,BELTENDL-00000700,1680.17,Custom Approved,YONGLI Nederland Wormer B.V.,350-Conveyor," 454,10",0 dagen,7.0,1.0,2024-07-24,
000688291,"Conveyor belt, welded",3,Wear,1.0,1697.15,1.0,339.43,339.43,0.0671683166410586,57.40762570907963,A,0.0006716831664105,0.5740762570907963,1.0,1.0,1.0,1.0,Uitgeschakeld,000688291,1697.15,Custom Approved,YONGLI Nederland Wormer B.V.,350-Conveyor," 465,57",0 dagen,7.0,0.0,2025-12-09,
000436252,"Linear actuator, adjustment",1,Wear,1.0,1269.25,1.0,253.85,253.85,0.0502332651189722,67.70919268985084,A,0.0005023326511897,0.6770919268985084,1.0,1.0,1.0,1.0,Uitgeschakeld,000436252,1698.72,Custom Approved,Linak Actuator-Systems B.V.,330-Linear motion," 849,36",0 dagen,10.0,1.0,2021-10-01,
000547188,"Conveyor belt, welded",3,Wear,1.0,1300.89,1.0,260.178,260.178,0.0514854853343468,66.843310913045,A,0.0005148548533434,0.6684331091304501,1.0,1.0,1.0,1.0,Uitgeschakeld,000547188,1700.82,Custom Approved,YONGLI Nederland Wormer B.V.,350-Conveyor," 459,68",0 dagen,7.0,0.0,2024-06-05,
000676811,Vacuum pump,1,Critical,1.0,1353.72,1.0,270.744,270.744,0.053576344815328,65.84527130500713,A,0.0005357634481532,0.6584527130500712,1.0,1.0,1.0,1.0,Uitgeschakeld,000676811,1701.5,Custom Approved,Busch B.V.,560-Vacuum component," 878,00",0 dagen,10.0,0.0,2024-12-20,
000619806,"Motor, three-phase geared",1,Critical,4.0,6759.440000000001,2.0,1351.888,675.9440000000001,0.1337595988086609,33.96679443097414,A,0.0013375959880866,0.3396679443097414,4.0,2.0,3.0,2.0,Uitgeschakeld,000619806,1702.24,Custom Approved,SEW-Eurodrive B.V.,310-Electric motor," 840,32",0 dagen,10.0,0.0,2026-03-02,
000573777,"Reductor, servo",2,Critical,1.0,2393.87,1.0,478.774,478.774,0.094742490738904,46.37434261639977,A,0.000947424907389,0.4637434261639977,1.0,1.0,1.0,1.0,Uitgeschakeld,000573777,1706.04,Custom Approved,Apex Dynamics B.V.,370-Gear," 853,02",0 dagen,10.0,0.0,2023-01-05,
SIG_CP 312,CPU Module,1,Critical,3.0,4642.58,3.0,928.516,309.5053333333333,0.0612466553676155,60.61393164854429,A,0.0006124665536761,0.606139316485443,3.0,1.0,1.0,3.0,Uitgeschakeld,SIG_CP 312,1709.74,Custom Approved,Sigma Control B.V.,630-Automation," 854,87",0 dagen,10.0,0.0,2026-04-28,
000531878,"Reductor, servo",2,Critical,2.0,2931.7,2.0,586.3399999999999,293.17,0.0580141277720271,62.93298294216447,A,0.0005801412777202,0.6293298294216447,2.0,1.0,1.0,2.0,Uitgeschakeld,000531878,1722.8,Custom Approved,Apex Dynamics B.V.,370-Gear," 861,40",0 dagen,10.0,0.0,2025-08-13,
000699667,"Reductor, servo",2,Critical,2.0,2803.15,2.0,560.6299999999999,280.3149999999999,0.0554703081025199,64.75390412140786,A,0.0005547030810251,0.6475390412140786,2.0,1.0,1.0,2.0,Uitgeschakeld,000699667,1722.8,Custom Approved,Apex Dynamics B.V.,370-Gear," 820,38",0 dagen,10.0,0.0,2026-01-26,
000269582,"Reductor, servo",2,Critical,4.0,4009.849999999999,3.0,801.9699999999999,267.3233333333333,0.0528994440646866,66.16486951290075,A,0.0005289944406468,0.6616486951290075,4.0,1.333333333333333,2.0,3.0,Uitgeschakeld,000269582,1723.68,Custom Approved Racupack,Apex Dynamics B.V.,370-Gear," 861,84",0 dagen,10.0,1.0,2024-11-12,
000728383,"Conveyor belt, welded",3,Wear,1.0,1433.8,1.0,286.76,286.76,0.0567456809356567,64.1382429286365,A,0.0005674568093565,0.641382429286365,1.0,1.0,1.0,1.0,Uitgeschakeld,000728383,1726.09,Custom Approved,YONGLI Nederland Wormer B.V.,350-Conveyor," 466,51",0 dagen,7.0,0.0,2024-02-01,
000296583,"Conveyor belt, welded",3,Wear,1.0,1520.22,1.0,304.044,304.044,0.060165936024553,61.21974773779599,A,0.0006016593602455,0.6121974773779599,1.0,1.0,1.0,1.0,Uitgeschakeld,000296583,1730.94,Custom Approved,YONGLI Nederland Wormer B.V.,350-Conveyor," 467,82",0 dagen,7.0,1.0,2025-12-17,
000551500,"Reductor, servo",2,Critical,1.0,1461.35,1.0,292.27,292.27,0.0578360307123183,63.04880618820425,A,0.0005783603071231,0.6304880618820424,1.0,1.0,1.0,1.0,Uitgeschakeld,000551500,1732.44,Custom Approved,Lenze B.V.,370-Gear," 866,22",0 dagen,10.0,0.0,2022-07-01,
000748175,"Conveyor Belt, Welded",3,Wear,1.0,1556.02,1.0,311.204,311.204,0.0615827970773473,60.18379436435512,A,0.0006158279707734,0.6018379436435513,1.0,1.0,1.0,1.0,Uitgeschakeld,000748175,1744.62,Custom Approved,YONGLI Nederland Wormer B.V.,350-Conveyor," 478,59",0 dagen,7.0,0.0,2026-02-11,
VENVMAC59B35611JA,Vacuum valve,2,Wear,2.0,2868.48,1.0,573.696,573.696,0.1135261897407677,40.65713178318327,A,0.0011352618974076,0.4065713178318328,2.0,2.0,2.0,1.0,Uitgeschakeld,VENVMAC59B35611JA,1749.08,Custom Approved,Astro Controls B.V.,560-Vacuum component," 874,54",5 dagen,10.0,1.0,2024-06-03,
000271623,"Hotmelt, hose",2,Wear,12.0,16811.13,11.0,3362.226,305.6569090909091,0.0604851075430735,60.91811702866886,A,0.0006048510754307,0.6091811702866886,12.0,1.090909090909091,2.0,11.0,Uitgeschakeld,000271623,1760.3,Custom Approved,Nordson Benelux B.V.,670-Hotmelt," 895,55",5 dagen,5.0,1.0,2024-12-20,
000279439,"Motor, servo",2,Critical,4.0,3783.96,3.0,756.792,252.264,0.0499194185226409,67.85940010315895,A,0.0004991941852264,0.6785940010315895,4.0,1.333333333333333,2.0,3.0,Uitgeschakeld,000279439,1763.74,Custom Approved Racupack,Sigma Control B.V.,310-Electric motor," 0,00",0 dagen,10.0,0.0,2022-07-06,
000523087,"Motor, servo",2,Critical,15.0,20261.69,13.0,4052.338,311.7183076923077,0.0616845711748869,60.12221156727778,A,0.0006168457117488,0.6012221156727778,15.0,1.153846153846154,2.0,13.0,Uitgeschakeld,000523087,1766.82,Standard Approved,Bosch Rexroth B.V.,310-Electric motor,883.41,25 dagen,10.0,0.0,2026-04-14,
BECK_CP6706-COM-1,Panel PC 7-inch display 800 x 480 WVGA,1,Critical,13.0,24147.64,13.0,4829.528,371.5021538461539,0.0735149347505339,54.88400773428486,A,0.0007351493475053,0.5488400773428486,13.0,1.0,1.0,13.0,Uitgeschakeld,BECK_CP6706-COM-1,1781.9,Standard Approved,Beckhoff Automation B.V.,630-Automation,890.95,35 dagen,10.0,0.0,2026-05-04,
000274250,"Conveyor belt, welded",3,Wear,2.0,3605.52,1.0,721.104,721.104,0.1426961134936039,32.4496593385768,A,0.001426961134936,0.324496593385768,2.0,2.0,2.0,1.0,Uitgeschakeld,000274250,1784.22,Custom Approved,YONGLI Nederland Wormer B.V.,350-Conveyor," 489,45",0 dagen,7.0,1.0,2025-11-06,
000804434,"Reductor, servo",2,Critical,1.0,1611.64,1.0,322.328,322.328,0.0637840767353479,59.24052426551305,A,0.0006378407673534,0.5924052426551305,1.0,1.0,1.0,1.0,Uitgeschakeld,000804434,1790.71,Custom Approved,Apex Dynamics B.V.,370-Gear," 852,72",0 dagen,10.0,0.0,2025-07-04,
REDUAPE075-2#F-FG,"Reductor, servo",2,Critical,1.0,1503.85,1.0,300.77,300.77,0.0595180584984568,61.69775082309197,A,0.0005951805849845,0.6169775082309197,1.0,1.0,1.0,1.0,Uitgeschakeld,REDUAPE075-2#F-FG,1790.72,Custom Approved,Apex Dynamics B.V.,370-Gear," 895,36",0 dagen,10.0,1.0,2024-09-19,
000368628,"Reductor, servo",2,Critical,2.0,2728.67,2.0,545.734,272.867,0.0539964559906188,65.63030815393861,A,0.0005399645599061,0.6563030815393862,2.0,1.0,1.0,2.0,Uitgeschakeld,000368628,1790.72,Custom Approved,Apex Dynamics B.V.,370-Gear," 852,73",0 dagen,10.0,1.0,2024-05-15,
BELTENDL-00000647,"Conveyor belt, welded",3,Wear,1.0,1347.5,1.0,269.5,269.5,0.053330175101686,66.00553451669916,A,0.0005333017510168,0.6600553451669916,1.0,1.0,1.0,1.0,Uitgeschakeld,BELTENDL-00000647,1793.06,Custom Approved,YONGLI Nederland Wormer B.V.,350-Conveyor," 484,61",0 dagen,7.0,1.0,2023-02-22,
000498184,"Hotmelt, hose, heated",2,Wear,4.0,6051.62,4.0,1210.324,302.581,0.0598764293597153,61.3995962831442,A,0.0005987642935971,0.613995962831442,4.0,1.0,1.0,4.0,Uitgeschakeld,000498184,1794.16,Standard Approved,Robatech B.V.,670-Hotmelt," 913,23",0 dagen,5.0,0.0,2026-02-11,
000728768,"Conveyor belt, welded",3,Wear,1.0,1513.2,1.0,302.64,302.64,0.0598881046114073,61.33971985378448,A,0.000598881046114,0.6133971985378448,1.0,1.0,1.0,1.0,Uitgeschakeld,000728768,1794.5,Custom Approved,YONGLI Nederland Wormer B.V.,350-Conveyor," 485,00",0 dagen,7.0,0.0,2025-01-17,
000562508,"Reductor, servo",2,Critical,2.0,2917.62,2.0,583.524,291.762,0.0577355048163938,63.2221323574928,A,0.0005773550481639,0.632221323574928,2.0,1.0,1.0,2.0,Uitgeschakeld,000562508,1800.18,Custom Approved,SEW-Eurodrive B.V.,370-Gear," 900,09",0 dagen,10.0,0.0,2023-01-05,
000550115,"Motor, three-phase geared",1,Critical,5.0,8321.45,4.0,1664.29,416.0725,0.0823347654174259,51.49447523626293,A,0.0008233476541742,0.5149447523626293,5.0,1.25,2.0,4.0,Uitgeschakeld,000550115,1802.86,Standard Approved,SEW-Eurodrive B.V.,310-Electric motor," 826,65",0 dagen,10.0,0.0,2025-03-14,
000348761,"Reductor, servo",2,Critical,5.0,9166.0,5.0,1833.2,366.64,0.0725527844129209,55.24938921197094,A,0.0007255278441292,0.5524938921197093,5.0,1.0,1.0,5.0,Uitgeschakeld,000348761,1805.76,Standard Approved,Apex Dynamics B.V.,370-Gear,902.88,15 dagen,10.0,1.0,2026-03-03,
000548992,"Reductor, servo",2,Critical,6.0,11809.72,6.0,2361.944,393.6573333333333,0.0778991262216307,52.92858078701129,A,0.0007789912622163,0.5292858078701129,6.0,1.0,1.0,6.0,Uitgeschakeld,000548992,1805.76,Standard Approved,Apex Dynamics B.V.,370-Gear,902.88,15 dagen,10.0,0.0,2024-02-05,
REDUAPE100#B-FG,"Reductor, servo",2,Critical,31.0,54054.94,26.0,10810.988,415.8072307692308,0.0822822724507245,51.57675750871365,A,0.0008228227245072,0.5157675750871366,31.0,1.192307692307692,3.0,26.0,Uitgeschakeld,REDUAPE100#B-FG,1805.76,Standard Approved,Apex Dynamics B.V.,370-Gear,902.88,15 dagen,10.0,1.0,2026-05-04,
000722799,"Motor, three-phase geared",1,Critical,1.0,1723.17,1.0,344.634,344.634,0.0681981134174192,56.86645111512827,A,0.0006819811341741,0.5686645111512827,1.0,1.0,1.0,1.0,Uitgeschakeld,000722799,1813.86,Custom Approved,SEW-Eurodrive B.V.,310-Electric motor," 901,85",0 dagen,10.0,0.0,2025-11-03,
000235841,"Motor, servo",2,Critical,1.0,1447.78,1.0,289.556,289.556,0.0572989691344853,63.73981588829245,A,0.0005729896913448,0.6373981588829245,1.0,1.0,1.0,1.0,Uitgeschakeld,000235841,1819.72,Custom Approved Racupack,Siemens Nederland N.V.,310-Electric motor," 909,86",0 dagen,10.0,1.0,2024-12-16,
000550114,"Motor, three-phase geared",1,Critical,4.0,6693.860000000001,4.0,1338.772,334.693,0.0662309324501247,58.00786172751826,A,0.0006623093245012,0.5800786172751826,4.0,1.0,1.0,4.0,Uitgeschakeld,000550114,1822.1,Standard Approved,SEW-Eurodrive B.V.,310-Electric motor," 836,47",0 dagen,10.0,0.0,2025-01-10,
000465302,"Motor, drum",2,Critical,1.0,1452.77,1.0,290.554,290.554,0.0574964589851402,63.56780143682958,A,0.0005749645898514,0.6356780143682959,1.0,1.0,1.0,1.0,Uitgeschakeld,000465302,1836.0,Custom Approved,Van der Graaf B.V.,310-Electric motor," 918,00",0 dagen,10.0,0.0,2024-12-20,
BECK_CX5130-COM-1,CPU module CX5130-0175 64Bit TC3 40GB,1,Critical,7.0,10403.46,6.0,2080.692,346.782,0.0686231717332575,56.72991438950189,A,0.0006862317173325,0.5672991438950189,7.0,1.166666666666667,2.0,6.0,Uitgeschakeld,BECK_CX5130-COM-1,1846.88,Custom Approved,Beckhoff Automation B.V.,630-Automation,923.44,45 dagen,10.0,0.0,2026-03-10,
BELTENDL-00000945,"Conveyor belt, welded",3,Wear,1.0,1848.64,1.0,369.728,369.728,0.0731638552133439,55.10377560479181,A,0.0007316385521334,0.551037756047918,1.0,1.0,1.0,1.0,Uitgeschakeld,BELTENDL-00000945,1848.64,Custom Approved,YONGLI Nederland Wormer B.V.,350-Conveyor," 499,63",0 dagen,7.0,1.0,2025-12-01,
000539676,"Motor, servo",2,Critical,1.0,1554.15,1.0,310.83,310.83,0.0615087878547572,60.42992427300437,A,0.0006150878785475,0.6042992427300438,1.0,1.0,1.0,1.0,Uitgeschakeld,000539676,1852.6,Custom Approved,Sigma Control B.V.,310-Electric motor," 926,30",0 dagen,10.0,0.0,2024-12-06,
000591891,"Motor, servo",2,Critical,4.0,6783.97,4.0,1356.794,339.1985,0.0671225061195891,57.47474821519922,A,0.0006712250611958,0.5747474821519922,4.0,1.0,1.0,4.0,Uitgeschakeld,000591891,1858.62,Standard Approved,Bosch Rexroth B.V.,310-Electric motor," 929,31",0 dagen,10.0,0.0,2025-12-29,
000590304,"Motor, three-phase geared",1,Critical,2.0,3078.53,2.0,615.706,307.853,0.0609196823583649,60.79688406944911,A,0.0006091968235836,0.6079688406944911,2.0,1.0,1.0,2.0,Uitgeschakeld,000590304,1862.3,Standard Approved,SEW-Eurodrive B.V.,310-Electric motor," 892,20",0 dagen,10.0,0.0,2024-12-20,
000590368,"Motor, three-phase geared",1,Critical,2.0,3222.08,2.0,644.4159999999999,322.208,0.0637603304607201,59.30428459597377,A,0.0006376033046072,0.5930428459597377,2.0,1.0,1.0,2.0,Uitgeschakeld,000590368,1867.62,Custom Approved,SEW-Eurodrive B.V.,310-Electric motor," 933,81",0 dagen,10.0,0.0,2024-12-20,
BECK_CX5140-COM-2,CPU module CX5140-0175 64Bit TC3 40GB Displayport,1,Critical,2.0,3408.63,2.0,681.726,340.863,0.0674518867372394,57.34045739243857,A,0.0006745188673723,0.5734045739243857,2.0,1.0,1.0,2.0,Uitgeschakeld,BECK_CX5140-COM-2,1867.74,,Beckhoff Automation B.V.,630-Automation," 933,87",0 dagen,10.0,0.0,2025-11-25,
000742992,"Reductor, servo",2,Critical,1.0,1652.94,1.0,330.588,330.588,0.0654186119722308,58.33657182952734,A,0.0006541861197223,0.5833657182952734,1.0,1.0,1.0,1.0,Uitgeschakeld,000742992,1869.84,Custom Approved,Apex Dynamics B.V.,370-Gear," 934,92",0 dagen,10.0,0.0,2025-04-28,
000346934,"Reductor, servo",2,Critical,1.0,1528.19,1.0,305.638,305.638,0.0604813657058595,61.03908317810496,A,0.0006048136570585,0.6103908317810496,1.0,1.0,1.0,1.0,Uitgeschakeld,000346934,1869.84,Standard Approved,Apex Dynamics B.V.,370-Gear," 934,92",0 dagen,10.0,1.0,2024-01-16,
000400266,"Reductor, servo",2,Critical,3.0,6655.4,2.0,1331.08,665.54,0.1317007967984273,34.76286374534372,A,0.0013170079679842,0.3476286374534373,3.0,1.5,2.0,2.0,Uitgeschakeld,000400266,1882.18,Custom Approved,Apex Dynamics B.V.,370-Gear," 941,09",0 dagen,10.0,1.0,2025-06-27,
000551458,"Motor, servo",2,Critical,3.0,4573.11,3.0,914.622,304.874,0.0603301810907289,61.09941335919569,A,0.0006033018109072,0.6109941335919569,3.0,1.0,1.0,3.0,Uitgeschakeld,000551458,1886.4,Custom Approved,Groneman B.V.,310-Electric motor," 943,20",0 dagen,10.0,0.0,2023-01-05,
000367981,"Reductor, servo",2,Critical,2.0,2992.51,2.0,598.5020000000001,299.251,0.0592174702387928,61.93504502029189,A,0.0005921747023879,0.6193504502029189,2.0,1.0,1.0,2.0,Uitgeschakeld,000367981,1896.04,Custom Approved,Apex Dynamics B.V.,370-Gear," 948,02",0 dagen,10.0,1.0,2024-05-15,
REDUPLAN-00000046,"Reductor, servo",2,Critical,1.0,1496.01,1.0,299.202,299.202,0.0592077738433197,61.99425279413521,A,0.0005920777384331,0.6199425279413521,1.0,1.0,1.0,1.0,Uitgeschakeld,REDUPLAN-00000046,1896.04,Custom Approved,Apex Dynamics B.V.,370-Gear," 948,02",0 dagen,10.0,1.0,2023-03-09,
000368322,"Reductor, servo",2,Critical,2.0,2946.95,2.0,589.39,294.695,0.0583159033454225,62.81677184030578,A,0.0005831590334542,0.6281677184030577,2.0,1.0,1.0,2.0,Uitgeschakeld,000368322,1896.04,Custom Approved,Apex Dynamics B.V.,370-Gear," 948,02",0 dagen,10.0,1.0,2024-05-15,
000678348,Vacuum pump,1,Critical,18.0,32044.07,10.0,6408.814,640.8814,0.1268212144022773,36.45049151496272,A,0.0012682121440227,0.3645049151496272,18.0,1.8,4.0,10.0,Uitgeschakeld,000678348,1898.0,Standard Approved,Busch B.V.,560-Vacuum component,949,10 dagen,10.0,0.0,2026-04-07,
SLAHNRD2300_10FT,"Hotmelt, hose",2,Wear,17.0,25285.75,14.0,5057.15,361.225,0.0714812337703397,55.68229220824443,A,0.0007148123377033,0.5568229220824443,17.0,1.214285714285714,3.0,14.0,Uitgeschakeld,SLAHNRD2300_10FT,1898.02,Standard Approved,Nordson Benelux B.V.,670-Hotmelt," 965,63",5 dagen,5.0,1.0,2024-12-20,
REDUPLAN-00000009,"Reductor, servo",2,Critical,1.0,1445.85,1.0,289.17,289.17,0.0572225852844325,63.79703847357688,A,0.0005722258528443,0.6379703847357688,1.0,1.0,1.0,1.0,Uitgeschakeld,REDUPLAN-00000009,1898.82,Custom Approved,Apex Dynamics B.V.,370-Gear," 949,41",0 dagen,10.0,1.0,2021-06-11,
000254962,"Motor, drum",2,Critical,2.0,2871.24,1.0,574.2479999999999,574.2479999999999,0.1136354226040558,40.54360559344251,A,0.0011363542260405,0.4054360559344251,2.0,2.0,2.0,1.0,Uitgeschakeld,000254962,1905.0,Custom Approved,Van der Graaf B.V.,310-Electric motor," 952,50",0 dagen,10.0,1.0,2023-07-17,
000548820,"Motor, servo",2,Critical,8.0,13545.99,8.0,2709.198,338.64975,0.0670139163845722,57.54176213158379,A,0.0006701391638457,0.575417621315838,8.0,1.0,1.0,8.0,Uitgeschakeld,000548820,1907.4,Standard Approved,Groneman B.V.,310-Electric motor,953.7,25 dagen,10.0,0.0,2024-02-05,
000333427,"Linear actuator, drive",1,Wear,3.0,8939.21,2.0,1787.842,893.9209999999999,0.1768941130132628,27.20712276957346,A,0.0017689411301326,0.2720712276957346,3.0,1.5,2.0,2.0,Uitgeschakeld,000333427,1908.6,Custom Approved,Festo B.V.,330-Linear motion," 954,30",0 dagen,10.0,1.0,2024-07-08,
000583480,"Motor, three-phase geared",1,Critical,2.0,3214.08,2.0,642.816,321.408,0.0636020219632012,59.36788661793697,A,0.000636020219632,0.5936788661793697,2.0,1.0,1.0,2.0,Uitgeschakeld,000583480,1913.6,Standard Approved,SEW-Eurodrive B.V.,310-Electric motor," 956,80",0 dagen,10.0,0.0,2024-11-04,
BELTENDL-00000607,"Conveyor belt, welded",3,Wear,2.0,4395.24,1.0,879.048,879.048,0.1739509601587642,28.08586949302635,A,0.0017395096015876,0.2808586949302635,2.0,2.0,2.0,1.0,Uitgeschakeld,BELTENDL-00000607,1918.57,Custom Approved,YONGLI Nederland Wormer B.V.,350-Conveyor," 518,53",0 dagen,7.0,1.0,2025-07-24,
000367976,"Motor, servo",2,Critical,2.0,2957.15,2.0,591.4300000000001,295.715,0.0585177466797591,62.6415945829481,A,0.0005851774667975,0.626415945829481,2.0,1.0,1.0,2.0,Uitgeschakeld,000367976,1922.0,Custom Approved,Beckhoff Automation B.V.,310-Electric motor," 961,00",0 dagen,10.0,1.0,2024-05-15,
BELTENDL-00000819,"Conveyor belt, welded",3,Wear,2.0,3323.4,1.0,664.6800000000001,664.6800000000001,0.1315306151635945,34.89439436050732,A,0.0013153061516359,0.3489439436050732,2.0,2.0,2.0,1.0,Uitgeschakeld,BELTENDL-00000819,1952.46,Custom Approved,YONGLI Nederland Wormer B.V.,350-Conveyor," 527,69",0 dagen,7.0,1.0,2026-05-04,
REX_01-18AV20-B02,Servo Controller W0018-A-03-B-ET-EC-NN-L4-NN-FW,3,Wear,6.0,5278.08,6.0,1055.616,175.936,0.0348152047743608,78.96115827586131,A,0.0003481520477436,0.7896115827586131,6.0,1.0,1.0,6.0,Uitgeschakeld,REX_01-18AV20-B02,1973.9,Standard Approved,Bosch Rexroth B.V.,610-Motor control," 1.014,59",0 dagen,0.0,0.0,2026-04-02,
000401793,"Motor, servo",2,Critical,2.0,3197.76,2.0,639.552,319.776,0.0632790726282626,59.68493880303451,A,0.0006327907262826,0.596849388030345,2.0,1.0,1.0,2.0,Uitgeschakeld,000401793,1983.02,Standard Approved,Sigma Control B.V.,310-Electric motor," 991,51",0 dagen,10.0,1.0,2024-06-28,
BECK_CX5140-COM-1,CPU module CX5140-0175 64Bit TC3 40GB,1,Critical,27.0,43521.82,23.0,8704.364,378.4506086956521,0.0748899340596616,54.06964817912998,A,0.0007488993405966,0.5406964817912998,27.0,1.173913043478261,2.0,23.0,Uitgeschakeld,BECK_CX5140-COM-1,1998.5,Custom approved,Beckhoff Automation B.V.,630-Automation,999.25,45 dagen,10.0,1.0,2026-02-23,
000605778,"Motor, servo",2,Critical,1.0,1852.26,1.0,370.452,370.452,0.0733071244035985,54.95731485868846,A,0.0007330712440359,0.5495731485868846,1.0,1.0,1.0,1.0,Uitgeschakeld,000605778,2002.44,Standard Approved,Bosch Rexroth B.V.,310-Electric motor," 1.001,22",0 dagen,10.0,0.0,2025-11-25,
CILLNOR32M462,Lintra-Cylinder with Rollerguide,1,Critical,1.0,2313.71,1.0,462.742,462.742,0.0915699884486249,48.14283362270444,A,0.0009156998844862,0.4814283362270445,1.0,1.0,1.0,1.0,Uitgeschakeld,CILLNOR32M462,2013.32,Custom approved,Norgren B.V.,510-Cylinder," 1.006,66",25 dagen,8.0,1.0,2024-02-28,
000585158,"Conveyor belt, welded",3,Wear,3.0,5039.12,3.0,1007.824,335.9413333333333,0.0664779596681282,57.94163079506814,A,0.0006647795966812,0.5794163079506813,3.0,1.0,1.0,3.0,Uitgeschakeld,000585158,2024.09,Custom Approved,YONGLI Nederland Wormer B.V.,350-Conveyor," 547,05",0 dagen,7.0,0.0,2024-04-22,
000318614,Hose-2300 Hiflex,Onbekend,Onbekend,1.0,1505.52,1.0,301.104,301.104,0.059584152296171,61.5786553262738,A,0.0005958415229617,0.615786553262738,1.0,1.0,1.0,1.0,Uitgeschakeld,000318614,2028.9,Custom approved Racupack,Nordson Benelux B.V.,670-Hotmelt," 1.032,21",5 dagen,5.0,1.0,2022-09-02,
000442764,"Motor, servo",2,Critical,1.0,1794.77,1.0,358.954,358.954,0.0710318355230078,55.8957658742369,A,0.00071031835523,0.558957658742369,1.0,1.0,1.0,1.0,Uitgeschakeld,000442764,2030.28,Standard Approved,Dynamic Drives,310-Electric motor," 1.015,14",0 dagen,10.0,1.0,2023-05-30,
000271624,Hose-2300,Onbekend,Onbekend,3.0,6283.12,2.0,1256.624,628.312,0.1243339108663844,37.45548055821959,A,0.0012433391086638,0.3745548055821959,3.0,1.5,2.0,2.0,Uitgeschakeld,000271624,2041.5,Custom approved,Nordson Benelux B.V.,670-Hotmelt," 1.020,75",5 dagen,5.0,1.0,2023-02-03,
000552922,"Motor, three-phase geared",1,Critical,3.0,5582.3,3.0,1116.46,372.1533333333334,0.0736437938083221,54.81049279953433,A,0.0007364379380832,0.5481049279953433,3.0,1.0,1.0,3.0,Uitgeschakeld,000552922,2043.52,Standard Approved,SEW-Eurodrive B.V.,310-Electric motor," 949,50",0 dagen,10.0,0.0,2025-01-10,
REDUPLAN-00000010,Planetary gearbox,1,Critical,2.0,2656.3,1.0,531.26,531.26,0.1051287154898766,43.18148376623402,A,0.0010512871548987,0.4318148376623402,2.0,2.0,2.0,1.0,Uitgeschakeld,REDUPLAN-00000010,2058.22,Custom approved,Apex Dynamics B.V.,310-Electric motor," 1.029,11",0 dagen,10.0,1.0,2024-03-07,
BELTENDL-00000630,"Conveyor belt, welded",3,Wear,1.0,1554.39,1.0,310.878,310.878,0.0615182863646084,60.36841548514962,A,0.000615182863646,0.6036841548514962,1.0,1.0,1.0,1.0,Uitgeschakeld,BELTENDL-00000630,2068.16,Custom Approved,YONGLI Nederland Wormer B.V.,350-Conveyor," 558,96",0 dagen,7.0,1.0,2022-11-08,
BECK_CX5140-0125,CPU module CX5140-0125 32Bit TC3 40GB,1,Critical,8.0,10377.88,5.0,2075.576,415.1152,0.0821453295115823,51.65890283822524,A,0.0008214532951158,0.5165890283822524,8.0,1.6,4.0,5.0,Uitgeschakeld,BECK_CX5140-0125,2075.02,Custom approved,Beckhoff Automation B.V.,630-Automation,1037.51,45 dagen,10.0,1.0,2025-12-19,
PEN_761000-PMD0,Weighing unit Penko 1020 & ETH,Onbekend,Onbekend,6.0,10441.6,5.0,2088.32,417.664,0.0826497003846776,51.08190340422362,A,0.0008264970038467,0.5108190340422362,6.0,1.2,2.0,5.0,Uitgeschakeld,PEN_761000-PMD0,2089.6,Custom approved,Penko Engineering B.V.,804-Check weigher/Metal detection,1044.8,10 dagen,10.0,1.0,2025-12-02,
000282727,"Conveyor belt, welded",3,Wear,1.0,1704.55,1.0,340.91,340.91,0.0674611873614686,57.27300550570133,A,0.0006746118736146,0.5727300550570134,1.0,1.0,1.0,1.0,Uitgeschakeld,000282727,2094.28,Custom Approved,YONGLI Nederland Wormer B.V.,350-Conveyor," 566,02",0 dagen,7.0,1.0,2021-12-17,
000739665,"Conveyor belt, welded",3,Wear,1.0,1876.84,1.0,375.368,375.368,0.0742799301208523,54.36752690970474,A,0.0007427993012085,0.5436752690970474,1.0,1.0,1.0,1.0,Uitgeschakeld,000739665,2104.34,Custom Approved,YONGLI Nederland Wormer B.V.,350-Conveyor," 577,27",0 dagen,7.0,0.0,2025-07-01,
000593746,"Motor, servo",2,Critical,9.0,11810.46,9.0,2362.092,262.4546666666667,0.0519360049335361,66.688516864171,A,0.0005193600493353,0.6668851686417101,9.0,1.0,1.0,9.0,Uitgeschakeld,000593746,2105.28,Standard Approved,Bosch Rexroth B.V.,310-Electric motor,1052.64,30 dagen,10.0,0.0,2026-04-02,
000628320,"Conveyor belt, welded",3,Wear,2.0,3359.27,1.0,671.854,671.854,0.1329502466150954,34.23319708723927,A,0.0013295024661509,0.3423319708723927,2.0,2.0,2.0,1.0,Uitgeschakeld,000628320,2126.02,Custom Approved,YONGLI Nederland Wormer B.V.,350-Conveyor," 574,60",0 dagen,7.0,0.0,2023-10-25,
000310427,Timing belt AT10 incl inserts,3,Wear,1.0,1358.45,1.0,271.69,271.69,0.0537635446136441,65.73798088698362,A,0.0005376354461364,0.6573798088698363,1.0,1.0,1.0,1.0,Uitgeschakeld,000310427,2133.0,Custom approved Racupack,YONGLI Nederland Wormer B.V.,360-Drive belt," 1.066,50",0 dagen,3.0,1.0,2023-10-16,
PISTHOTM-00000003,"Hotmelt, pistol",1,Critical,26.0,51323.44,13.0,10264.688,789.5913846153845,0.1562487821904312,30.5482138575009,A,0.0015624878219043,0.305482138575009,26.0,2.0,6.0,13.0,Uitgeschakeld,PISTHOTM-00000003,2139.4,Standard Approved,Nordson Benelux B.V.,670-Hotmelt,1069.7,2 dagen,10.0,1.0,2026-02-18,
000537339,"Reductor, servo",2,Critical,3.0,8168.16,3.0,1633.632,544.544,0.1077574280911783,42.65115630207617,A,0.0010775742809117,0.4265115630207617,3.0,1.0,1.0,3.0,Uitgeschakeld,000537339,2140.74,Standard Approved,Apex Dynamics B.V.,370-Gear," 1.070,37",0 dagen,10.0,0.0,2023-05-30,
000283850,"Reductor, servo",2,Critical,6.0,14551.79,5.0,2910.358,582.0716,0.1151836005555421,40.08565294856161,A,0.0011518360055554,0.4008565294856161,6.0,1.2,2.0,5.0,Uitgeschakeld,000283850,2147.76,Custom Approved Racupack,Wilhelm Vogel GmbH Antriebstechnik,370-Gear,1073.88,35 dagen,10.0,0.0,2026-02-27,
BECK_CX2033-COM-1,CPU module CX2033 / Flashdisk 40GB / PC 50,1,Critical,3.0,6496.200000000001,3.0,1299.24,433.0800000000001,0.0857003051318672,49.98581652761197,A,0.0008570030513186,0.4998581652761197,3.0,1.0,1.0,3.0,Uitgeschakeld,BECK_CX2033-COM-1,2165.4,Standard Approved,Beckhoff Automation B.V.,630-Automation," 1.082,70",0 dagen,10.0,0.0,2026-04-22,
REX_01-18AV20-B03,Servo Controller W0018-A-03-B-ET-EC-EM-L4-NN-FW,3,Wear,4.0,8211.78,4.0,1642.356,410.5890000000001,0.0812496596097446,51.82192991839833,A,0.0008124965960974,0.5182192991839834,4.0,1.0,1.0,4.0,Uitgeschakeld,REX_01-18AV20-B03,2169.6,Custom Approved,Bosch Rexroth B.V.,610-Motor control," 1.115,17",0 dagen,10.0,0.0,2026-05-05,
SIE_6AV2124-0GC01,Touch panel TP700 Comfort 7inch,1,Critical,1.0,1494.49,1.0,298.898,298.898,0.0591476166142625,62.05340041074947,A,0.0005914761661426,0.6205340041074947,1.0,1.0,1.0,1.0,Uitgeschakeld,SIE_6AV2124-0GC01,2180.4,Custom approved,Solar Nederland B.V.,"699-Electro part, Miscellaneous"," 1.090,20",0 dagen,10.0,1.0,2022-01-13,
000591903,"Conveyor belt, welded",3,Wear,1.0,1753.25,1.0,350.65,350.65,0.0693885933187615,56.45361777723963,A,0.0006938859331876,0.5645361777723963,1.0,1.0,1.0,1.0,Uitgeschakeld,000591903,2183.15,Custom Approved,YONGLI Nederland Wormer B.V.,350-Conveyor," 590,04",0 dagen,7.0,0.0,2022-11-03,
000859775,"Conveyor belt, welded",3,Wear,1.0,2145.41,1.0,429.082,429.082,0.0849091584155164,50.49658880269006,A,0.0008490915841551,0.5049658880269006,1.0,1.0,1.0,1.0,Uitgeschakeld,000859775,2198.76,Custom Approved,YONGLI Nederland Wormer B.V.,350-Conveyor," 594,26",0 dagen,7.0,0.0,2026-04-22,
000669632,"Conveyor belt, welded",3,Wear,1.0,2201.87,1.0,440.374,440.374,0.0871436828579959,49.20901958607596,A,0.0008714368285799,0.4920901958607596,1.0,1.0,1.0,1.0,Uitgeschakeld,000669632,2201.87,Standard Approved,YONGLI Nederland Wormer B.V.,350-Conveyor," 604,03",0 dagen,7.0,0.0,2026-03-09,
REDUPLAN-00000008,"Reductor, servo",2,Critical,106.0,343653.68,56.0,68730.736,1227.334571428572,0.2428718649448555,18.48868707742898,A,0.0024287186494485,0.1848868707742898,106.0,1.892857142857143,11.0,56.0,Uitgeschakeld,REDUPLAN-00000008,2204.0,Standard Approved,Wittenstein B.V.,370-Gear,1102,20 dagen,5.0,30.0,2026-05-04,
000577054,"Reductor, servo",2,Critical,2.0,3891.56,2.0,778.312,389.156,0.0770083770755909,53.16063306711635,A,0.0007700837707559,0.5316063306711635,2.0,1.0,1.0,2.0,Uitgeschakeld,000577054,2220.04,Custom Approved,SEW-Eurodrive B.V.,370-Gear," 1.148,53",0 dagen,10.0,0.0,2024-08-16,
000631303,"Reductor, servo",2,Critical,2.0,3652.09,2.0,730.418,365.209,0.0722696100879839,55.53901906027738,A,0.0007226961008798,0.5553901906027737,2.0,1.0,1.0,2.0,Uitgeschakeld,000631303,2220.04,Custom Approved,SEW-Eurodrive B.V.,370-Gear," 1.148,53",0 dagen,10.0,0.0,2025-04-28,
000510232,Electromechanical cylinder,1,Critical,3.0,5914.55,3.0,1182.91,394.3033333333333,0.0780269603333772,52.85068166078967,A,0.0007802696033337,0.5285068166078967,3.0,1.0,1.0,3.0,Uitgeschakeld,000510232,2237.4,Custom Approved,Festo B.V.,330-Linear motion," 1.118,70",0 dagen,10.0,0.0,2025-10-15,
BELTENDL-00000159,"Conveyor belt, weld prepared",3,Wear,1.0,1683.9,1.0,336.78,336.78,0.0666439197430272,57.808539258119,A,0.0006664391974302,0.57808539258119,1.0,1.0,1.0,1.0,Uitgeschakeld,BELTENDL-00000159,2252.01,Standard Approved,YONGLI Nederland Wormer B.V.,350-Conveyor," 608,65",0 dagen,7.0,1.0,2022-03-25,
000417457,"Motor, servo",2,Critical,2.0,3889.88,2.0,777.976,388.988,0.0769751322911119,53.23760819940746,A,0.0007697513229111,0.5323760819940746,2.0,1.0,1.0,2.0,Uitgeschakeld,000417457,2296.84,Custom Approved,Dynamic Drives,310-Electric motor," 1.148,42",0 dagen,10.0,1.0,2026-04-28,
000582810,"Reductor, servo",2,Critical,1.0,2177.59,1.0,435.518,435.518,0.0861827502780561,49.64168368526335,A,0.0008618275027805,0.4964168368526334,1.0,1.0,1.0,1.0,Uitgeschakeld,000582810,2311.74,Custom Approved,SEW-Eurodrive B.V.,370-Gear," 1.180,14",0 dagen,10.0,0.0,2024-12-06,
000472291,"Chain, roller",2,Wear,2.0,2483.61,1.0,496.7219999999999,496.7219999999999,0.098294141880741,45.12150400845668,A,0.0009829414188074,0.4512150400845668,2.0,2.0,2.0,1.0,Uitgeschakeld,000472291,2312.22,Custom Approved,Tsubakimoto Europe B.V.,300-Chain," 219,71",0 dagen,10.0,0.0,2026-02-03,
000595059,"Conveyor belt, welded",3,Wear,1.0,1868.57,1.0,373.714,373.714,0.0739526273022319,54.5894170469678,A,0.0007395262730223,0.545894170469678,1.0,1.0,1.0,1.0,Uitgeschakeld,000595059,2326.75,Custom Approved,YONGLI Nederland Wormer B.V.,350-Conveyor," 628,85",0 dagen,7.0,0.0,2023-03-17,
000291587,"Conveyor belt, weld prepared",3,Wear,1.0,1751.42,1.0,350.284,350.284,0.0693161671811466,56.52293394442077,A,0.0006931616718114,0.5652293394442077,1.0,1.0,1.0,1.0,Uitgeschakeld,000291587,2329.89,Custom Approved,YONGLI Nederland Wormer B.V.,350-Conveyor," 629,70",0 dagen,7.0,1.0,2023-01-27,
000554880,"Reductor, servo",2,Critical,4.0,9971.64,4.0,1994.328,498.582,0.0986622091374725,45.02320986657594,A,0.0009866220913747,0.4502320986657594,4.0,1.0,1.0,4.0,Uitgeschakeld,000554880,2354.24,Custom Approved,SEW-Eurodrive B.V.,370-Gear," 1.177,12",0 dagen,10.0,0.0,2024-02-05,
000480611,"Reductor, servo",2,Critical,4.0,9223.95,3.0,1844.79,614.9300000000001,0.1216858054741367,38.19475973806203,A,0.0012168580547413,0.3819475973806203,4.0,1.333333333333333,2.0,3.0,Uitgeschakeld,000480611,2375.12,Custom Approved,Wilhelm Vogel GmbH Antriebstechnik,370-Gear," 1.187,56",0 dagen,10.0,0.0,2025-12-03,
REDUWITTP010X#A,Reductor,Onbekend,Onbekend,2.0,10669.9,2.0,2133.98,1066.99,0.2111419797096402,23.01637881989651,A,0.0021114197970964,0.2301637881989651,2.0,1.0,1.0,2.0,Geselecteerd,REDUWITTP010X#A,2414.0,Custom approved,Wittenstein B.V.,310-Electric motor," 1.207,00",0 dagen,10.0,1.0,2023-01-23,
000380938,"Reductor, servo",2,Critical,2.0,3761.99,2.0,752.3979999999999,376.199,0.07444437307265,54.21896131078,A,0.0007444437307265,0.5421896131078,2.0,1.0,1.0,2.0,Uitgeschakeld,000380938,2419.96,Custom Approved,Apex Dynamics B.V.,370-Gear," 1.209,98",0 dagen,10.0,1.0,2024-05-15,
000287013,"Motor, servo",2,Critical,2.0,2724.26,2.0,544.8520000000001,272.426,0.0539091884313615,65.68421734236999,A,0.0005390918843136,0.6568421734236999,2.0,1.0,1.0,2.0,Uitgeschakeld,000287013,2427.74,Custom Approved Racupack,Sigma Control B.V.,310-Electric motor," 0,00",0 dagen,10.0,0.0,2021-11-18,
MOTTVIMBX60-4,Vibration motor,Onbekend,Onbekend,4.0,6456.76,1.0,1291.352,1291.352,0.255539993610065,17.48835636450933,A,0.0025553999361006,0.1748835636450933,4.0,4.0,4.0,1.0,Uitgeschakeld,MOTTVIMBX60-4,2446.0,Custom approved,Friedrich Swingtechnik GmbH,310-Electric motor," 1.223,00",21 dagen,10.0,1.0,2024-06-27,
000627891,"Safety sensor, light curtain",2,Critical,1.0,1896.52,1.0,379.304,379.304,0.0750588079286454,53.9198225219985,A,0.0007505880792864,0.539198225219985,1.0,1.0,1.0,1.0,Uitgeschakeld,000627891,2452.9,Custom Approved,Schmersal Nederland B.V.,660-Sensor and lighting," 1.226,45",0 dagen,10.0,0.0,2024-05-15,
000412982,"Motor, drum",2,Critical,1.0,2386.8,1.0,477.36,477.36,0.0944626804695394,46.5634781318693,A,0.0009446268046953,0.465634781318693,1.0,1.0,1.0,1.0,Uitgeschakeld,000412982,2502.32,Custom Approved,ActionPaq Corporation,310-Electric motor," 1.159,40",0 dagen,10.0,1.0,2022-12-16,
000539962,Vacuum pump,1,Critical,66.0,188909.8,40.0,37781.96,944.549,0.1869126662787476,25.57398970309177,A,0.0018691266627874,0.2557398970309177,66.0,1.65,13.0,40.0,Uitgeschakeld,000539962,2506.0,Standard Approved,Busch B.V.,560-Vacuum component,1253,10 dagen,10.0,0.0,2026-05-04,
000676943,Vacuum pump,1,Critical,3.0,5264.19,3.0,1052.838,350.946,0.0694471674628435,56.38422918392087,A,0.0006944716746284,0.5638422918392086,3.0,1.0,1.0,3.0,Uitgeschakeld,000676943,2528.0,Custom Approved,Busch B.V.,560-Vacuum component," 1.225,00",0 dagen,10.0,0.0,2024-07-19,
CYLISERV-00000010,"Linear actuator, drive",1,Wear,7.0,14707.62,1.0,2941.524,2941.524,0.5820853060698035,6.272376043644694,A,0.005820853060698,0.0627237604364469,7.0,7.0,7.0,1.0,Uitgeschakeld,CYLISERV-00000010,2538.9,Custom Approved,Bosch Rexroth B.V.,330-Linear motion," 1.269,45",0 dagen,10.0,1.0,2025-02-05,
AB_25B-D024N114,"Frequency inverter PFlex525 11,0kW 3P+STO",1,Critical,1.0,2087.31,1.0,417.462,417.462,0.082609727489054,51.24713671119526,A,0.0008260972748905,0.5124713671119526,1.0,1.0,1.0,1.0,Uitgeschakeld,AB_25B-D024N114,2550.08,Custom Approved,Routeco B.V.,610-Motor control," 1.275,04",0 dagen,10.0,0.0,2023-01-06,
000617963,"Reductor, servo",2,Critical,1.0,2105.16,1.0,421.032,421.032,0.0833161791592322,50.99925370383895,A,0.0008331617915923,0.5099925370383894,1.0,1.0,1.0,1.0,Uitgeschakeld,000617963,2576.7,Custom Approved,Apex Dynamics B.V.,370-Gear," 1.288,35",0 dagen,10.0,0.0,2023-04-28,
KEBA_CP507/C,Motion controller,3,Wear,3.0,7835.190000000001,3.0,1567.038,522.346,0.103364763056272,43.91129939601853,A,0.0010336476305627,0.4391129939601853,3.0,1.0,1.0,3.0,Uitgeschakeld,KEBA_CP507/C,2598.18,Custom Approved,ABI B.V.,630-Automation," 1.204,50",0 dagen,10.0,0.0,2026-01-26,
BELTENDL-00000751,"Conveyor belt, welded",3,Wear,2.0,4205.4,1.0,841.0799999999999,841.0799999999999,0.1664376388665162,28.93808806577876,A,0.0016643763886651,0.2893808806577876,2.0,2.0,2.0,1.0,Uitgeschakeld,BELTENDL-00000751,2639.77,Custom Approved,YONGLI Nederland Wormer B.V.,350-Conveyor," 713,45",0 dagen,7.0,1.0,2024-02-13,
SCHN_LXM62DD15D21,Multi-axis servo drive Lexium 62,1,Critical,1.0,1599.78,1.0,319.956,319.956,0.0633146920402043,59.55836561847071,A,0.000633146920402,0.5955836561847071,1.0,1.0,1.0,1.0,Uitgeschakeld,SCHN_LXM62DD15D21,2642.98,Custom approved,Schneider Electric The Netherlands B.V.,610-Motor control," 1.321,49",21 dagen,10.0,1.0,2023-05-05,
BELTENDL-00000160,"Conveyor belt, welded",3,Wear,1.0,2084.2,1.0,416.84,416.84,0.0824866426322331,51.4121404708455,A,0.0008248664263223,0.514121404708455,1.0,1.0,1.0,1.0,Uitgeschakeld,BELTENDL-00000160,2648.72,Custom Approved,YONGLI Nederland Wormer B.V.,350-Conveyor," 715,87",0 dagen,7.0,1.0,2023-09-21,
BELTENDL-00000823,"Transport belt endless, VLV welded",3,Wear,1.0,1986.35,1.0,397.27,397.27,0.0786140210116765,52.45934417627475,A,0.0007861402101167,0.5245934417627476,1.0,1.0,1.0,1.0,Uitgeschakeld,BELTENDL-00000823,2648.98,Custom approved,YONGLI Nederland Wormer B.V.,350-Conveyor," 715,94",0 dagen,7.0,1.0,2024-12-12,
SLAHNRD2300_16FT,"Hotmelt, hose, Blue series,",2,Wear,6.0,12013.02,5.0,2402.604,480.5208000000001,0.0950881573432366,46.18452677016214,A,0.0009508815734323,0.4618452677016214,6.0,1.2,2.0,5.0,Uitgeschakeld,SLAHNRD2300_16FT,2650.08,Standard Approved,Nordson Benelux B.V.,670-Hotmelt," 1.348,23",5 dagen,5.0,1.0,2024-11-28,
000705908,"Vacuum pump, high flow",1,Critical,5.0,13958.73,4.0,2791.746,697.9365,0.1381115983482669,33.14926580139743,A,0.0013811159834826,0.3314926580139743,5.0,1.25,2.0,4.0,Uitgeschakeld,000705908,2652.0,Standard Approved,Busch B.V.,560-Vacuum component," 1.285,00",0 dagen,10.0,0.0,2025-01-10,
000498412,"Motor, drum",2,Critical,4.0,13838.06,3.0,2767.612,922.5373333333332,0.1825568739313885,26.31062286947568,A,0.0018255687393138,0.2631062286947567,4.0,1.333333333333333,2.0,3.0,Uitgeschakeld,000498412,2661.72,Custom Approved,ActionPaq Corporation,310-Electric motor," 1.233,25",0 dagen,10.0,0.0,2024-08-27,
000583550,"Reductor, servo",2,Critical,2.0,1936.24,1.0,387.248,387.248,0.0766308113090082,53.39106849918986,A,0.00076630811309,0.5339106849918986,2.0,2.0,2.0,1.0,Uitgeschakeld,000583550,2682.24,Custom Approved,Apex Dynamics B.V.,370-Gear," 1.341,12",0 dagen,10.0,0.0,2026-03-25,
BELTENDL-00000500,"Transport belt endless, VLV welded",3,Wear,2.0,3235.62,1.0,647.124,647.124,0.1280565351855418,36.19587339131083,A,0.0012805653518554,0.3619587339131083,2.0,2.0,2.0,1.0,Uitgeschakeld,BELTENDL-00000500,2685.8,Custom approved,YONGLI Nederland Wormer B.V.,350-Conveyor," 725,89",0 dagen,7.0,1.0,2021-10-11,
000403829,"Reductor, servo",2,Critical,1.0,2378.16,1.0,475.6319999999999,475.6319999999999,0.0941207341148985,46.75177243556015,A,0.0009412073411489,0.4675177243556015,1.0,1.0,1.0,1.0,Uitgeschakeld,000403829,2690.22,Custom Approved,Apex Dynamics B.V.,370-Gear," 1.345,11",0 dagen,10.0,1.0,2025-06-27,
REDUPLAN-00000054,"Reductor, servo",2,Critical,1.0,2413.32,1.0,482.664,482.664,0.0955122658080898,45.99398507946339,A,0.0009551226580808,0.459939850794634,1.0,1.0,1.0,1.0,Uitgeschakeld,REDUPLAN-00000054,2730.0,Standard Approved,Wittenstein B.V.,370-Gear," 1.365,00",0 dagen,10.0,1.0,2023-10-24,
CYLISERV-00000008,"Linear actuator, drive",1,Wear,1.0,2429.06,1.0,485.812,485.812,0.0961352097458268,45.8984728136553,A,0.0009613520974582,0.4589847281365531,1.0,1.0,1.0,1.0,Uitgeschakeld,CYLISERV-00000008,2747.8,Custom Approved,Bosch Rexroth B.V.,330-Linear motion," 1.373,90",0 dagen,10.0,1.0,2024-11-12,
000271316,"Motor, servo",2,Critical,26.0,67141.18000000001,19.0,13428.236,706.7492631578948,0.1398555174664124,32.87294287034746,A,0.0013985551746641,0.3287294287034746,26.0,1.368421052631579,6.0,19.0,Uitgeschakeld,000271316,2748.64,Custom Approved Racupack,Sigma Control B.V.,310-Electric motor,1374.32,55 dagen,10.0,0.0,2026-06-05,
SIG_ETT 0833,"8,4"" TFT touch screen +I/O",Onbekend,Onbekend,1.0,2629.45,1.0,525.89,525.89,0.1040660697002809,43.70421248847284,A,0.0010406606970028,0.4370421248847284,1.0,1.0,1.0,1.0,Uitgeschakeld,SIG_ETT 0833,2767.84,Custom Approved,Sigma Control B.V.,630-Automation," 1.383,92",0 dagen,10.0,0.0,2026-04-28,
CILLNOR32M462600,"Cylinder, rodless, magnetic",1,Critical,3.0,8266.27,2.0,1653.254,826.6270000000001,0.1635775979732151,29.43118994636378,A,0.0016357759797321,0.2943118994636378,3.0,1.5,2.0,2.0,Uitgeschakeld,CILLNOR32M462600,2770.68,Custom Approved,Norgren B.V.,510-Cylinder," 1.385,34",25 dagen,8.0,1.0,2025-03-04,
BELTENDL-00000917,"Conveyor belt, welded",3,Wear,12.0,36478.79,4.0,7295.758,1823.9395,0.3609314022630121,9.607112206072024,A,0.0036093140226301,0.0960711220607202,12.0,3.0,5.0,4.0,Uitgeschakeld,BELTENDL-00000917,2779.26,Custom Approved,YONGLI Nederland Wormer B.V.,350-Conveyor," 769,93",0 dagen,7.0,1.0,2026-03-11,
000594873,"Conveyor belt, welded",3,Wear,2.0,4467.72,1.0,893.5440000000001,893.5440000000001,0.176819510133807,27.38394227970727,A,0.001768195101338,0.2738394227970727,2.0,2.0,2.0,1.0,Uitgeschakeld,000594873,2781.59,Custom Approved,YONGLI Nederland Wormer B.V.,350-Conveyor," 751,78",0 dagen,7.0,0.0,2023-06-23,
000588514,"Conveyor belt, welded",3,Wear,1.0,2249.64,1.0,449.928,449.928,0.0890342820896156,48.68177491605979,A,0.0008903428208961,0.4868177491605979,1.0,1.0,1.0,1.0,Uitgeschakeld,000588514,2801.23,Custom Approved,YONGLI Nederland Wormer B.V.,350-Conveyor," 757,09",0 dagen,7.0,0.0,2023-01-06,
000479476,"Reductor, servo",2,Critical,1.0,1683.99,1.0,336.798,336.798,0.0666474816842214,57.74189533837597,A,0.0006664748168422,0.5774189533837597,1.0,1.0,1.0,1.0,Uitgeschakeld,000479476,2816.36,Custom Approved,Apex Dynamics B.V.,370-Gear," 1.408,18",0 dagen,10.0,0.0,2025-06-25,
BECK_CX2043-COM-1,basis CPU module CX2043 64bit & TC3 PL60,1,Critical,1.0,2346.15,1.0,469.23,469.23,0.0928538703635033,47.3113849269409,A,0.000928538703635,0.473113849269409,1.0,1.0,1.0,1.0,Uitgeschakeld,BECK_CX2043-COM-1,2876.2,Standard approved,Beckhoff Automation B.V.,630-Automation," 1.438,10",0 dagen,10.0,0.0,2024-12-20,
000555010,"Reductor, three-phase",Onbekend,Onbekend,2.0,6592.96,2.0,1318.592,659.296,0.1304651989752921,35.68034143425711,A,0.0013046519897529,0.3568034143425711,2.0,1.0,1.0,2.0,Uitgeschakeld,000555010,2896.78,Custom Approved,SEW-Eurodrive B.V.,370-Gear," 1.448,39",0 dagen,10.0,0.0,2023-05-23,
SIG_ETT 1264,"12"" TFT touch color display",1,Critical,1.0,2468.07,1.0,493.614,493.614,0.09767911336788,45.41534436841398,A,0.0009767911336788,0.4541534436841398,1.0,1.0,1.0,1.0,Uitgeschakeld,SIG_ETT 1264,2938.88,Standard Approved,Sigma Control B.V.,630-Automation," 1.469,44",0 dagen,10.0,0.0,2024-06-28,
AB_2198-H025-ERS,"Kinetix 5500 Servo Drive 20A, 5,1kW",1,Critical,1.0,1863.48,1.0,372.696,372.696,0.0737511797391391,54.66316822670694,A,0.0007375117973913,0.5466316822670694,1.0,1.0,1.0,1.0,Uitgeschakeld,AB_2198-H025-ERS,2973.52,Custom approved,Routeco B.V.,610-Motor control," 1.486,76",0 dagen,10.0,1.0,2023-04-27,
BELTENDL-00000800,"Conveyor belt, welded",3,Wear,1.0,2473.51,1.0,494.7020000000001,494.7020000000001,0.0978944129245058,45.31766525504609,A,0.000978944129245,0.453176652550461,1.0,1.0,1.0,1.0,Uitgeschakeld,BELTENDL-00000800,2977.32,Custom Approved,YONGLI Nederland Wormer B.V.,350-Conveyor," 804,68",0 dagen,7.0,1.0,2025-04-29,
000636439,"Hotmelt, pistol",1,Critical,1.0,2358.33,1.0,471.666,471.666,0.0933359197384484,47.03243104058591,A,0.0009333591973844,0.4703243104058591,1.0,1.0,1.0,1.0,Geselecteerd,000636439,2978.62,Custom Approved,Nordson Benelux B.V.,670-Hotmelt," 1.489,31",0 dagen,10.0,0.0,2024-05-15,
000469477,"Reductor, servo",2,Critical,1.0,2373.02,1.0,474.604,474.604,0.0939173076955867,46.84568974325573,A,0.0009391730769558,0.4684568974325573,1.0,1.0,1.0,1.0,Uitgeschakeld,000469477,2982.68,Custom Approved,Apex Dynamics B.V.,370-Gear," 1.491,34",0 dagen,10.0,0.0,2024-05-15,
000510592,"Hotmelt, pistol",1,Critical,1.0,2342.41,1.0,468.482,468.482,0.0927058519183231,47.49692683951675,A,0.0009270585191832,0.4749692683951676,1.0,1.0,1.0,1.0,Uitgeschakeld,000510592,2988.34,Custom Approved,Nordson Benelux B.V.,670-Hotmelt," 1.494,18",5 dagen,10.0,1.0,2025-01-16,
000510593,"Hotmelt, pistol",1,Critical,1.0,2342.41,1.0,468.482,468.482,0.0927058519183231,47.58963269143508,A,0.0009270585191832,0.4758963269143508,1.0,1.0,1.0,1.0,Uitgeschakeld,000510593,2988.36,Custom Approved,Nordson Benelux B.V.,670-Hotmelt," 1.494,18",5 dagen,10.0,1.0,2025-01-16,
000310372,"Reductor, servo",2,Critical,2.0,4758.99,2.0,951.798,475.899,0.0941735695759454,46.65765170144525,A,0.0009417356957594,0.4665765170144525,2.0,1.0,1.0,2.0,Uitgeschakeld,000310372,2989.82,Custom Approved Racupack,Wilhelm Vogel GmbH Antriebstechnik,370-Gear," 1.494,91",0 dagen,10.0,0.0,2023-10-10,
000326847,"Reductor, servo",2,Critical,2.0,4670.71,2.0,934.142,467.071,0.0924266353058242,47.77467692167186,A,0.0009242663530582,0.4777467692167186,2.0,1.0,1.0,2.0,Uitgeschakeld,000326847,2990.9,Standard Approved,Apex Dynamics B.V.,370-Gear," 1.495,45",0 dagen,10.0,1.0,2024-03-29,
REDUPLAN-00000027,"Reductor, servo",2,Critical,1.0,5992.0,1.0,1198.4,1198.4,0.2371461292833418,19.44336963788678,A,0.0023714612928334,0.1944336963788678,1.0,1.0,1.0,1.0,Uitgeschakeld,REDUPLAN-00000027,2996.0,Custom Approved,Wittenstein B.V.,370-Gear," 1.365,00",0 dagen,10.0,1.0,2026-04-08,
000385371,"Conveyor belt, welded",3,Wear,1.0,2494.01,1.0,498.802,498.802,0.0987057439742902,44.82588426098726,A,0.0009870574397429,0.4482588426098726,1.0,1.0,1.0,1.0,Uitgeschakeld,000385371,3010.21,Custom Approved,YONGLI Nederland Wormer B.V.,350-Conveyor," 813,57",0 dagen,7.0,1.0,2022-08-29,
BELTENDL-00000839,"Conveyor belt, welded",3,Wear,2.0,5263.36,1.0,1052.672,1052.672,0.2083086533752953,23.43507946647445,A,0.0020830865337529,0.2343507946647445,2.0,2.0,2.0,1.0,Uitgeschakeld,BELTENDL-00000839,3031.45,Custom Approved,YONGLI Nederland Wormer B.V.,350-Conveyor," 819,31",0 dagen,7.0,1.0,2023-02-13,
000413392,"Motor, drum",2,Critical,14.0,56013.6,1.0,11202.72,11202.72,2.21685721415644,2.21685721415644,A,0.0221685721415644,0.0221685721415644,14.0,14.0,14.0,1.0,Uitgeschakeld,000413392,3058.38,Custom Approved,ActionPaq Corporation,310-Electric motor," 1.417,04",0 dagen,10.0,1.0,2025-12-23,
000679744,"Conveyor belt, welded",3,Wear,1.0,2602.05,1.0,520.4100000000001,520.4100000000001,0.1029816564922763,44.11744502762273,A,0.0010298165649227,0.4411744502762273,1.0,1.0,1.0,1.0,Uitgeschakeld,000679744,3085.76,Custom Approved,YONGLI Nederland Wormer B.V.,350-Conveyor," 833,99",0 dagen,7.0,0.0,2024-08-05,
000344658,"Reductor, servo",2,Critical,2.0,4912.690000000001,2.0,982.538,491.2690000000001,0.0972150715845277,45.60987563113583,A,0.0009721507158452,0.4560987563113583,2.0,1.0,1.0,2.0,Uitgeschakeld,000344658,3110.6,Custom Approved Racupack,Apex Dynamics B.V.,370-Gear," 1.555,30",0 dagen,10.0,1.0,2025-10-29,
000361422,"Reductor, servo",2,Critical,2.0,4694.59,2.0,938.918,469.459,0.0928991861709181,47.2185310565774,A,0.0009289918617091,0.472185310565774,2.0,1.0,1.0,2.0,Uitgeschakeld,000361422,3110.6,Custom Approved,Apex Dynamics B.V.,370-Gear," 1.508,64",0 dagen,10.0,1.0,2024-05-15,
000332792,"Reductor, servo",2,Critical,6.0,13721.86,5.0,2744.372,548.8744,0.1086143519882482,42.43557229386376,A,0.0010861435198824,0.4243557229386377,6.0,1.2,2.0,5.0,Uitgeschakeld,000332792,3110.6,Standard Approved,Apex Dynamics B.V.,370-Gear,1555.3,15 dagen,10.0,1.0,2023-11-02,
000310062,Hotmelt Pistool,1,Critical,1.0,2177.46,1.0,435.492,435.492,0.0861776052518867,49.72786129051523,A,0.0008617760525188,0.4972786129051523,1.0,1.0,1.0,1.0,Uitgeschakeld,000310062,3123.7,Standard Approved,Nordson Benelux B.V.,670-Hotmelt," 1.589,17",5 dagen,10.0,1.0,2021-11-30,
MOTOSERV-00000001,"Motor, servo",2,Critical,16.0,42253.36,13.0,8450.672,650.0516923076923,0.1286358833985773,36.06781685612528,A,0.0012863588339857,0.3606781685612528,16.0,1.230769230769231,3.0,13.0,Uitgeschakeld,MOTOSERV-00000001,3152.74,Standard Approved,Bosch Rexroth B.V.,310-Electric motor,1576.37,30 dagen,10.0,1.0,2026-03-17,
000361279,"Motor, three-phase",1,Critical,7.0,32758.34,7.0,6551.668000000001,935.9525714285716,0.1852115566647832,25.9453051674986,A,0.0018521155666478,0.2594530516749859,7.0,1.0,1.0,7.0,Uitgeschakeld,000361279,3163.7,Custom Approved,TSB Bescom,310-Electric motor,1581.85,35 dagen,10.0,1.0,2026-04-28,
000669634,"Conveyor belt, welded",3,Wear,4.0,14590.92,2.0,2918.184,1459.092,0.2887333278273446,15.61540734304926,A,0.0028873332782734,0.1561540734304926,4.0,2.0,3.0,2.0,Uitgeschakeld,000669634,3182.22,Standard Approved,YONGLI Nederland Wormer B.V.,350-Conveyor," 894,78",0 dagen,7.0,0.0,2026-03-11,
CILMBOSEMC8010480,"Linear actuator, drive",1,Wear,3.0,7478.82,3.0,1495.764,498.588,0.0986633964512039,44.92454765743846,A,0.000986633964512,0.4492454765743846,3.0,1.0,1.0,3.0,Uitgeschakeld,CILMBOSEMC8010480,3185.6,Standard Approved,Bosch Rexroth B.V.,330-Linear motion," 1.637,39",60 dagen,10.0,1.0,2023-10-06,
000681495,Vacuum pump,1,Critical,2.0,5697.46,2.0,1139.492,569.746,0.1127445415342681,40.88312151687521,A,0.0011274454153426,0.4088312151687521,2.0,1.0,1.0,2.0,Uitgeschakeld,000681495,3246.0,Custom Approved,Busch B.V.,560-Vacuum component," 1.623,00",0 dagen,10.0,0.0,2026-05-08,
000588964,"Conveyor belt, welded",3,Wear,3.0,8277.42,1.0,1655.484,1655.484,0.3275964808832641,11.30153475602379,A,0.0032759648088326,0.1130153475602379,3.0,3.0,3.0,1.0,Uitgeschakeld,000588964,3261.11,Custom Approved,YONGLI Nederland Wormer B.V.,350-Conveyor," 894,60",0 dagen,7.0,0.0,2025-07-25,
000480635,"Reductor, servo",2,Critical,3.0,7406.16,2.0,1481.232,740.616,0.1465572577480903,31.43630879667511,A,0.0014655725774809,0.3143630879667511,3.0,1.5,2.0,2.0,Uitgeschakeld,000480635,3282.32,Custom Approved,Wilhelm Vogel GmbH Antriebstechnik,370-Gear," 1.641,16",0 dagen,10.0,0.0,2025-04-21,
REDUAPE090#A,"Reductor, servo",2,Critical,24.0,97216.55,8.0,19443.31,2430.41375,0.4809439363897793,7.299294326277722,A,0.0048094393638977,0.0729929432627772,24.0,3.0,8.0,8.0,Uitgeschakeld,REDUAPE090#A,3305.94,Custom Approved,Apex Dynamics B.V.,370-Gear,1652.97,15 dagen,10.0,1.0,2025-12-22,
000394650,"Motor, servo",2,Critical,2.0,5019.38,1.0,1003.876,1003.876,0.1986526265691288,24.24436517047097,A,0.0019865262656912,0.2424436517047097,2.0,2.0,2.0,1.0,Uitgeschakeld,000394650,3336.52,Standard Approved,Routeco B.V.,310-Electric motor," 1.668,26",0 dagen,10.0,1.0,2025-05-27,
000761916,"Conveyor belt, welded",3,Wear,1.0,2967.36,1.0,593.472,593.472,0.1174395757994354,39.50600131902417,A,0.0011743957579943,0.3950600131902417,1.0,1.0,1.0,1.0,Uitgeschakeld,000761916,3376.95,Custom Approved,YONGLI Nederland Wormer B.V.,350-Conveyor," 912,69",0 dagen,7.0,0.0,2025-06-10,
REDUAPE090H#A,Gearbox,1,Critical,2.0,5387.68,2.0,1077.536,538.768,0.1066144407390917,42.86463610252292,A,0.0010661444073909,0.4286463610252292,2.0,1.0,1.0,2.0,Uitgeschakeld,REDUAPE090H#A,3408.18,Custom approved,Apex Dynamics B.V.,370-Gear," 1.704,09",0 dagen,10.0,1.0,2022-08-05,
000384694,Intralox chain,2,Wear,2.0,16054.47,2.0,3210.894,1605.447,0.3176948780203214,12.26567803017894,A,0.0031769487802032,0.1226567803017894,2.0,1.0,1.0,2.0,Uitgeschakeld,000384694,3430.44,Custom Approved,"Intralox, L.L.C. Europe",350-Conveyor," 1.715,22",0 dagen,10.0,1.0,2025-01-17,
MOTOSERV-00000002,"Motor, servo",2,Critical,11.0,29969.14,11.0,5993.828,544.8934545454546,0.1078265801212309,42.543398873985,A,0.0010782658012123,0.4254339887398499,11.0,1.0,1.0,11.0,Uitgeschakeld,MOTOSERV-00000002,3451.26,Standard Approved,Bosch Rexroth B.V.,310-Electric motor,1725.63,30 dagen,10.0,1.0,2026-03-31,
SLAHNRD2300_20FT,"Hotmelt, hose",2,Wear,2.0,5316.0,1.0,1063.2,1063.2,0.2103919932026443,23.22677081309915,A,0.0021039199320264,0.2322677081309915,2.0,2.0,2.0,1.0,Uitgeschakeld,SLAHNRD2300_20FT,3453.82,Standard Approved,Nordson Benelux B.V.,670-Hotmelt," 1.757,11",5 dagen,10.0,1.0,2024-04-10,
000390059,"Conveyor belt, welded",3,Wear,1.0,2814.74,1.0,562.948,562.948,0.111399315076601,41.66587590400129,A,0.001113993150766,0.4166587590400129,1.0,1.0,1.0,1.0,Uitgeschakeld,000390059,3472.57,Custom Approved,YONGLI Nederland Wormer B.V.,350-Conveyor," 938,53",0 dagen,7.0,1.0,2023-01-31,
SIE_6AV2124-0JC01,Touch panel TP900 Comfort 9inch,1,Critical,4.0,8447.380000000001,4.0,1689.476,422.369,0.0835807522357107,50.83248757484008,A,0.0008358075223571,0.5083248757484008,4.0,1.0,1.0,4.0,Uitgeschakeld,SIE_6AV2124-0JC01,3491.8,Custom approved,Solar Nederland B.V.,"699-Electro part, Miscellaneous"," 1.745,90",0 dagen,10.0,1.0,2025-06-05,
000384668,Intralox chain,2,Wear,3.0,10040.81,3.0,2008.162,669.3873333333335,0.1324621287477454,34.6311629485453,A,0.0013246212874774,0.346311629485453,3.0,1.0,1.0,3.0,Uitgeschakeld,000384668,3499.04,Custom Approved,"Intralox, L.L.C. Europe",350-Conveyor," 1.784,57",0 dagen,10.0,1.0,2026-02-11,
000701615,"Conveyor belt, welded",3,Wear,1.0,3197.5,1.0,639.5,639.5,0.1265478552041865,36.5770393701669,A,0.0012654785520418,0.365770393701669,1.0,1.0,1.0,1.0,Uitgeschakeld,000701615,3585.08,Custom Approved,YONGLI Nederland Wormer B.V.,350-Conveyor," 983,47",0 dagen,7.0,0.0,2025-07-30,
000561083,Conveyor belt eindl. VLV-welded,3,Wear,1.0,2914.3,1.0,582.86,582.86,0.1153396135798469,39.97046934800607,A,0.0011533961357984,0.3997046934800607,1.0,1.0,1.0,1.0,Uitgeschakeld,000561083,3628.85,Custom Approved,YONGLI Nederland Wormer B.V.,350-Conveyor," 980,77",0 dagen,7.0,0.0,2023-01-20,
BELTENDL-00000199,"Transport belt endless, VLV welded",3,Wear,2.0,5401.85,1.0,1080.37,1080.37,0.2137896893306442,22.59350674440895,A,0.0021378968933064,0.2259350674440895,2.0,2.0,2.0,1.0,Uitgeschakeld,BELTENDL-00000199,3630.96,Custom approved,YONGLI Nederland Wormer B.V.,350-Conveyor," 981,34",0 dagen,7.0,1.0,2022-11-07,
BELTENDL-00000626,"Conveyor belt, welded",3,Wear,2.0,6405.18,1.0,1281.036,1281.036,0.2534986055345586,17.74185497004389,A,0.0025349860553455,0.1774185497004389,2.0,2.0,2.0,1.0,Uitgeschakeld,BELTENDL-00000626,3656.86,Custom Approved,YONGLI Nederland Wormer B.V.,350-Conveyor," 1.003,17",0 dagen,7.0,1.0,2025-12-22,
000413650,"Motor, drum",2,Critical,2.0,5963.04,1.0,1192.608,1192.608,0.2359999757613048,19.91575507060085,A,0.002359999757613,0.1991575507060085,2.0,2.0,2.0,1.0,Uitgeschakeld,000413650,3673.78,Custom Approved,ActionPaq Corporation,310-Electric motor," 1.702,16",0 dagen,10.0,1.0,2025-04-07,
KEBA_CP520/C,Motion controller,3,Wear,1.0,3312.0,1.0,662.4,662.4,0.1310794359456655,35.28826313193568,A,0.0013107943594566,0.3528826313193568,1.0,1.0,1.0,1.0,Uitgeschakeld,KEBA_CP520/C,3680.0,Custom Approved,ABI B.V.,630-Automation," 1.840,00",0 dagen,10.0,0.0,2025-09-24,
PLC7SIE-MP277-10,"Touch multi panel 10,4 inchTFT",1,Critical,2.0,7466.82,2.0,1493.364,746.682,0.1477576319305275,30.99572684851291,A,0.0014775763193052,0.3099572684851291,2.0,1.0,1.0,2.0,Geselecteerd,PLC7SIE-MP277-10,3724.0,Custom approved,Solar Nederland B.V.,630-Automation," 0,00",5 dagen,10.0,1.0,2023-07-26,
000365062,"Conveyor belt, welded",3,Wear,1.0,2835.99,1.0,567.198,567.198,0.1122403289696703,41.1076342322853,A,0.0011224032896967,0.411076342322853,1.0,1.0,1.0,1.0,Uitgeschakeld,000365062,3735.71,Custom Approved,YONGLI Nederland Wormer B.V.,350-Conveyor," 1.024,79",0 dagen,7.0,1.0,2023-01-13,
000365059,"Conveyor belt, welded",3,Wear,1.0,2836.8,1.0,567.36,567.36,0.1122723864404179,40.99539390331563,A,0.0011227238644041,0.4099539390331563,1.0,1.0,1.0,1.0,Uitgeschakeld,000365059,3736.75,Custom Approved,YONGLI Nederland Wormer B.V.,350-Conveyor," 1.009,93",0 dagen,7.0,1.0,2023-01-13,
000420825,"Conveyor belt, welded",3,Wear,1.0,3358.74,1.0,671.7479999999999,671.7479999999999,0.1329292707391741,34.36612635797844,A,0.0013292927073917,0.3436612635797844,1.0,1.0,1.0,1.0,Uitgeschakeld,000420825,3765.86,Custom Approved,YONGLI Nederland Wormer B.V.,350-Conveyor," 1.161,74",0 dagen,7.0,1.0,2025-10-24,
PLC7SIE-TP270-10,Touchpanel TP270 10 inch color,1,Critical,3.0,7862.28,3.0,1572.456,524.1519999999999,0.103722144489421,43.80793463296226,A,0.0010372214448942,0.4380793463296226,3.0,1.0,1.0,3.0,Uitgeschakeld,PLC7SIE-TP270-10,3776.2,Custom approved,Solar Nederland B.V.,630-Automation," 1.888,10",21 dagen,10.0,1.0,2025-06-12,
000308737,"Conveyor belt, welded",3,Wear,2.0,5972.780000000001,1.0,1194.556,1194.556,0.2363854569527634,19.67975509483954,A,0.0023638545695276,0.1967975509483954,2.0,2.0,2.0,1.0,Uitgeschakeld,000308737,3841.83,Custom Approved,YONGLI Nederland Wormer B.V.,350-Conveyor," 1.038,33",0 dagen,7.0,1.0,2024-03-29,
REDUAPE140FH,"Reductor, servo",2,Critical,1.0,2392.11,1.0,478.422,478.422,0.0946728349999957,46.46901545139976,A,0.0009467283499999,0.4646901545139976,1.0,1.0,1.0,1.0,Uitgeschakeld,REDUAPE140FH,3846.78,Custom Approved,Apex Dynamics B.V.,370-Gear," 1.923,39",0 dagen,10.0,1.0,2023-03-30,
000644955,"Motor, three-phase geared",1,Critical,1.0,2916.83,1.0,583.366,583.366,0.1154397437045277,39.85512973442623,A,0.0011543974370452,0.3985512973442623,1.0,1.0,1.0,1.0,Uitgeschakeld,000644955,3895.48,Custom Approved,SEW-Eurodrive B.V.,310-Electric motor," 1.914,49",0 dagen,10.0,0.0,2023-09-06,
000554605,Conveyor belt eindl. VLV-welded,3,Wear,1.0,3133.26,1.0,626.652,626.652,0.1240054207340326,37.70369759650567,A,0.0012400542073403,0.3770369759650567,1.0,1.0,1.0,1.0,Uitgeschakeld,000554605,3901.54,Custom Approved,YONGLI Nederland Wormer B.V.,350-Conveyor," 1.054,47",0 dagen,7.0,0.0,2023-01-20,
000271637,Servomotor+gearbox,1,Critical,3.0,17792.29,2.0,3558.458,1779.229,0.3520838371651125,9.959196043237135,A,0.0035208383716511,0.0995919604323713,3.0,1.5,2.0,2.0,Uitgeschakeld,000271637,3908.9,Custom approved Racupack,Sigma Control B.V.,310-Electric motor," 1.954,45",0 dagen,10.0,0.0,2025-03-20,
000643533,"Motor, three-phase geared",1,Critical,1.0,2945.28,1.0,589.056,589.056,0.116565712893131,39.7396899907217,A,0.0011656571289313,0.397396899907217,1.0,1.0,1.0,1.0,Uitgeschakeld,000643533,3924.46,Custom Approved,SEW-Eurodrive B.V.,310-Electric motor," 1.926,60",0 dagen,10.0,0.0,2023-09-06,
MOTOSERV-00000003,"Motor, servo",2,Critical,5.0,14313.28,4.0,2862.656,715.664,0.1416196157104752,32.73308735288104,A,0.0014161961571047,0.3273308735288105,5.0,1.25,2.0,4.0,Uitgeschakeld,MOTOSERV-00000003,3962.5,Standard Approved,Bosch Rexroth B.V.,310-Electric motor," 1.981,25",0 dagen,10.0,1.0,2026-03-30,
000271757,Vacuum pump,1,Critical,2.0,5662.02,2.0,1132.404,566.202,0.1120432348902592,41.21967746717556,A,0.0011204323489025,0.4121967746717556,2.0,1.0,1.0,2.0,Uitgeschakeld,000271757,3984.0,Custom Approved Racupack,Busch B.V.,560-Vacuum component," 1.773,75",0 dagen,10.0,1.0,2025-04-28,
000487950,"Conveyor belt, welded",3,Wear,1.0,3197.44,1.0,639.488,639.488,0.1265454805767237,36.70358485074362,A,0.0012654548057672,0.3670358485074363,1.0,1.0,1.0,1.0,Uitgeschakeld,000487950,4079.11,Custom Approved,YONGLI Nederland Wormer B.V.,350-Conveyor," 1.102,46",0 dagen,7.0,0.0,2022-04-26,
MOTSINDMKD041B#A,"Motor, servo",2,Critical,20.0,70269.92,11.0,14053.984,1277.634909090909,0.2528255785448793,17.99468054858877,A,0.0025282557854487,0.1799468054858877,20.0,1.818181818181818,6.0,11.0,Uitgeschakeld,MOTSINDMKD041B#A,4087.7,Standard Approved,Bosch Rexroth B.V.,310-Electric motor,2043.85,45 dagen,10.0,1.0,2026-05-21,
000292695,"Reductor, servo",2,Critical,1.0,3665.94,1.0,733.188,733.188,0.1450873633486272,31.87305977814015,A,0.0014508736334862,0.3187305977814015,1.0,1.0,1.0,1.0,Uitgeschakeld,000292695,4128.62,Custom Approved Racupack,Wilhelm Vogel GmbH Antriebstechnik,370-Gear," 2.064,31",0 dagen,10.0,0.0,2022-07-25,
000738209,"Conveyor belt, welded",3,Wear,2.0,3453.87,1.0,690.774,690.774,0.1366942425814178,33.56182486981412,A,0.0013669424258141,0.3356182486981413,2.0,2.0,2.0,1.0,Uitgeschakeld,000738209,4157.39,Custom Approved,YONGLI Nederland Wormer B.V.,350-Conveyor," 1.123,62",0 dagen,7.0,0.0,2026-04-07,
SIG_MDP2200-HHH-03,Power/Drive Module,Onbekend,Onbekend,15.0,58847.91,11.0,11769.582,1069.962,0.211730095777923,22.80523684018687,A,0.0021173009577792,0.2280523684018687,15.0,1.363636363636364,3.0,11.0,Uitgeschakeld,SIG_MDP2200-HHH-03,4165.04,Custom Approved,Sigma Control B.V.,630-Automation,2082.52,40 dagen,10.0,0.0,2026-04-28,
000369094,"Motor, three-phase",1,Critical,3.0,14891.06,2.0,2978.212,1489.106,0.2946726668830106,15.32667401522192,A,0.0029467266688301,0.1532667401522192,3.0,1.5,2.0,2.0,Uitgeschakeld,000369094,4173.5,Custom Approved,TSB Bescom,310-Electric motor," 2.086,75",0 dagen,10.0,1.0,2025-10-03,
000643531,"Motor, three-phase geared",1,Critical,1.0,3182.75,1.0,636.55,636.55,0.1259640926195854,36.82954894336321,A,0.0012596409261958,0.3682954894336321,1.0,1.0,1.0,1.0,Uitgeschakeld,000643531,4192.74,Custom Approved,SEW-Eurodrive B.V.,310-Electric motor," 2.008,69",0 dagen,10.0,0.0,2023-09-06,
000368499,"Conveyor belt, welded",3,Wear,1.0,3169.2,1.0,633.8399999999999,633.8399999999999,0.1254278225842401,37.20615813084957,A,0.0012542782258424,0.3720615813084958,1.0,1.0,1.0,1.0,Uitgeschakeld,000368499,4227.4,Custom Approved,YONGLI Nederland Wormer B.V.,350-Conveyor," 1.142,54",0 dagen,7.0,1.0,2023-04-26,
000679821,Vacuum pump,1,Critical,13.0,44360.63,3.0,8872.126,2957.375333333333,0.585222057024393,5.690290737574891,A,0.0058522205702439,0.0569029073757489,13.0,4.333333333333333,11.0,3.0,Uitgeschakeld,000679821,4352.0,Standard Approved,Busch B.V.,560-Vacuum component," 2.176,00",0 dagen,10.0,0.0,2026-04-22,
000699663,"Conveyor belt, welded",3,Wear,2.0,8462.66,1.0,1692.532,1692.532,0.3349277474033653,10.63912530139786,A,0.0033492774740336,0.1063912530139786,2.0,2.0,2.0,1.0,Uitgeschakeld,000699663,4473.12,Custom Approved,YONGLI Nederland Wormer B.V.,350-Conveyor," 1.227,08",0 dagen,7.0,0.0,2026-02-23,
SIE_6AV7886-0CB11-2AA0,Touch panel SIMATIC IPC277G 12inch,1,Critical,1.0,4032.0,1.0,806.4,806.4,0.1595749654990711,30.07483766729188,A,0.0015957496549907,0.3007483766729188,1.0,1.0,1.0,1.0,Uitgeschakeld,SIE_6AV7886-0CB11-2AA0,4480.0,Custom Approved,Solar Nederland B.V.,630-Automation," 2.172,00",0 dagen,10.0,0.0,2025-09-24,
000384708,Intralox chain,2,Wear,4.0,15938.92,2.0,3187.784,1593.892,0.3154083096592825,12.89830688602285,A,0.0031540830965928,0.1289830688602285,4.0,2.0,3.0,2.0,Uitgeschakeld,000384708,4609.14,Custom Approved,"Intralox, L.L.C. Europe",350-Conveyor," 2.350,65",0 dagen,10.0,1.0,2026-02-02,
000384707,Intralox chain,2,Wear,2.0,7644.5,1.0,1528.9,1528.9,0.3025473273208455,14.73304960276796,A,0.0030254732732084,0.1473304960276796,2.0,2.0,2.0,1.0,Uitgeschakeld,000384707,4609.14,Custom Approved,"Intralox, L.L.C. Europe",350-Conveyor," 2.059,84",0 dagen,10.0,1.0,2023-11-15,
000840149,Modular belt,3,Wear,1.0,4731.3,1.0,946.26,946.26,0.1872512485778162,25.19999517832754,A,0.0018725124857781,0.2519999517832754,1.0,1.0,1.0,1.0,Uitgeschakeld,000840149,4731.3,Custom Approved,"Intralox, L.L.C. Europe",350-Conveyor," 2.412,88",0 dagen,7.0,0.0,2026-03-20,
000781702,Ultrasonic Titanium Knife,Onbekend,Onbekend,3.0,12690.9,2.0,2538.18,1269.09,0.2511346638953573,18.24581521248413,A,0.0025113466389535,0.1824581521248413,3.0,1.5,2.0,2.0,Uitgeschakeld,000781702,4780.0,Custom Approved,Dukane IAS France,"899-OEM part, Miscellaneous"," 2.337,00",0 dagen,7.0,0.0,2026-04-10,
SIE_6AV2124-0MC01,Touch panel TP1200 Comfort 12 inch,1,Critical,47.0,195486.33,41.0,39097.266,953.5918536585364,0.1887021169987056,25.01274392974972,A,0.001887021169987,0.2501274392974973,47.0,1.146341463414634,2.0,41.0,Uitgeschakeld,SIE_6AV2124-0MC01,4834.8,Standard approved,Solar Nederland B.V.,"699-Electro part, Miscellaneous",2417.4,2 dagen,10.0,1.0,2026-03-19,
BELTENDL-00000025,"Transport belt endless, VLV welded",3,Wear,1.0,3673.4,1.0,734.6800000000001,734.6800000000001,0.1453826086964999,31.72797241479152,A,0.001453826086965,0.3172797241479152,1.0,1.0,1.0,1.0,Uitgeschakeld,BELTENDL-00000025,4855.59,Custom approved,YONGLI Nederland Wormer B.V.,350-Conveyor," 1.312,32",0 dagen,7.0,1.0,2024-08-20,
SIE_6AV7886-0DB11-2AA0,Touch panel SIMATIC IPC277G 15inch,1,Critical,1.0,4920.0,1.0,984.0,984.0,0.1947194519482713,24.63508004085751,A,0.0019471945194827,0.2463508004085751,1.0,1.0,1.0,1.0,Uitgeschakeld,SIE_6AV7886-0DB11-2AA0,4920.0,Standard Approved,Solar Nederland B.V.,630-Automation," 2.459,99",0 dagen,10.0,0.0,2026-05-04,
000284228,"Reductor, servo",2,Critical,1.0,3649.71,1.0,729.942,729.942,0.1444450266199441,32.16255401576082,A,0.0014444502661994,0.3216255401576082,1.0,1.0,1.0,1.0,Uitgeschakeld,000284228,4921.4,Custom Approved Racupack,Wilhelm Vogel GmbH Antriebstechnik,370-Gear," 2.460,70",0 dagen,10.0,0.0,2024-05-13,
SIE_6AV2144-8MC10-0AA0,Touch panel TP1200 Comfort INOX 12 inch,1,Critical,1.0,4163.86,1.0,832.7719999999999,832.7719999999999,0.1647936051197823,29.10288167089854,A,0.0016479360511978,0.2910288167089854,1.0,1.0,1.0,1.0,Uitgeschakeld,SIE_6AV2144-8MC10-0AA0,5056.0,Custom Approved,Solar Nederland B.V.,"699-Electro part, Miscellaneous"," 2.528,00",0 dagen,10.0,0.0,2023-04-28,
REDUAPE110250,"Reductor, servo",2,Critical,2.0,7574.33,2.0,1514.866,757.433,0.1498851002515599,30.69809895775246,A,0.0014988510025155,0.3069809895775246,2.0,1.0,1.0,2.0,Uitgeschakeld,REDUAPE110250,5129.58,Custom Approved,Apex Dynamics B.V.,370-Gear," 2.564,79",0 dagen,10.0,1.0,2023-11-02,
000396520,"Reductor, servo",2,Critical,1.0,2135.04,1.0,427.008,427.008,0.0844987436356985,50.58108754632575,A,0.0008449874363569,0.5058108754632575,1.0,1.0,1.0,1.0,Uitgeschakeld,000396520,5257.38,Custom Approved,Dynamic Drives,370-Gear," 2.628,69",0 dagen,10.0,1.0,2023-05-31,
BELTENDL-00000577,"Conveyor belt, welded",3,Wear,1.0,4162.27,1.0,832.4540000000001,832.4540000000001,0.1647306774920185,29.26761234839056,A,0.0016473067749201,0.2926761234839056,1.0,1.0,1.0,1.0,Uitgeschakeld,BELTENDL-00000577,5272.87,Custom Approved,YONGLI Nederland Wormer B.V.,350-Conveyor," 1.425,10",0 dagen,7.0,1.0,2022-06-03,
CHAIBELT-00000040,Intralox chain,2,Wear,2.0,12079.04,2.0,2415.808,1207.904,0.2390268342338665,18.96878134242974,A,0.0023902683423386,0.1896878134242974,2.0,1.0,1.0,2.0,Uitgeschakeld,CHAIBELT-00000040,5321.16,Custom Approved,"Intralox, L.L.C. Europe",350-Conveyor," 2.660,58",0 dagen,10.0,1.0,2026-02-11,
CHAIBELT-00000043,Intralox chain,2,Wear,1.0,4439.86,1.0,887.972,887.972,0.1757168914485877,27.91191853286758,A,0.0017571689144858,0.2791191853286759,1.0,1.0,1.0,1.0,Uitgeschakeld,CHAIBELT-00000043,5321.16,Custom Approved,"Intralox, L.L.C. Europe",350-Conveyor," 2.660,58",0 dagen,10.0,1.0,2026-03-02,
BELTENDL-00000591,"Transport belt endless, VLV welded",3,Wear,6.0,36235.82,1.0,7247.164,7247.164,1.434109555141506,3.650966769297946,A,0.014341095551415,0.0365096676929794,6.0,6.0,6.0,1.0,Uitgeschakeld,BELTENDL-00000591,5406.89,Custom approved,YONGLI Nederland Wormer B.V.,350-Conveyor," 1.461,32",0 dagen,7.0,1.0,2025-12-05,
000545322,"Conveyor belt, welded",3,Wear,1.0,4360.36,1.0,872.0719999999999,872.0719999999999,0.1725705100603992,28.60501490242383,A,0.0017257051006039,0.2860501490242383,1.0,1.0,1.0,1.0,Uitgeschakeld,000545322,5538.09,Custom Approved,YONGLI Nederland Wormer B.V.,350-Conveyor," 1.496,78",0 dagen,7.0,0.0,2022-09-02,
AB_5069-L320ERS2,CompactGuardLogix5380Controller,3,Wear,2.0,13394.98,2.0,2678.996,1339.498,0.2650673947619974,17.23281637089927,A,0.0026506739476199,0.1723281637089927,2.0,1.0,1.0,2.0,Uitgeschakeld,AB_5069-L320ERS2,5624.92,Standard approved,Routeco B.V.,630-Automation," 2.812,46",0 dagen,10.0,1.0,2024-03-29,
AB_5069-L320ER,CompactLogix5380Controller,3,Wear,1.0,4210.4,1.0,842.0799999999999,842.0799999999999,0.1666355244884149,28.77165042691224,A,0.0016663552448841,0.2877165042691224,1.0,1.0,1.0,1.0,Uitgeschakeld,AB_5069-L320ER,5624.92,Standard approved,Routeco B.V.,630-Automation," 2.812,46",0 dagen,10.0,1.0,2022-11-19,
KETTINTS400ARB,Intralox plastic conveyor belt,3,Wear,3.0,8143.41,2.0,1628.682,814.341,0.1611463752225682,29.75425108667875,A,0.0016114637522256,0.2975425108667875,3.0,1.5,2.0,2.0,Geselecteerd,KETTINTS400ARB,5754.68,Custom approved,"Intralox, L.L.C. Europe",300-Chain," 2.877,34",0 dagen,10.0,1.0,2023-12-05,
MOTSINDMKD071B#A,Servo motor,2,Critical,20.0,82831.74,12.0,16566.348,1380.529,0.273186839714121,16.16487971343082,A,0.0027318683971412,0.1616487971343082,20.0,1.666666666666667,4.0,12.0,Uitgeschakeld,MOTSINDMKD071B#A,5859.16,Custom approved,Bosch Rexroth B.V.,310-Electric motor,2929.58,45 dagen,10.0,1.0,2026-05-21,
000681352,Vacuum pump,1,Critical,3.0,15552.4,2.0,3110.48,1555.24,0.3077596346016559,13.51777885456172,A,0.0030775963460165,0.1351777885456172,3.0,1.5,2.0,2.0,Uitgeschakeld,000681352,6120.0,Standard Approved,Busch B.V.,560-Vacuum component," 2.965,00",0 dagen,10.0,0.0,2025-09-24,
SCHN_LMC402CAA100,Pac Drive LMC402 C,Onbekend,Onbekend,1.0,4592.24,1.0,918.448,918.448,0.181747653661571,26.67485074937109,A,0.0018174765366157,0.2667485074937109,1.0,1.0,1.0,1.0,Uitgeschakeld,SCHN_LMC402CAA100,6342.74,Custom approved,Schneider Electric The Netherlands B.V.,610-Motor control," 3.171,37",0 dagen,10.0,1.0,2025-02-19,
000781706,Stack Probobe Hygienic End,Onbekend,Onbekend,1.0,5617.35,1.0,1123.47,1123.47,0.2223185596344759,21.07128413070964,A,0.0022231855963447,0.2107128413070964,1.0,1.0,1.0,1.0,Geselecteerd,000781706,6570.0,Custom Approved,Dukane IAS France,"899-OEM part, Miscellaneous"," 2.688,33",0 dagen,10.0,0.0,2025-09-29,
000708423,Intralox chain,2,Wear,1.0,9328.91,1.0,1865.782,1865.782,0.3692114313973063,8.513979860738138,A,0.003692114313973,0.0851397986073813,1.0,1.0,1.0,1.0,Uitgeschakeld,000708423,6644.52,Custom Approved,"Intralox, L.L.C. Europe",350-Conveyor," 3.322,26",0 dagen,7.0,0.0,2024-11-12,
000664039,Modular belt,3,Wear,1.0,5848.13,1.0,1169.626,1169.626,0.23145216839883,20.84896557107516,A,0.0023145216839883,0.2084896557107516,1.0,1.0,1.0,1.0,Uitgeschakeld,000664039,6935.28,Custom Approved,Habasit Netherlands B.V.,350-Conveyor," 1.874,40",0 dagen,7.0,0.0,2024-09-13,
REX_CML75.1-3P-905,IndraControl MLC CML75,1,Critical,8.0,41679.77,7.0,8335.954,1190.850571428571,0.2356522059155052,20.15140727651635,A,0.002356522059155,0.2015140727651635,8.0,1.142857142857143,2.0,7.0,Uitgeschakeld,REX_CML75.1-3P-905,7103.58,Standard Approved,Bosch Rexroth B.V.,610-Motor control,3551.79,25 dagen,10.0,0.0,2026-02-09,
AB_2711PT12W22D9P,12-inch PanelView+ 7-Performance,1,Critical,4.0,27923.76,4.0,5584.752,1396.188,0.2762855306674319,15.89169287371669,A,0.0027628553066743,0.158916928737167,4.0,1.0,1.0,4.0,Uitgeschakeld,AB_2711PT12W22D9P,8095.32,Standard approved,Routeco B.V.,"699-Electro part, Miscellaneous"," 4.116,41",0 dagen,10.0,1.0,2024-03-29,
000822107,Conveyor belt,3,Wear,1.0,8240.64,1.0,1648.128,1648.128,0.3261408342485776,11.62767559027237,A,0.0032614083424857,0.1162767559027237,1.0,1.0,1.0,1.0,Uitgeschakeld,000822107,8240.64,Custom Approved,Habasit Netherlands B.V.,350-Conveyor," 2.180,61",0 dagen,7.0,0.0,2026-04-22,
AB_2711PT12W22D9P-BSHK,12-inch PanelView+ 7-Performance (SST),1,Critical,1.0,8093.25,1.0,1618.65,1618.65,0.3203075618862493,11.94798315215862,A,0.0032030756188624,0.1194798315215862,1.0,1.0,1.0,1.0,Uitgeschakeld,AB_2711PT12W22D9P-BSHK,8992.5,Custom Approved,Routeco B.V.,"699-Electro part, Miscellaneous"," 4.572,63",0 dagen,10.0,0.0,2026-01-30,
000515682,Vacuum pump,1,Critical,2.0,18530.82,2.0,3706.164,1853.082,0.3666982839991935,8.880678144737331,A,0.0036669828399919,0.0888067814473733,2.0,1.0,1.0,2.0,Uitgeschakeld,000515682,9200.0,Custom Approved,Busch B.V.,560-Vacuum component," 4.475,00",0 dagen,10.0,0.0,2023-02-17,
000434988,Vacuum pump,1,Critical,3.0,23628.22,3.0,4725.644,1575.214666666667,0.3117123339372075,13.21001921996006,A,0.003117123339372,0.1321001921996006,3.0,1.0,1.0,3.0,Uitgeschakeld,000434988,9826.0,Custom Approved,Busch B.V.,560-Vacuum component," 4.913,00",0 dagen,10.0,1.0,2024-08-05,
000470505,Modular belt,3,Wear,1.0,9235.2,1.0,1847.04,1847.04,0.3655026590716819,9.246180803809011,A,0.0036550265907168,0.0924618080380901,1.0,1.0,1.0,1.0,Uitgeschakeld,000470505,10952.0,Standard Approved,Habasit Netherlands B.V.,350-Conveyor," 2.960,00",0 dagen,10.0,0.0,2023-05-08,
000588836,Modular belt,3,Wear,2.0,15306.97,2.0,3061.394,1530.697,0.3029029277833973,14.43050227544712,A,0.0030290292778339,0.1443050227544712,2.0,1.0,1.0,2.0,Uitgeschakeld,000588836,11296.47,Custom Approved,Habasit Netherlands B.V.,350-Conveyor," 3.108,88",0 dagen,10.0,0.0,2024-12-20,
000727180,Modular belt,3,Wear,1.0,5415.81,1.0,1083.162,1083.162,0.2143421859869852,22.37971705507831,A,0.0021434218598698,0.223797170550783,1.0,1.0,1.0,1.0,Uitgeschakeld,000727180,11333.99,Custom Approved,Habasit Netherlands B.V.,350-Conveyor," 3.063,00",0 dagen,7.0,0.0,2025-01-17,
CAMISOCOGIS5400C1,Visioncamera Color,1,Critical,1.0,13795.2,1.0,2759.04,2759.04,0.5459743462432504,6.818350389887944,A,0.0054597434624325,0.0681835038988794,1.0,1.0,1.0,1.0,Geselecteerd,CAMISOCOGIS5400C1,12004.2,Custom approved,Isotron Systems B.V.,"699-Electro part, Miscellaneous"," 6.002,10",25 dagen,10.0,1.0,2023-08-30,
000325690,"Vision, camera",1,Critical,3.0,34279.75999999999,3.0,6855.951999999999,2285.317333333333,0.4522314417424302,7.751525768020152,A,0.0045223144174243,0.0775152576802015,3.0,1.0,1.0,3.0,Uitgeschakeld,000325690,13340.0,Standard Approved,Isotron Systems B.V.,660-Sensor and lighting," 6.670,00",30 dagen,10.0,1.0,2024-08-05,
,,,,,,,,,,,,,,,,,,,,,,,,,,,,,
,,,,,,,,,,,,,,,,,,,,,,,,,,,,,
,,,,,,,,,,,,,,,,,,,,,,,,,,,,,
,,,,,,,,,,,,,,,,,,,,,,,,,,,,,
,,,,,,,,,,,,,,,,,,,,,,,,,,,,,
,,,,,,,,,,,,,,,,,,,,,,,,,,,,,
,,,,,,,,,,,,,,,,,,,,,,,,,,,,,
,,,,,,,,,,,,,,,,,,,,,,,,,,,,,
,000271315,,,,,,,,,,,,,,,,,,,,,,,,,,,,
,000271316,,,,,,,,,,,,,,,,,,,,,,,,,,,,
,000283849,,,,,,,,,,,,,,,,,,,,,,,,,,,,
,000283850,,,,,,,,,,,,,,,,,,,,,,,,,,,,
,000332792,,,,,,,,,,,,,,,,,,,,,,,,,,,,
,000348761,,,,,,,,,,,,,,,,,,,,,,,,,,,,
,000361279,,,,,,,,,,,,,,,,,,,,,,,,,,,,
,000377208,,,,,,,,,,,,,,,,,,,,,,,,,,,,
,000464998,,,,,,,,,,,,,,,,,,,,,,,,,,,,
,000523087,,,,,,,,,,,,,,,,,,,,,,,,,,,,
,000539962,,,,,,,,,,,,,,,,,,,,,,,,,,,,
,000548818,,,,,,,,,,,,,,,,,,,,,,,,,,,,
,000548820,,,,,,,,,,,,,,,,,,,,,,,,,,,,
,000548992,,,,,,,,,,,,,,,,,,,,,,,,,,,,
,000550111,,,,,,,,,,,,,,,,,,,,,,,,,,,,
,000550113,,,,,,,,,,,,,,,,,,,,,,,,,,,,
,000591867,,,,,,,,,,,,,,,,,,,,,,,,,,,,
,000593729,,,,,,,,,,,,,,,,,,,,,,,,,,,,
,000593746,,,,,,,,,,,,,,,,,,,,,,,,,,,,
,000603975,,,,,,,,,,,,,,,,,,,,,,,,,,,,
,000608495,,,,,,,,,,,,,,,,,,,,,,,,,,,,
,000678348,,,,,,,,,,,,,,,,,,,,,,,,,,,,
,000691131,,,,,,,,,,,,,,,,,,,,,,,,,,,,
,000715081,,,,,,,,,,,,,,,,,,,,,,,,,,,,
,BECK_CP2913-0000,,,,,,,,,,,,,,,,,,,,,,,,,,,,
,BECK_CP2916-0000,,,,,,,,,,,,,,,,,,,,,,,,,,,,
,BECK_CP6706-COM-1,,,,,,,,,,,,,,,,,,,,,,,,,,,,
,BECK_CX5130-COM-1,,,,,,,,,,,,,,,,,,,,,,,,,,,,
,BECK_CX5140-0125,,,,,,,,,,,,,,,,,,,,,,,,,,,,
,BECK_CX5140-COM-1,,,,,,,,,,,,,,,,,,,,,,,,,,,,
,CILDFES50500NCI,,,,,,,,,,,,,,,,,,,,,,,,,,,,
,CILDNORM6028690,,,,,,,,,,,,,,,,,,,,,,,,,,,,
,MOTOADJU-00000040,,,,,,,,,,,,,,,,,,,,,,,,,,,,
,MOTODRUM-00000002,,,,,,,,,,,,,,,,,,,,,,,,,,,,
,MOTODRUM-00000005,,,,,,,,,,,,,,,,,,,,,,,,,,,,
,MOTODRUM-00000008,,,,,,,,,,,,,,,,,,,,,,,,,,,,
,MOTODRUM-00000017,,,,,,,,,,,,,,,,,,,,,,,,,,,,
,MOTODRUM-00000022,,,,,,,,,,,,,,,,,,,,,,,,,,,,
,MOTODRUM-00000034,,,,,,,,,,,,,,,,,,,,,,,,,,,,
,MOTODRUM-00000095,,,,,,,,,,,,,,,,,,,,,,,,,,,,
,MOTOGEAR-00000089,,,,,,,,,,,,,,,,,,,,,,,,,,,,
,MOTOSERV-00000001,,,,,,,,,,,,,,,,,,,,,,,,,,,,
,MOTOSERV-00000002,,,,,,,,,,,,,,,,,,,,,,,,,,,,
,MOTSBERVRDM3913#A,,,,,,,,,,,,,,,,,,,,,,,,,,,,
,MOTSINDMKD041B#A,,,,,,,,,,,,,,,,,,,,,,,,,,,,
,MOTSINDMKD071B#A,,,,,,,,,,,,,,,,,,,,,,,,,,,,
,PEN_761000-PMD0,,,,,,,,,,,,,,,,,,,,,,,,,,,,
,PISTHOTM-00000003,,,,,,,,,,,,,,,,,,,,,,,,,,,,
,REDUAPE060#C-FG,,,,,,,,,,,,,,,,,,,,,,,,,,,,
,REDUAPE075#A-FG,,,,,,,,,,,,,,,,,,,,,,,,,,,,
,REDUAPE090#A,,,,,,,,,,,,,,,,,,,,,,,,,,,,
,REDUAPE100#A,,,,,,,,,,,,,,,,,,,,,,,,,,,,
,REDUAPE100#B-FG,,,,,,,,,,,,,,,,,,,,,,,,,,,,
,REDUAPEAE090#A-FG,,,,,,,,,,,,,,,,,,,,,,,,,,,,
,REDUAPEAE090#D-FG,,,,,,,,,,,,,,,,,,,,,,,,,,,,
,REDUPLAN-00000005,,,,,,,,,,,,,,,,,,,,,,,,,,,,
,REDUPLAN-00000006,,,,,,,,,,,,,,,,,,,,,,,,,,,,
,REDUPLAN-00000008,,,,,,,,,,,,,,,,,,,,,,,,,,,,
,REDUPLAN-00000014,,,,,,,,,,,,,,,,,,,,,,,,,,,,
,REDUPLAN-00000025,,,,,,,,,,,,,,,,,,,,,,,,,,,,
,REDUPLAN-00000041,,,,,,,,,,,,,,,,,,,,,,,,,,,,
,REX_CML75.1-3P-905,,,,,,,,,,,,,,,,,,,,,,,,,,,,
,SIE_6AV2124-0MC01,,,,,,,,,,,,,,,,,,,,,,,,,,,,
,SIE_6AV7862-2BC00-0AA0,,,,,,,,,,,,,,,,,,,,,,,,,,,,
,SIE_7MH4960-2AA0,,,,,,,,,,,,,,,,,,,,,,,,,,,,
,SIG_MDP 101-1,,,,,,,,,,,,,,,,,,,,,,,,,,,,
,SIG_MDP2200-HHH-03,,,,,,,,,,,,,,,,,,,,,,,,,,,,
